CA Lynn,16,2017,Australia,Pakistan
SPD Smith,0,2017,Australia,Pakistan
GJ Maxwell,60,2017,Australia,Pakistan
MS Wade,100,2017,Australia,Pakistan
TM Head,39,2017,Australia,Pakistan
MA Starc,10,2017,Australia,Pakistan
DA Warner,7,2017,Australia,Pakistan
JP Faulkner,5,2017,Australia,Pakistan
TM Head,29,2017,Australia,Pakistan
MR Marsh,0,2017,Australia,Pakistan
UT Khawaja,17,2017,Australia,Pakistan
SPD Smith,60,2017,Australia,Pakistan
DA Warner,16,2017,Australia,Pakistan
JR Hazlewood,0,2017,Australia,Pakistan
MA Starc,3,2017,Australia,Pakistan
GJ Maxwell,23,2017,Australia,Pakistan
MS Wade,35,2017,Australia,Pakistan
JP Faulkner,19,2017,Australia,Pakistan
TM Head,23,2017,Australia,Pakistan
PSP Handscomb,82,2017,Australia,Pakistan
UT Khawaja,9,2017,Australia,Pakistan
SPD Smith,108,2017,Australia,Pakistan
DA Warner,35,2017,Australia,Pakistan
TM Head,51,2017,Australia,Pakistan
UT Khawaja,30,2017,Australia,Pakistan
SPD Smith,49,2017,Australia,Pakistan
DA Warner,130,2017,Australia,Pakistan
GJ Maxwell,78,2017,Australia,Pakistan
MS Wade,5,2017,Australia,Pakistan
TM Head,128,2017,Australia,Pakistan
PSP Handscomb,1,2017,Australia,Pakistan
SPD Smith,4,2017,Australia,Pakistan
MA Starc,6,2017,Australia,Pakistan
DA Warner,179,2017,Australia,Pakistan
GJ Maxwell,13,2017,Australia,Pakistan
MS Wade,8,2017,Australia,Pakistan
JP Faulkner,18,2017,Australia,Pakistan
TM Head,52,2016,Australia,New Zealand
A Zampa,2,2016,Australia,New Zealand
MR Marsh,1,2016,Australia,New Zealand
SPD Smith,164,2016,Australia,New Zealand
GJ Bailey,17,2016,Australia,New Zealand
AJ Finch,0,2016,Australia,New Zealand
DA Warner,24,2016,Australia,New Zealand
MA Starc,11,2016,Australia,New Zealand
MS Wade,38,2016,Australia,New Zealand
TM Head,57,2016,Australia,New Zealand
MR Marsh,76,2016,Australia,New Zealand
SPD Smith,72,2016,Australia,New Zealand
MS Wade,11,2016,Australia,New Zealand
GJ Bailey,0,2016,Australia,New Zealand
AJ Finch,19,2016,Australia,New Zealand
DA Warner,119,2016,Australia,New Zealand
TM Head,37,2016,Australia,New Zealand
MR Marsh,0,2016,Australia,New Zealand
SPD Smith,0,2016,Australia,New Zealand
GJ Bailey,23,2016,Australia,New Zealand
AJ Finch,3,2016,Australia,New Zealand
DA Warner,156,2016,Australia,New Zealand
MS Wade,14,2016,Australia,New Zealand
JP Faulkner,13,2016,Australia,New Zealand
PSP Handscomb,7,2017,Australia,New Zealand
TM Head,5,2017,Australia,New Zealand
JP Faulkner,25,2017,Australia,New Zealand
SE Marsh,16,2017,Australia,New Zealand
MP Stoinis,146,2017,Australia,New Zealand
MA Starc,3,2017,Australia,New Zealand
AJ Finch,4,2017,Australia,New Zealand
SD Heazlett,4,2017,Australia,New Zealand
GJ Maxwell,20,2017,Australia,New Zealand
PSP Handscomb,0,2017,Australia,New Zealand
JR Hazlewood,4,2017,Australia,New Zealand
A Zampa,1,2017,Australia,New Zealand
AJ Finch,56,2017,Australia,New Zealand
JP Faulkner,0,2017,Australia,New Zealand
TM Head,53,2017,Australia,New Zealand
SE Marsh,22,2017,Australia,New Zealand
MP Stoinis,42,2017,Australia,New Zealand
MA Starc,29,2017,Australia,New Zealand
GJ Maxwell,0,2017,Australia,New Zealand
A Symonds,9,2006,Australia,South Africa
DR Martyn,12,2006,Australia,South Africa
GD McGrath,0,2006,Australia,South Africa
AC Gilchrist,0,2006,Australia,South Africa
B Lee,57,2006,Australia,South Africa
SM Katich,0,2006,Australia,South Africa
MEK Hussey,73,2006,Australia,South Africa
MJ Clarke,8,2006,Australia,South Africa
RT Ponting,33,2006,Australia,South Africa
A Symonds,7,2006,Australia,South Africa
BJ Haddin,1,2006,Australia,South Africa
DR Martyn,11,2006,Australia,South Africa
PA Jaques,94,2006,Australia,South Africa
GD McGrath,2,2006,Australia,South Africa
B Lee,6,2006,Australia,South Africa
MJ Clarke,34,2006,Australia,South Africa
RT Ponting,9,2006,Australia,South Africa
BR Dorey,2,2006,Australia,South Africa
JR Hopes,38,2006,Australia,South Africa
MEK Hussey,18,2006,Australia,South Africa
A Symonds,65,2006,Australia,South Africa
DR Martyn,34,2006,Australia,South Africa
AC Gilchrist,33,2006,Australia,South Africa
B Lee,0,2006,Australia,South Africa
SM Katich,25,2006,Australia,South Africa
MEK Hussey,62,2006,Australia,South Africa
MJ Clarke,1,2006,Australia,South Africa
RT Ponting,53,2006,Australia,South Africa
A Symonds,7,2006,Australia,South Africa
AC Gilchrist,88,2006,Australia,South Africa
DR Martyn,79,2006,Australia,South Africa
SM Katich,11,2006,Australia,South Africa
MEK Hussey,47,2006,Australia,South Africa
MJ Clarke,27,2006,Australia,South Africa
RT Ponting,72,2006,Australia,South Africa
MJ Clarke,67,2006,Australia,Sri Lanka
DR Martyn,8,2006,Australia,Sri Lanka
A Symonds,31,2006,Australia,Sri Lanka
GB Hogg,22,2006,Australia,Sri Lanka
B Lee,3,2006,Australia,Sri Lanka
SM Katich,19,2006,Australia,Sri Lanka
JR Hopes,43,2006,Australia,Sri Lanka
MEK Hussey,0,2006,Australia,Sri Lanka
RT Ponting,13,2006,Australia,Sri Lanka
BJ Haddin,41,2006,Australia,Sri Lanka
A Symonds,32,2006,Australia,Sri Lanka
SM Katich,52,2006,Australia,Sri Lanka
AC Gilchrist,34,2006,Australia,Sri Lanka
MJ Clarke,16,2006,Australia,Sri Lanka
BJ Hodge,5,2006,Australia,Sri Lanka
MEK Hussey,25,2006,Australia,Sri Lanka
DR Martyn,46,2006,Australia,Sri Lanka
A Symonds,5,2006,Australia,Sri Lanka
SM Katich,82,2006,Australia,Sri Lanka
DR Martyn,13,2006,Australia,Sri Lanka
AC Gilchrist,116,2006,Australia,Sri Lanka
MJ Clarke,9,2006,Australia,Sri Lanka
BJ Hodge,2,2006,Australia,Sri Lanka
A Symonds,16,2006,Australia,Sri Lanka
DR Martyn,1,2006,Australia,Sri Lanka
GB Hogg,1,2006,Australia,Sri Lanka
AC Gilchrist,26,2006,Australia,Sri Lanka
B Lee,19,2006,Australia,Sri Lanka
SM Katich,56,2006,Australia,Sri Lanka
JR Hopes,3,2006,Australia,Sri Lanka
MEK Hussey,16,2006,Australia,Sri Lanka
MJ Clarke,80,2006,Australia,Sri Lanka
A Symonds,151,2006,Australia,Sri Lanka
DR Martyn,8,2006,Australia,Sri Lanka
AC Gilchrist,0,2006,Australia,Sri Lanka
SM Katich,1,2006,Australia,Sri Lanka
MEK Hussey,23,2006,Australia,Sri Lanka
MJ Clarke,54,2006,Australia,Sri Lanka
RT Ponting,124,2006,Australia,Sri Lanka
SM Katich,107,2006,Australia,Sri Lanka
AC Gilchrist,122,2006,Australia,Sri Lanka
RT Ponting,28,2006,Australia,Sri Lanka
A Symonds,0,2006,Australia,Bangladesh
AC Gilchrist,76,2006,Australia,Bangladesh
B Lee,12,2006,Australia,Bangladesh
MEK Hussey,36,2006,Australia,Bangladesh
SM Katich,18,2006,Australia,Bangladesh
RT Ponting,14,2006,Australia,Bangladesh
MJ Clarke,16,2006,Australia,Bangladesh
GB Hogg,7,2006,Australia,Bangladesh
A Symonds,103,2006,Australia,Bangladesh
AC Gilchrist,32,2006,Australia,Bangladesh
RT Ponting,5,2006,Australia,Bangladesh
SM Katich,26,2006,Australia,Bangladesh
MEK Hussey,18,2006,Australia,Bangladesh
MJ Clarke,54,2006,Australia,Bangladesh
MJ Cosgrove,74,2006,Australia,Bangladesh
SM Katich,42,2006,Australia,Bangladesh
GB Hogg,4,2006,Australia,Bangladesh
DR Martyn,1,2006,Australia,South Africa
AC Gilchrist,14,2006,Australia,South Africa
B Lee,38,2006,Australia,South Africa
SM Katich,2,2006,Australia,South Africa
SR Watson,22,2006,Australia,South Africa
MEK Hussey,56,2006,Australia,South Africa
MJ Clarke,53,2006,Australia,South Africa
GB Hogg,13,2006,Australia,South Africa
AC Gilchrist,1,2006,Australia,South Africa
GB Hogg,6,2006,Australia,South Africa
DR Martyn,4,2006,Australia,South Africa
PA Jaques,0,2006,Australia,South Africa
B Lee,1,2006,Australia,South Africa
SM Katich,16,2006,Australia,South Africa
SR Watson,27,2006,Australia,South Africa
MJ Clarke,1,2006,Australia,South Africa
MEK Hussey,22,2006,Australia,South Africa
DR Martyn,51,2006,Australia,South Africa
AC Gilchrist,25,2006,Australia,South Africa
B Lee,6,2006,Australia,South Africa
SM Katich,49,2006,Australia,South Africa
SR Watson,4,2006,Australia,South Africa
MEK Hussey,22,2006,Australia,South Africa
MJ Clarke,25,2006,Australia,South Africa
RT Ponting,62,2006,Australia,South Africa
A Symonds,76,2006,Australia,South Africa
DR Martyn,1,2006,Australia,South Africa
AC Gilchrist,45,2006,Australia,South Africa
B Lee,6,2006,Australia,South Africa
SM Katich,46,2006,Australia,South Africa
MJ Clarke,7,2006,Australia,South Africa
RT Ponting,7,2006,Australia,South Africa
MEK Hussey,19,2006,Australia,South Africa
ML Lewis,4,2006,Australia,South Africa
A Symonds,27,2006,Australia,South Africa
AC Gilchrist,55,2006,Australia,South Africa
B Lee,9,2006,Australia,South Africa
SM Katich,79,2006,Australia,South Africa
MEK Hussey,81,2006,Australia,South Africa
RT Ponting,164,2006,Australia,South Africa
AC Gilchrist,46,2007,Australia,Scotland
BJ Hodge,29,2007,Australia,Scotland
ML Hayden,60,2007,Australia,Scotland
SR Watson,18,2007,Australia,Scotland
MEK Hussey,4,2007,Australia,Scotland
MJ Clarke,15,2007,Australia,Scotland
RT Ponting,113,2007,Australia,Scotland
GB Hogg,40,2007,Australia,Scotland
AC Gilchrist,57,2007,Australia,Netherlands
ML Hayden,29,2007,Australia,Netherlands
SR Watson,12,2007,Australia,Netherlands
BJ Hodge,123,2007,Australia,Netherlands
MEK Hussey,2,2007,Australia,Netherlands
MJ Clarke,93,2007,Australia,Netherlands
RT Ponting,23,2007,Australia,Netherlands
A Symonds,18,2007,Australia,South Africa
AC Gilchrist,42,2007,Australia,South Africa
ML Hayden,101,2007,Australia,South Africa
SR Watson,14,2007,Australia,South Africa
MEK Hussey,5,2007,Australia,South Africa
MJ Clarke,92,2007,Australia,South Africa
RT Ponting,91,2007,Australia,South Africa
A Symonds,13,2007,Australia,West Indies
AC Gilchrist,7,2007,Australia,West Indies
ML Hayden,158,2007,Australia,West Indies
SR Watson,33,2007,Australia,West Indies
MEK Hussey,9,2007,Australia,West Indies
MJ Clarke,41,2007,Australia,West Indies
RT Ponting,35,2007,Australia,West Indies
GB Hogg,5,2007,Australia,West Indies
AC Gilchrist,59,2007,Australia,Bangladesh
ML Hayden,47,2007,Australia,Bangladesh
A Symonds,28,2007,Australia,England
AC Gilchrist,27,2007,Australia,England
ML Hayden,41,2007,Australia,England
RT Ponting,86,2007,Australia,England
MJ Clarke,55,2007,Australia,England
AC Gilchrist,34,2007,Australia,Ireland
A Symonds,15,2007,Australia,Ireland
MEK Hussey,30,2007,Australia,Ireland
MJ Clarke,23,2007,Australia,Sri Lanka
A Symonds,63,2007,Australia,Sri Lanka
AC Gilchrist,30,2007,Australia,Sri Lanka
ML Hayden,41,2007,Australia,Sri Lanka
RT Ponting,66,2007,Australia,Sri Lanka
A Symonds,11,2007,Australia,New Zealand
AC Gilchrist,1,2007,Australia,New Zealand
ML Hayden,103,2007,Australia,New Zealand
SR Watson,65,2007,Australia,New Zealand
MEK Hussey,37,2007,Australia,New Zealand
MJ Clarke,49,2007,Australia,New Zealand
RT Ponting,66,2007,Australia,New Zealand
AC Gilchrist,1,2007,Australia,South Africa
ML Hayden,41,2007,Australia,South Africa
A Symonds,18,2007,Australia,South Africa
MJ Clarke,60,2007,Australia,South Africa
RT Ponting,22,2007,Australia,South Africa
A Symonds,23,2007,Australia,Sri Lanka
AC Gilchrist,149,2007,Australia,Sri Lanka
ML Hayden,38,2007,Australia,Sri Lanka
SR Watson,3,2007,Australia,Sri Lanka
MJ Clarke,8,2007,Australia,Sri Lanka
RT Ponting,37,2007,Australia,Sri Lanka
A Symonds,69,2007,Australia,New Zealand
MJ Clarke,33,2007,Australia,New Zealand
MG Johnson,2,2007,Australia,New Zealand
AC Gilchrist,61,2007,Australia,New Zealand
CL White,45,2007,Australia,New Zealand
ML Hayden,27,2007,Australia,New Zealand
MEK Hussey,20,2007,Australia,New Zealand
RT Ponting,10,2007,Australia,New Zealand
A Symonds,38,2007,Australia,New Zealand
MJ Clarke,75,2007,Australia,New Zealand
AC Gilchrist,3,2007,Australia,New Zealand
CL White,5,2007,Australia,New Zealand
ML Hayden,0,2007,Australia,New Zealand
B Lee,2,2007,Australia,New Zealand
MEK Hussey,65,2007,Australia,New Zealand
RT Ponting,5,2007,Australia,New Zealand
A Symonds,24,2007,Australia,New Zealand
AC Gilchrist,13,2007,Australia,New Zealand
CL White,20,2007,Australia,New Zealand
ML Hayden,117,2007,Australia,New Zealand
MEK Hussey,29,2007,Australia,New Zealand
MJ Clarke,7,2007,Australia,New Zealand
RT Ponting,111,2007,Australia,New Zealand
MJ Clarke,9,2007,Australia,New Zealand
AC Gilchrist,29,2007,Australia,New Zealand
CL White,1,2007,Australia,New Zealand
ML Hayden,28,2007,Australia,New Zealand
BJ Hodge,99,2007,Australia,New Zealand
MEK Hussey,8,2007,Australia,New Zealand
RT Ponting,104,2007,Australia,New Zealand
MJ Clarke,57,2007,Australia,England
AC Gilchrist,60,2007,Australia,England
ML Hayden,28,2007,Australia,England
RT Ponting,82,2007,Australia,England
AC Gilchrist,8,2007,Australia,England
A Symonds,4,2007,Australia,England
CL White,5,2007,Australia,England
ML Hayden,19,2007,Australia,England
BJ Hodge,0,2007,Australia,England
MEK Hussey,46,2007,Australia,England
MJ Clarke,36,2007,Australia,England
B Lee,20,2007,Australia,England
AC Gilchrist,23,2007,Australia,England
ML Hayden,30,2007,Australia,England
RT Ponting,51,2007,Australia,England
MJ Clarke,18,2007,Australia,England
AC Gilchrist,0,2007,Australia,England
SW Tait,11,2007,Australia,England
A Symonds,39,2007,Australia,England
GD McGrath,1,2007,Australia,England
CL White,13,2007,Australia,England
ML Hayden,51,2007,Australia,England
BJ Hodge,1,2007,Australia,England
MEK Hussey,6,2007,Australia,England
GD McGrath,0,2007,Australia,England
AC Gilchrist,5,2007,Australia,England
ML Hayden,82,2007,Australia,England
B Lee,0,2007,Australia,England
SR Watson,9,2007,Australia,England
BJ Hodge,5,2007,Australia,England
MEK Hussey,17,2007,Australia,England
MJ Clarke,33,2007,Australia,England
RT Ponting,75,2007,Australia,England
GB Hogg,10,2007,Australia,England
MJ Clarke,0,2007,Australia,England
AC Gilchrist,20,2007,Australia,England
SR Watson,37,2007,Australia,England
ML Hayden,5,2007,Australia,England
BJ Hodge,49,2007,Australia,England
MEK Hussey,0,2007,Australia,England
RT Ponting,7,2007,Australia,England
GB Hogg,10,2007,Australia,England
B Lee,10,2007,Australia,England
MJ Clarke,47,2006,Australia,West Indies
GD McGrath,3,2006,Australia,West Indies
DR Martyn,17,2006,Australia,West Indies
AC Gilchrist,92,2006,Australia,West Indies
A Symonds,18,2006,Australia,West Indies
B Lee,0,2006,Australia,West Indies
SR Watson,0,2006,Australia,West Indies
MEK Hussey,13,2006,Australia,West Indies
RT Ponting,1,2006,Australia,West Indies
GB Hogg,10,2006,Australia,West Indies
AC Gilchrist,10,2006,Australia,England
DR Martyn,78,2006,Australia,England
A Symonds,8,2006,Australia,England
SR Watson,21,2006,Australia,England
MEK Hussey,32,2006,Australia,England
RT Ponting,1,2006,Australia,England
A Symonds,20,2006,Australia,India
MJ Clarke,2,2006,Australia,India
DR Martyn,73,2006,Australia,India
AC Gilchrist,23,2006,Australia,India
SR Watson,50,2006,Australia,India
RT Ponting,58,2006,Australia,India
A Symonds,58,2006,Australia,New Zealand
DR Martyn,26,2006,Australia,New Zealand
MG Johnson,3,2006,Australia,New Zealand
AC Gilchrist,3,2006,Australia,New Zealand
B Lee,5,2006,Australia,New Zealand
SR Watson,0,2006,Australia,New Zealand
MEK Hussey,35,2006,Australia,New Zealand
MJ Clarke,14,2006,Australia,New Zealand
RT Ponting,58,2006,Australia,New Zealand
DR Martyn,47,2006,Australia,West Indies
AC Gilchrist,2,2006,Australia,West Indies
SR Watson,57,2006,Australia,West Indies
RT Ponting,0,2006,Australia,West Indies
BJ Haddin,6,2007,Australia,New Zealand
PA Jaques,1,2007,Australia,New Zealand
GD McGrath,5,2007,Australia,New Zealand
CL White,13,2007,Australia,New Zealand
ML Hayden,14,2007,Australia,New Zealand
SR Watson,8,2007,Australia,New Zealand
BJ Hodge,22,2007,Australia,New Zealand
MEK Hussey,42,2007,Australia,New Zealand
MG Johnson,8,2007,Australia,New Zealand
GB Hogg,20,2007,Australia,New Zealand
BJ Haddin,49,2007,Australia,New Zealand
PA Jaques,3,2007,Australia,New Zealand
CL White,42,2007,Australia,New Zealand
ML Hayden,24,2007,Australia,New Zealand
BJ Hodge,97,2007,Australia,New Zealand
MEK Hussey,105,2007,Australia,New Zealand
BJ Haddin,38,2007,Australia,New Zealand
CL White,13,2007,Australia,New Zealand
ML Hayden,181,2007,Australia,New Zealand
SR Watson,68,2007,Australia,New Zealand
BJ Hodge,12,2007,Australia,New Zealand
MEK Hussey,13,2007,Australia,New Zealand
AC Voges,16,2007,Australia,New Zealand
A Symonds,8,2006,Australia,West Indies
BJ Haddin,70,2006,Australia,West Indies
ML Hayden,49,2006,Australia,West Indies
B Lee,1,2006,Australia,West Indies
SM Katich,22,2006,Australia,West Indies
SR Watson,0,2006,Australia,West Indies
MEK Hussey,109,2006,Australia,West Indies
MJ Clarke,1,2006,Australia,West Indies
A Symonds,2,2006,Australia,India
BJ Haddin,46,2006,Australia,India
DR Martyn,19,2006,Australia,India
GD McGrath,0,2006,Australia,India
SM Katich,9,2006,Australia,India
RT Ponting,4,2006,Australia,India
MEK Hussey,13,2006,Australia,India
GB Hogg,38,2006,Australia,India
ML Hayden,54,2006,Australia,India
B Lee,7,2006,Australia,India
A Symonds,52,2006,Australia,West Indies
BJ Haddin,17,2006,Australia,West Indies
DR Martyn,52,2006,Australia,West Indies
SM Katich,25,2006,Australia,West Indies
SR Watson,18,2006,Australia,West Indies
MEK Hussey,30,2006,Australia,West Indies
MJ Clarke,23,2006,Australia,West Indies
RT Ponting,6,2006,Australia,West Indies
AC Gilchrist,51,2007,Australia,New Zealand
ML Hayden,17,2007,Australia,New Zealand
A Symonds,28,2007,Australia,New Zealand
RT Ponting,107,2007,Australia,New Zealand
MJ Clarke,48,2007,Australia,New Zealand
A Symonds,52,2007,Australia,New Zealand
MJ Clarke,7,2007,Australia,New Zealand
BJ Haddin,26,2007,Australia,New Zealand
ML Hayden,29,2007,Australia,New Zealand
JR Hopes,20,2007,Australia,New Zealand
MEK Hussey,9,2007,Australia,New Zealand
RT Ponting,134,2007,Australia,New Zealand
A Symonds,12,2008,Australia,Sri Lanka
AC Gilchrist,61,2008,Australia,Sri Lanka
ML Hayden,42,2008,Australia,Sri Lanka
B Lee,0,2008,Australia,Sri Lanka
JR Hopes,34,2008,Australia,Sri Lanka
MEK Hussey,10,2008,Australia,Sri Lanka
MJ Clarke,77,2008,Australia,Sri Lanka
RT Ponting,9,2008,Australia,Sri Lanka
A Symonds,14,2008,Australia,India
BJ Haddin,5,2008,Australia,India
MG Johnson,3,2008,Australia,India
AC Gilchrist,0,2008,Australia,India
ML Hayden,25,2008,Australia,India
B Lee,10,2008,Australia,India
MEK Hussey,65,2008,Australia,India
MJ Clarke,11,2008,Australia,India
RT Ponting,9,2008,Australia,India
A Symonds,4,2008,Australia,Sri Lanka
MG Johnson,0,2008,Australia,Sri Lanka
AC Gilchrist,118,2008,Australia,Sri Lanka
ML Hayden,4,2008,Australia,Sri Lanka
B Lee,2,2008,Australia,Sri Lanka
JR Hopes,2,2008,Australia,Sri Lanka
MEK Hussey,25,2008,Australia,Sri Lanka
MJ Clarke,43,2008,Australia,Sri Lanka
RT Ponting,25,2008,Australia,Sri Lanka
GB Hogg,5,2008,Australia,Sri Lanka
A Symonds,3,2008,Australia,India
AC Gilchrist,15,2008,Australia,India
GB Hogg,32,2008,Australia,India
RT Ponting,10,2008,Australia,India
MJ Clarke,79,2008,Australia,India
MG Johnson,9,2008,Australia,India
ML Hayden,13,2008,Australia,India
JR Hopes,19,2008,Australia,India
MEK Hussey,5,2008,Australia,India
A Symonds,4,2008,Australia,Sri Lanka
MG Johnson,6,2008,Australia,Sri Lanka
AC Gilchrist,6,2008,Australia,Sri Lanka
ML Hayden,23,2008,Australia,Sri Lanka
JR Hopes,11,2008,Australia,Sri Lanka
MEK Hussey,64,2008,Australia,Sri Lanka
MJ Clarke,50,2008,Australia,Sri Lanka
RT Ponting,11,2008,Australia,Sri Lanka
GB Hogg,4,2008,Australia,Sri Lanka
A Symonds,59,2008,Australia,India
MJ Clarke,31,2008,Australia,India
AC Gilchrist,16,2008,Australia,India
ML Hayden,54,2008,Australia,India
JR Hopes,4,2008,Australia,India
MEK Hussey,15,2008,Australia,India
RT Ponting,124,2008,Australia,India
A Symonds,0,2008,Australia,Sri Lanka
BJ Haddin,7,2008,Australia,Sri Lanka
AC Gilchrist,83,2008,Australia,Sri Lanka
B Lee,37,2008,Australia,Sri Lanka
GB Hogg,21,2008,Australia,Sri Lanka
MJ Clarke,0,2008,Australia,Sri Lanka
RT Ponting,1,2008,Australia,Sri Lanka
MG Johnson,3,2008,Australia,Sri Lanka
JR Hopes,28,2008,Australia,Sri Lanka
MEK Hussey,5,2008,Australia,Sri Lanka
A Symonds,31,2008,Australia,India
MG Johnson,6,2008,Australia,India
AC Gilchrist,7,2008,Australia,India
ML Hayden,82,2008,Australia,India
B Lee,17,2008,Australia,India
JR Hopes,15,2008,Australia,India
MEK Hussey,45,2008,Australia,India
MJ Clarke,4,2008,Australia,India
RT Ponting,1,2008,Australia,India
GB Hogg,23,2008,Australia,India
MJ Clarke,17,2008,Australia,India
A Symonds,42,2008,Australia,India
MG Johnson,8,2008,Australia,India
AC Gilchrist,2,2008,Australia,India
ML Hayden,55,2008,Australia,India
B Lee,7,2008,Australia,India
JR Hopes,63,2008,Australia,India
MEK Hussey,44,2008,Australia,India
RT Ponting,1,2008,Australia,India
A Symonds,87,2007,Australia,India
BJ Haddin,87,2007,Australia,India
AC Gilchrist,0,2007,Australia,India
ML Hayden,75,2007,Australia,India
B Lee,2,2007,Australia,India
BJ Hodge,3,2007,Australia,India
JR Hopes,4,2007,Australia,India
MJ Clarke,27,2007,Australia,India
A Symonds,89,2007,Australia,India
MJ Clarke,59,2007,Australia,India
AC Gilchrist,29,2007,Australia,India
ML Hayden,60,2007,Australia,India
BJ Hodge,3,2007,Australia,India
JR Hopes,11,2007,Australia,India
RT Ponting,25,2007,Australia,India
A Symonds,75,2007,Australia,India
AC Gilchrist,18,2007,Australia,India
ML Hayden,92,2007,Australia,India
JR Hopes,23,2007,Australia,India
BJ Hodge,17,2007,Australia,India
GB Hogg,0,2007,Australia,India
MJ Clarke,6,2007,Australia,India
RT Ponting,29,2007,Australia,India
B Lee,5,2007,Australia,India
AC Gilchrist,79,2007,Australia,India
ML Hayden,29,2007,Australia,India
RT Ponting,39,2007,Australia,India
A Symonds,107,2007,Australia,India
MJ Clarke,0,2007,Australia,India
BJ Haddin,25,2007,Australia,India
MG Johnson,1,2007,Australia,India
AC Gilchrist,51,2007,Australia,India
B Lee,17,2007,Australia,India
BJ Hodge,20,2007,Australia,India
JR Hopes,39,2007,Australia,India
RT Ponting,49,2007,Australia,India
A Symonds,0,2007,Australia,India
BJ Haddin,19,2007,Australia,India
MG Johnson,24,2007,Australia,India
AC Gilchrist,19,2007,Australia,India
B Lee,0,2007,Australia,India
BJ Hodge,16,2007,Australia,India
JR Hopes,22,2007,Australia,India
GB Hogg,0,2007,Australia,India
MJ Clarke,0,2007,Australia,India
RT Ponting,57,2007,Australia,India
BJ Haddin,50,2008,Australia,West Indies
SE Marsh,81,2008,Australia,West Indies
MG Johnson,3,2008,Australia,West Indies
CL White,8,2008,Australia,West Indies
B Lee,12,2008,Australia,West Indies
SR Watson,31,2008,Australia,West Indies
JR Hopes,9,2008,Australia,West Indies
MEK Hussey,44,2008,Australia,West Indies
MJ Clarke,9,2008,Australia,West Indies
RT Ponting,5,2008,Australia,West Indies
SE Marsh,12,2008,Australia,West Indies
CL White,40,2008,Australia,West Indies
SR Watson,0,2008,Australia,West Indies
JR Hopes,17,2008,Australia,West Indies
MEK Hussey,62,2008,Australia,West Indies
MJ Clarke,56,2008,Australia,West Indies
RT Ponting,13,2008,Australia,West Indies
A Symonds,8,2008,Australia,West Indies
SR Watson,126,2008,Australia,West Indies
SE Marsh,0,2008,Australia,West Indies
MJ Clarke,11,2008,Australia,West Indies
RT Ponting,69,2008,Australia,West Indies
A Symonds,87,2008,Australia,West Indies
JR Hopes,0,2008,Australia,West Indies
SE Marsh,16,2008,Australia,West Indies
DJ Hussey,50,2008,Australia,West Indies
B Lee,7,2008,Australia,West Indies
SR Watson,20,2008,Australia,West Indies
MEK Hussey,37,2008,Australia,West Indies
MJ Clarke,36,2008,Australia,West Indies
MG Johnson,0,2008,Australia,West Indies
A Symonds,66,2008,Australia,West Indies
JR Hopes,18,2008,Australia,West Indies
SE Marsh,49,2008,Australia,West Indies
DJ Hussey,52,2008,Australia,West Indies
SR Watson,29,2008,Australia,West Indies
MEK Hussey,51,2008,Australia,West Indies
MJ Clarke,5,2008,Australia,West Indies
BJ Haddin,3,2008,Australia,Bangladesh
CL White,9,2008,Australia,Bangladesh
MG Johnson,0,2008,Australia,Bangladesh
SE Marsh,76,2008,Australia,Bangladesh
DJ Hussey,24,2008,Australia,Bangladesh
JR Hopes,22,2008,Australia,Bangladesh
MEK Hussey,85,2008,Australia,Bangladesh
MJ Clarke,14,2008,Australia,Bangladesh
MJ Clarke,1,2008,Australia,Bangladesh
SE Marsh,69,2008,Australia,Bangladesh
SR Watson,29,2008,Australia,Bangladesh
MEK Hussey,8,2008,Australia,Bangladesh
BJ Haddin,16,2008,Australia,Bangladesh
DJ Hussey,11,2008,Australia,Bangladesh
SE Marsh,30,2008,Australia,Bangladesh
CL White,22,2008,Australia,Bangladesh
SR Watson,27,2008,Australia,Bangladesh
MEK Hussey,57,2008,Australia,Bangladesh
MJ Clarke,25,2008,Australia,Bangladesh
CL White,53,2009,Australia,England
CJ Ferguson,71,2009,Australia,England
SR Watson,46,2009,Australia,England
JR Hopes,18,2009,Australia,England
MEK Hussey,20,2009,Australia,England
MJ Clarke,45,2009,Australia,England
TD Paine,0,2009,Australia,England
NM Hauritz,10,2009,Australia,England
MG Johnson,43,2009,Australia,England
CL White,42,2009,Australia,England
B Lee,0,2009,Australia,England
CJ Ferguson,55,2009,Australia,England
SR Watson,34,2009,Australia,England
JR Hopes,11,2009,Australia,England
MEK Hussey,8,2009,Australia,England
MJ Clarke,4,2009,Australia,England
TD Paine,26,2009,Australia,England
CL White,105,2009,Australia,England
CJ Ferguson,20,2009,Australia,England
SR Watson,7,2009,Australia,England
MEK Hussey,8,2009,Australia,England
MJ Clarke,52,2009,Australia,England
TD Paine,29,2009,Australia,England
MJ Clarke,62,2009,Australia,England
RT Ponting,48,2009,Australia,England
CJ Ferguson,23,2009,Australia,England
SR Watson,26,2009,Australia,England
TD Paine,51,2009,Australia,England
MJ Clarke,52,2009,Australia,England
RT Ponting,126,2009,Australia,England
MG Johnson,18,2009,Australia,England
CL White,24,2009,Australia,England
CJ Ferguson,17,2009,Australia,England
SR Watson,36,2009,Australia,England
MEK Hussey,6,2009,Australia,England
TD Paine,16,2009,Australia,England
NM Hauritz,1,2009,Australia,England
PM Siddle,8,2009,Australia,England
CL White,35,2009,Australia,England
B Lee,0,2009,Australia,England
CJ Ferguson,6,2009,Australia,England
RT Ponting,6,2009,Australia,England
SR Watson,4,2009,Australia,England
JR Hopes,38,2009,Australia,England
MEK Hussey,65,2009,Australia,England
TD Paine,111,2009,Australia,England
NM Hauritz,3,2009,Australia,England
TD Paine,4,2009,Australia,England
MG Johnson,10,2009,Australia,England
CL White,1,2009,Australia,England
B Lee,0,2009,Australia,England
SR Watson,0,2009,Australia,England
JR Hopes,11,2009,Australia,England
MEK Hussey,49,2009,Australia,England
MJ Clarke,38,2009,Australia,England
RT Ponting,53,2009,Australia,England
BW Hilfenhaus,2,2009,Australia,England
BJ Haddin,53,2009,Australia,South Africa
NM Hauritz,20,2009,Australia,South Africa
DJ Hussey,18,2009,Australia,South Africa
CJ Ferguson,25,2009,Australia,South Africa
JR Hopes,38,2009,Australia,South Africa
MEK Hussey,83,2009,Australia,South Africa
MJ Clarke,1,2009,Australia,South Africa
RT Ponting,37,2009,Australia,South Africa
MG Johnson,1,2009,Australia,South Africa
BJ Haddin,1,2009,Australia,South Africa
NM Hauritz,10,2009,Australia,South Africa
B Laughlin,1,2009,Australia,South Africa
MG Johnson,30,2009,Australia,South Africa
DJ Hussey,1,2009,Australia,South Africa
CJ Ferguson,50,2009,Australia,South Africa
JR Hopes,8,2009,Australia,South Africa
MEK Hussey,3,2009,Australia,South Africa
MJ Clarke,5,2009,Australia,South Africa
RT Ponting,8,2009,Australia,South Africa
BJ Haddin,15,2009,Australia,South Africa
B Geeves,10,2009,Australia,South Africa
DJ Hussey,20,2009,Australia,South Africa
CJ Ferguson,63,2009,Australia,South Africa
JR Hopes,63,2009,Australia,South Africa
MEK Hussey,1,2009,Australia,South Africa
MJ Clarke,35,2009,Australia,South Africa
RT Ponting,20,2009,Australia,South Africa
MG Johnson,9,2009,Australia,South Africa
SM Harwood,0,2009,Australia,South Africa
BJ Haddin,78,2009,Australia,South Africa
NM Hauritz,3,2009,Australia,South Africa
DJ Hussey,20,2009,Australia,South Africa
CJ Ferguson,3,2009,Australia,South Africa
JR Hopes,31,2009,Australia,South Africa
MEK Hussey,2,2009,Australia,South Africa
MJ Clarke,50,2009,Australia,South Africa
RT Ponting,53,2009,Australia,South Africa
MG Johnson,5,2009,Australia,South Africa
BJ Haddin,62,2009,Australia,South Africa
NM Hauritz,24,2009,Australia,South Africa
DJ Hussey,3,2009,Australia,South Africa
CJ Ferguson,41,2009,Australia,South Africa
JR Hopes,3,2009,Australia,South Africa
MEK Hussey,49,2009,Australia,South Africa
MJ Clarke,66,2009,Australia,South Africa
RT Ponting,40,2009,Australia,South Africa
MG Johnson,2,2009,Australia,South Africa
BJ Haddin,19,2009,Australia,South Africa
SE Marsh,79,2009,Australia,South Africa
DJ Hussey,52,2009,Australia,South Africa
BW Hilfenhaus,1,2009,Australia,South Africa
CL White,21,2009,Australia,South Africa
JR Hopes,2,2009,Australia,South Africa
MEK Hussey,6,2009,Australia,South Africa
MJ Clarke,19,2009,Australia,South Africa
RT Ponting,46,2009,Australia,South Africa
BJ Haddin,23,2009,Australia,South Africa
SE Marsh,78,2009,Australia,South Africa
CL White,1,2009,Australia,South Africa
DJ Hussey,19,2009,Australia,South Africa
DA Warner,5,2009,Australia,South Africa
RJ Harris,7,2009,Australia,South Africa
JR Hopes,8,2009,Australia,South Africa
MEK Hussey,28,2009,Australia,South Africa
RT Ponting,64,2009,Australia,South Africa
BJ Haddin,6,2009,Australia,South Africa
NM Hauritz,7,2009,Australia,South Africa
SE Marsh,43,2009,Australia,South Africa
MG Johnson,10,2009,Australia,South Africa
DJ Hussey,36,2009,Australia,South Africa
SW Tait,0,2009,Australia,South Africa
DA Warner,69,2009,Australia,South Africa
JR Hopes,33,2009,Australia,South Africa
MEK Hussey,12,2009,Australia,South Africa
RT Ponting,29,2009,Australia,South Africa
BJ Haddin,3,2009,Australia,South Africa
SE Marsh,13,2009,Australia,South Africa
DJ Hussey,24,2009,Australia,South Africa
MG Johnson,0,2009,Australia,South Africa
CL White,30,2009,Australia,South Africa
SW Tait,4,2009,Australia,South Africa
DA Warner,1,2009,Australia,South Africa
JR Hopes,42,2009,Australia,South Africa
MEK Hussey,28,2009,Australia,South Africa
RT Ponting,63,2009,Australia,South Africa
BW Hilfenhaus,5,2009,Australia,South Africa
MJ Clarke,0,2009,Australia,South Africa
BJ Haddin,63,2009,Australia,South Africa
MG Johnson,5,2009,Australia,South Africa
DJ Hussey,32,2009,Australia,South Africa
DA Warner,22,2009,Australia,South Africa
JR Hopes,11,2009,Australia,South Africa
MEK Hussey,78,2009,Australia,South Africa
RT Ponting,12,2009,Australia,South Africa
BW Hilfenhaus,1,2009,Australia,South Africa
SE Marsh,5,2009,Australia,South Africa
BJ Haddin,31,2009,Australia,New Zealand
SE Marsh,15,2009,Australia,New Zealand
MG Johnson,20,2009,Australia,New Zealand
DJ Hussey,13,2009,Australia,New Zealand
SW Tait,9,2009,Australia,New Zealand
DA Warner,7,2009,Australia,New Zealand
JR Hopes,18,2009,Australia,New Zealand
MEK Hussey,49,2009,Australia,New Zealand
MJ Clarke,12,2009,Australia,New Zealand
RT Ponting,5,2009,Australia,New Zealand
MJ Clarke,98,2009,Australia,New Zealand
BJ Haddin,12,2009,Australia,New Zealand
DJ Hussey,10,2009,Australia,New Zealand
CL White,17,2009,Australia,New Zealand
CJ Ferguson,6,2009,Australia,New Zealand
DA Warner,2,2009,Australia,New Zealand
MEK Hussey,75,2009,Australia,New Zealand
BJ Haddin,109,2009,Australia,New Zealand
DJ Hussey,7,2009,Australia,New Zealand
CL White,10,2009,Australia,New Zealand
CJ Ferguson,28,2009,Australia,New Zealand
JR Hopes,8,2009,Australia,New Zealand
MEK Hussey,51,2009,Australia,New Zealand
MJ Clarke,64,2009,Australia,New Zealand
RT Ponting,16,2009,Australia,New Zealand
MG Johnson,1,2009,Australia,New Zealand
MJ Clarke,14,2009,Australia,New Zealand
BJ Haddin,43,2009,Australia,New Zealand
DJ Hussey,79,2009,Australia,New Zealand
CJ Ferguson,13,2009,Australia,New Zealand
MEK Hussey,75,2009,Australia,New Zealand
RT Ponting,15,2009,Australia,New Zealand
A Symonds,2,2009,Australia,Pakistan
BJ Haddin,40,2009,Australia,Pakistan
NM Hauritz,1,2009,Australia,Pakistan
SE Marsh,16,2009,Australia,Pakistan
BW Hilfenhaus,4,2009,Australia,Pakistan
CJ Ferguson,2,2009,Australia,Pakistan
SR Watson,40,2009,Australia,Pakistan
JR Hopes,48,2009,Australia,Pakistan
MJ Clarke,4,2009,Australia,Pakistan
A Symonds,58,2009,Australia,Pakistan
MJ Clarke,39,2009,Australia,Pakistan
CJ Ferguson,10,2009,Australia,Pakistan
SR Watson,30,2009,Australia,Pakistan
JR Hopes,48,2009,Australia,Pakistan
BJ Haddin,8,2009,Australia,Pakistan
A Symonds,7,2009,Australia,Pakistan
BJ Haddin,26,2009,Australia,Pakistan
NM Hauritz,19,2009,Australia,Pakistan
DJ Hussey,10,2009,Australia,Pakistan
CJ Ferguson,41,2009,Australia,Pakistan
SR Watson,0,2009,Australia,Pakistan
JR Hopes,15,2009,Australia,Pakistan
MJ Clarke,66,2009,Australia,Pakistan
BJ Haddin,0,2009,Australia,Pakistan
SR Watson,85,2009,Australia,Pakistan
MJ Clarke,100,2009,Australia,Pakistan
MJ North,1,2009,Australia,Pakistan
A Symonds,15,2009,Australia,Pakistan
BJ Haddin,36,2009,Australia,Pakistan
SR Watson,116,2009,Australia,Pakistan
MJ Clarke,26,2009,Australia,Pakistan
CJ Ferguson,41,2009,Australia,Pakistan
MJ North,5,2009,Australia,Pakistan
BJ Haddin,8,2010,Australia,West Indies
NM Hauritz,6,2010,Australia,West Indies
SE Marsh,20,2010,Australia,West Indies
CL White,22,2010,Australia,West Indies
RJ Harris,2,2010,Australia,West Indies
SR Watson,59,2010,Australia,West Indies
MEK Hussey,28,2010,Australia,West Indies
MJ Clarke,18,2010,Australia,West Indies
RT Ponting,49,2010,Australia,West Indies
MG Johnson,21,2010,Australia,West Indies
SE Marsh,27,2010,Australia,West Indies
SR Watson,53,2010,Australia,West Indies
MJ Clarke,27,2010,Australia,West Indies
RT Ponting,57,2010,Australia,West Indies
RT Ponting,106,2010,Australia,West Indies
CL White,63,2010,Australia,West Indies
SR Watson,26,2010,Australia,West Indies
JR Hopes,42,2010,Australia,West Indies
MEK Hussey,23,2010,Australia,West Indies
AC Voges,16,2010,Australia,West Indies
TD Paine,24,2010,Australia,West Indies
MG Johnson,7,2010,Australia,West Indies
MJ Clarke,47,2010,Australia,West Indies
BJ Haddin,32,2010,Australia,West Indies
CL White,22,2010,Australia,West Indies
SR Watson,51,2010,Australia,West Indies
JR Hopes,57,2010,Australia,West Indies
AC Voges,45,2010,Australia,West Indies
RT Ponting,61,2010,Australia,West Indies
BJ Haddin,7,2010,Australia,Pakistan
MEK Hussey,35,2010,Australia,Pakistan
SE Marsh,15,2010,Australia,Pakistan
CL White,105,2010,Australia,Pakistan
SR Watson,5,2010,Australia,Pakistan
MJ Clarke,58,2010,Australia,Pakistan
RT Ponting,27,2010,Australia,Pakistan
BJ Haddin,27,2010,Australia,Pakistan
NM Hauritz,1,2010,Australia,Pakistan
SE Marsh,41,2010,Australia,Pakistan
CL White,55,2010,Australia,Pakistan
SR Watson,69,2010,Australia,Pakistan
MEK Hussey,29,2010,Australia,Pakistan
MJ Clarke,25,2010,Australia,Pakistan
RT Ponting,13,2010,Australia,Pakistan
BJ Haddin,1,2010,Australia,Pakistan
NM Hauritz,0,2010,Australia,Pakistan
SE Marsh,83,2010,Australia,Pakistan
CL White,28,2010,Australia,Pakistan
SR Watson,33,2010,Australia,Pakistan
MEK Hussey,49,2010,Australia,Pakistan
MJ Clarke,80,2010,Australia,Pakistan
RT Ponting,0,2010,Australia,Pakistan
BJ Haddin,32,2010,Australia,Pakistan
NM Hauritz,53,2010,Australia,Pakistan
SE Marsh,12,2010,Australia,Pakistan
CL White,44,2010,Australia,Pakistan
RJ Harris,4,2010,Australia,Pakistan
JR Hopes,16,2010,Australia,Pakistan
MEK Hussey,67,2010,Australia,Pakistan
MJ Clarke,10,2010,Australia,Pakistan
RT Ponting,30,2010,Australia,Pakistan
SE Marsh,25,2010,Australia,Pakistan
MEK Hussey,40,2010,Australia,Pakistan
MG Johnson,13,2010,Australia,Pakistan
CL White,13,2010,Australia,Pakistan
RJ Harris,2,2010,Australia,Pakistan
JR Hopes,6,2010,Australia,Pakistan
AC Voges,24,2010,Australia,Pakistan
RT Ponting,55,2010,Australia,Pakistan
NM Hauritz,18,2010,Australia,Pakistan
BJ Haddin,7,2010,Australia,Pakistan
NM Hauritz,7,2009,Australia,West Indies
TD Paine,33,2009,Australia,West Indies
MG Johnson,73,2009,Australia,West Indies
CL White,4,2009,Australia,West Indies
B Lee,25,2009,Australia,West Indies
CJ Ferguson,20,2009,Australia,West Indies
SR Watson,0,2009,Australia,West Indies
JR Hopes,5,2009,Australia,West Indies
MEK Hussey,6,2009,Australia,West Indies
RT Ponting,79,2009,Australia,West Indies
B Lee,12,2009,Australia,Pakistan
NM Hauritz,9,2009,Australia,Pakistan
JR Hopes,1,2009,Australia,Pakistan
TD Paine,29,2009,Australia,Pakistan
MG Johnson,9,2009,Australia,Pakistan
CL White,5,2009,Australia,Pakistan
CJ Ferguson,7,2009,Australia,Pakistan
MEK Hussey,64,2009,Australia,Pakistan
SR Watson,24,2009,Australia,Pakistan
RT Ponting,32,2009,Australia,Pakistan
RT Ponting,111,2009,Australia,England
SR Watson,136,2009,Australia,England
TD Paine,4,2009,Australia,England
RT Ponting,1,2009,Australia,New Zealand
CL White,62,2009,Australia,New Zealand
SR Watson,105,2009,Australia,New Zealand
JR Hopes,22,2009,Australia,New Zealand
MEK Hussey,11,2009,Australia,New Zealand
TD Paine,1,2009,Australia,New Zealand
AC Voges,3,2009,Australia,India
RT Ponting,74,2009,Australia,India
MG Johnson,14,2009,Australia,India
CL White,51,2009,Australia,India
B Lee,0,2009,Australia,India
SR Watson,5,2009,Australia,India
JR Hopes,14,2009,Australia,India
MEK Hussey,73,2009,Australia,India
TD Paine,50,2009,Australia,India
AC Voges,36,2009,Australia,India
NM Hauritz,30,2009,Australia,India
SE Marsh,21,2009,Australia,India
MG Johnson,21,2009,Australia,India
PM Siddle,3,2009,Australia,India
BW Hilfenhaus,16,2009,Australia,India
CL White,23,2009,Australia,India
SR Watson,19,2009,Australia,India
RT Ponting,12,2009,Australia,India
TD Paine,8,2009,Australia,India
MEK Hussey,53,2009,Australia,India
AC Voges,17,2009,Australia,India
MG Johnson,9,2009,Australia,India
CL White,0,2009,Australia,India
MC Henriques,12,2009,Australia,India
SR Watson,41,2009,Australia,India
MEK Hussey,81,2009,Australia,India
RT Ponting,59,2009,Australia,India
PM Siddle,1,2009,Australia,India
CL White,62,2009,Australia,India
RT Ponting,52,2009,Australia,India
NM Hauritz,9,2009,Australia,India
SE Marsh,5,2009,Australia,India
MG Johnson,8,2009,Australia,India
MC Henriques,6,2009,Australia,India
GA Manou,7,2009,Australia,India
SR Watson,49,2009,Australia,India
MEK Hussey,40,2009,Australia,India
DE Bollinger,0,2009,Australia,India
SE Marsh,112,2009,Australia,India
CL White,57,2009,Australia,India
SR Watson,93,2009,Australia,India
MEK Hussey,31,2009,Australia,India
RT Ponting,45,2009,Australia,India
AC Voges,23,2009,Australia,India
SE Marsh,6,2009,Australia,India
CL White,25,2009,Australia,India
SR Watson,49,2009,Australia,India
MEK Hussey,35,2009,Australia,India
RT Ponting,25,2009,Australia,India
MJ Clarke,22,2010,Australia,New Zealand
BJ Haddin,12,2010,Australia,New Zealand
NM Hauritz,4,2010,Australia,New Zealand
MG Johnson,21,2010,Australia,New Zealand
CL White,33,2010,Australia,New Zealand
SR Watson,45,2010,Australia,New Zealand
JR Hopes,33,2010,Australia,New Zealand
MEK Hussey,59,2010,Australia,New Zealand
RT Ponting,44,2010,Australia,New Zealand
MJ Clarke,11,2010,Australia,New Zealand
BJ Haddin,53,2010,Australia,New Zealand
CL White,54,2010,Australia,New Zealand
SR Watson,47,2010,Australia,New Zealand
JR Hopes,29,2010,Australia,New Zealand
MEK Hussey,56,2010,Australia,New Zealand
RT Ponting,1,2010,Australia,New Zealand
MG Johnson,16,2010,Australia,New Zealand
BJ Haddin,110,2010,Australia,New Zealand
CL White,25,2010,Australia,New Zealand
AC Voges,13,2010,Australia,New Zealand
SR Watson,15,2010,Australia,New Zealand
MEK Hussey,9,2010,Australia,New Zealand
RT Ponting,69,2010,Australia,New Zealand
BJ Haddin,0,2010,Australia,New Zealand
CL White,50,2010,Australia,New Zealand
AC Voges,34,2010,Australia,New Zealand
SR Watson,32,2010,Australia,New Zealand
MEK Hussey,28,2010,Australia,New Zealand
RT Ponting,50,2010,Australia,New Zealand
BJ Haddin,17,2010,Australia,New Zealand
NM Hauritz,9,2010,Australia,New Zealand
JR Hopes,40,2010,Australia,New Zealand
CJ McKay,2,2010,Australia,New Zealand
CL White,6,2010,Australia,New Zealand
AC Voges,5,2010,Australia,New Zealand
SR Watson,53,2010,Australia,New Zealand
MEK Hussey,46,2010,Australia,New Zealand
RT Ponting,0,2010,Australia,New Zealand
MG Johnson,6,2010,Australia,New Zealand
DE Bollinger,1,2010,Australia,New Zealand
NM Hauritz,19,2010,Australia,Ireland
JR Hopes,12,2010,Australia,Ireland
RT Ponting,33,2010,Australia,Ireland
CL White,42,2010,Australia,Ireland
RJ Harris,6,2010,Australia,Ireland
SR Watson,13,2010,Australia,Ireland
CJ McKay,4,2010,Australia,Ireland
MEK Hussey,8,2010,Australia,Ireland
MJ Clarke,0,2010,Australia,Ireland
TD Paine,81,2010,Australia,Ireland
NM Hauritz,22,2010,Australia,England
RT Ponting,21,2010,Australia,England
CL White,10,2010,Australia,England
SR Watson,32,2010,Australia,England
JR Hopes,34,2010,Australia,England
MEK Hussey,28,2010,Australia,England
MJ Clarke,87,2010,Australia,England
TD Paine,26,2010,Australia,England
RT Ponting,13,2010,Australia,England
CL White,86,2010,Australia,England
SPD Smith,41,2010,Australia,England
SR Watson,57,2010,Australia,England
JR Hopes,8,2010,Australia,England
MEK Hussey,14,2010,Australia,England
MJ Clarke,1,2010,Australia,England
TD Paine,16,2010,Australia,England
RT Ponting,3,2010,Australia,England
DE Bollinger,3,2010,Australia,England
CL White,12,2010,Australia,England
SW Tait,1,2010,Australia,England
SPD Smith,20,2010,Australia,England
RJ Harris,1,2010,Australia,England
SR Watson,61,2010,Australia,England
JR Hopes,7,2010,Australia,England
MEK Hussey,21,2010,Australia,England
MJ Clarke,33,2010,Australia,England
TD Paine,44,2010,Australia,England
RT Ponting,92,2010,Australia,England
CL White,17,2010,Australia,England
SPD Smith,18,2010,Australia,England
SR Watson,41,2010,Australia,England
MEK Hussey,1,2010,Australia,England
MJ Clarke,99,2010,Australia,England
TD Paine,8,2010,Australia,England
SE Marsh,59,2010,Australia,England
RT Ponting,15,2010,Australia,England
CL White,20,2010,Australia,England
SPD Smith,15,2010,Australia,England
SR Watson,14,2010,Australia,England
JR Hopes,12,2010,Australia,England
MEK Hussey,79,2010,Australia,England
TD Paine,54,2010,Australia,England
BJ Haddin,29,2011,Australia,Zimbabwe
CL White,22,2011,Australia,Zimbabwe
MG Johnson,7,2011,Australia,Zimbabwe
DJ Hussey,14,2011,Australia,Zimbabwe
SPD Smith,11,2011,Australia,Zimbabwe
SR Watson,79,2011,Australia,Zimbabwe
MJ Clarke,58,2011,Australia,Zimbabwe
RT Ponting,28,2011,Australia,Zimbabwe
MJ Clarke,24,2011,Australia,New Zealand
BJ Haddin,55,2011,Australia,New Zealand
CL White,22,2011,Australia,New Zealand
SR Watson,62,2011,Australia,New Zealand
RT Ponting,12,2011,Australia,New Zealand
BJ Haddin,65,2011,Australia,Kenya
MG Johnson,12,2011,Australia,Kenya
CL White,2,2011,Australia,Kenya
SPD Smith,17,2011,Australia,Kenya
SR Watson,21,2011,Australia,Kenya
MEK Hussey,54,2011,Australia,Kenya
MJ Clarke,93,2011,Australia,Kenya
RT Ponting,36,2011,Australia,Kenya
BJ Haddin,88,2011,Australia,Canada
RT Ponting,7,2011,Australia,Canada
CL White,4,2011,Australia,Canada
SR Watson,94,2011,Australia,Canada
MJ Clarke,16,2011,Australia,Canada
BJ Haddin,42,2011,Australia,Pakistan
MG Johnson,0,2011,Australia,Pakistan
CL White,8,2011,Australia,Pakistan
B Lee,5,2011,Australia,Pakistan
SW Tait,0,2011,Australia,Pakistan
SPD Smith,25,2011,Australia,Pakistan
JJ Krejza,7,2011,Australia,Pakistan
SR Watson,9,2011,Australia,Pakistan
MEK Hussey,12,2011,Australia,Pakistan
MJ Clarke,34,2011,Australia,Pakistan
RT Ponting,19,2011,Australia,Pakistan
MJ Clarke,8,2011,Australia,India
BJ Haddin,53,2011,Australia,India
CL White,12,2011,Australia,India
MG Johnson,6,2011,Australia,India
DJ Hussey,38,2011,Australia,India
SR Watson,25,2011,Australia,India
MEK Hussey,3,2011,Australia,India
RT Ponting,104,2011,Australia,India
BJ Haddin,49,2010,Australia,Sri Lanka
SE Marsh,31,2010,Australia,Sri Lanka
MG Johnson,10,2010,Australia,Sri Lanka
CL White,0,2010,Australia,Sri Lanka
JW Hastings,16,2010,Australia,Sri Lanka
SPD Smith,12,2010,Australia,Sri Lanka
SR Watson,10,2010,Australia,Sri Lanka
MEK Hussey,71,2010,Australia,Sri Lanka
MJ Clarke,27,2010,Australia,Sri Lanka
BJ Haddin,1,2010,Australia,Sri Lanka
PM Siddle,9,2010,Australia,Sri Lanka
MG Johnson,23,2010,Australia,Sri Lanka
CL White,35,2010,Australia,Sri Lanka
SPD Smith,33,2010,Australia,Sri Lanka
SR Watson,40,2010,Australia,Sri Lanka
CJ McKay,6,2010,Australia,Sri Lanka
MEK Hussey,15,2010,Australia,Sri Lanka
MJ Clarke,25,2010,Australia,Sri Lanka
RT Ponting,10,2010,Australia,Sri Lanka
NM Hauritz,4,2010,Australia,Sri Lanka
MJ Clarke,50,2010,Australia,Sri Lanka
BJ Haddin,31,2010,Australia,Sri Lanka
SR Watson,15,2010,Australia,Sri Lanka
MEK Hussey,6,2010,Australia,Sri Lanka
MJ Clarke,36,2011,Australia,England
BJ Haddin,39,2011,Australia,England
CL White,25,2011,Australia,England
SPD Smith,5,2011,Australia,England
SR Watson,161,2011,Australia,England
MEK Hussey,21,2011,Australia,England
BJ Haddin,5,2011,Australia,England
NM Hauritz,2,2011,Australia,England
SE Marsh,110,2011,Australia,England
DJ Hussey,8,2011,Australia,England
DE Bollinger,30,2011,Australia,England
CL White,45,2011,Australia,England
B Lee,0,2011,Australia,England
SPD Smith,0,2011,Australia,England
SR Watson,5,2011,Australia,England
MJ Clarke,10,2011,Australia,England
MJ Clarke,9,2011,Australia,England
BJ Haddin,54,2011,Australia,England
SE Marsh,6,2011,Australia,England
DJ Hussey,68,2011,Australia,England
CL White,7,2011,Australia,England
SPD Smith,26,2011,Australia,England
SR Watson,9,2011,Australia,England
JW Hastings,18,2011,Australia,England
MJ Clarke,15,2011,Australia,England
BJ Haddin,20,2011,Australia,England
SE Marsh,1,2011,Australia,England
DJ Hussey,28,2011,Australia,England
CL White,44,2011,Australia,England
SPD Smith,46,2011,Australia,England
SR Watson,64,2011,Australia,England
JW Hastings,1,2011,Australia,England
B Lee,39,2011,Australia,England
BJ Haddin,37,2011,Australia,England
CL White,16,2011,Australia,England
JW Hastings,13,2011,Australia,England
B Lee,0,2011,Australia,England
MJ Clarke,54,2011,Australia,England
SE Marsh,16,2011,Australia,England
MG Johnson,16,2011,Australia,England
DJ Hussey,34,2011,Australia,England
SPD Smith,24,2011,Australia,England
SR Watson,16,2011,Australia,England
DE Bollinger,6,2011,Australia,England
B Lee,2,2011,Australia,England
MJ Clarke,82,2011,Australia,England
BJ Haddin,20,2011,Australia,England
JW Hastings,7,2011,Australia,England
DJ Hussey,38,2011,Australia,England
MG Johnson,57,2011,Australia,England
CL White,20,2011,Australia,England
SPD Smith,0,2011,Australia,England
CJ Ferguson,46,2011,Australia,England
SR Watson,51,2011,Australia,England
BJ Haddin,27,2011,Australia,England
CL White,24,2011,Australia,England
MG Johnson,26,2011,Australia,England
DJ Hussey,60,2011,Australia,England
JJ Krejza,6,2011,Australia,England
JW Hastings,6,2011,Australia,England
CJ Ferguson,15,2011,Australia,England
AC Voges,80,2011,Australia,England
TD Paine,5,2011,Australia,England
SE Marsh,0,2010,Australia,India
CL White,89,2010,Australia,India
MEK Hussey,69,2010,Australia,India
MJ Clarke,111,2010,Australia,India
TD Paine,9,2010,Australia,India
BJ Haddin,10,2011,Australia,Bangladesh
MG Johnson,26,2011,Australia,Bangladesh
SPD Smith,1,2011,Australia,Bangladesh
CL White,20,2011,Australia,Bangladesh
SR Watson,37,2011,Australia,Bangladesh
MEK Hussey,33,2011,Australia,Bangladesh
MJ Clarke,101,2011,Australia,Bangladesh
RT Ponting,34,2011,Australia,Bangladesh
BJ Haddin,8,2011,Australia,Bangladesh
SR Watson,185,2011,Australia,Bangladesh
RT Ponting,37,2011,Australia,Bangladesh
RT Ponting,47,2011,Australia,Bangladesh
MG Johnson,41,2011,Australia,Bangladesh
CJ Ferguson,3,2011,Australia,Bangladesh
JW Hastings,21,2011,Australia,Bangladesh
SPD Smith,5,2011,Australia,Bangladesh
SR Watson,72,2011,Australia,Bangladesh
MEK Hussey,108,2011,Australia,Bangladesh
MJ Clarke,47,2011,Australia,Bangladesh
TD Paine,7,2011,Australia,Bangladesh
BJ Haddin,9,2011,Australia,South Africa
MR Marsh,8,2011,Australia,South Africa
DA Warner,20,2011,Australia,South Africa
MEK Hussey,30,2011,Australia,South Africa
MJ Clarke,44,2011,Australia,South Africa
RT Ponting,63,2011,Australia,South Africa
DE Bollinger,6,2011,Australia,South Africa
SPD Smith,26,2011,Australia,South Africa
DA Warner,74,2011,Australia,South Africa
SR Watson,15,2011,Australia,South Africa
MEK Hussey,37,2011,Australia,South Africa
MJ Clarke,1,2011,Australia,South Africa
RT Ponting,10,2011,Australia,South Africa
MG Johnson,9,2011,Australia,South Africa
BJ Haddin,13,2011,Australia,South Africa
SE Marsh,30,2011,Australia,South Africa
DA Warner,10,2011,Australia,South Africa
SR Watson,49,2011,Australia,South Africa
MEK Hussey,45,2011,Australia,South Africa
MJ Clarke,26,2011,Australia,South Africa
RT Ponting,11,2011,Australia,South Africa
MG Johnson,6,2011,Australia,South Africa
BJ Haddin,23,2011,Australia,South Africa
MJ Clarke,53,2011,Australia,Sri Lanka
RT Ponting,53,2011,Australia,Sri Lanka
SR Watson,69,2011,Australia,Sri Lanka
MEK Hussey,2,2011,Australia,Sri Lanka
BJ Haddin,12,2011,Australia,Sri Lanka
MJ Clarke,58,2011,Australia,Sri Lanka
SR Watson,43,2011,Australia,Sri Lanka
BJ Haddin,7,2011,Australia,Sri Lanka
RT Ponting,90,2011,Australia,Sri Lanka
B Lee,14,2011,Australia,Sri Lanka
MJ Clarke,46,2011,Australia,Sri Lanka
BJ Haddin,5,2011,Australia,Sri Lanka
MG Johnson,1,2011,Australia,Sri Lanka
DJ Hussey,8,2011,Australia,Sri Lanka
SPD Smith,18,2011,Australia,Sri Lanka
SR Watson,5,2011,Australia,Sri Lanka
MEK Hussey,63,2011,Australia,Sri Lanka
RT Ponting,22,2011,Australia,Sri Lanka
DE Bollinger,4,2011,Australia,Sri Lanka
MJ Clarke,38,2011,Australia,Sri Lanka
BJ Haddin,5,2011,Australia,Sri Lanka
SE Marsh,70,2011,Australia,Sri Lanka
DJ Hussey,0,2011,Australia,Sri Lanka
SR Watson,12,2011,Australia,Sri Lanka
MEK Hussey,0,2011,Australia,Sri Lanka
RT Ponting,0,2011,Australia,Sri Lanka
BJ Haddin,8,2011,Australia,Sri Lanka
SE Marsh,2,2011,Australia,Sri Lanka
MG Johnson,1,2011,Australia,Sri Lanka
DJ Hussey,46,2011,Australia,Sri Lanka
JW Hastings,0,2011,Australia,Sri Lanka
SR Watson,56,2011,Australia,Sri Lanka
JL Pattinson,0,2011,Australia,Sri Lanka
MEK Hussey,6,2011,Australia,Sri Lanka
MJ Clarke,47,2011,Australia,Sri Lanka
RT Ponting,31,2011,Australia,Sri Lanka
MJ Clarke,10,2012,Australia,India
DJ Hussey,61,2012,Australia,India
DT Christian,17,2012,Australia,India
DA Warner,6,2012,Australia,India
MEK Hussey,45,2012,Australia,India
RT Ponting,2,2012,Australia,India
MS Wade,67,2012,Australia,India
CJ McKay,25,2012,Australia,Sri Lanka
MJ Clarke,57,2012,Australia,Sri Lanka
RT Ponting,1,2012,Australia,Sri Lanka
MS Wade,1,2012,Australia,Sri Lanka
DJ Hussey,27,2012,Australia,Sri Lanka
DA Warner,34,2012,Australia,Sri Lanka
MA Starc,14,2012,Australia,Sri Lanka
RJ Harris,3,2012,Australia,Sri Lanka
MEK Hussey,23,2012,Australia,Sri Lanka
DT Christian,33,2012,Australia,Sri Lanka
DJ Hussey,72,2012,Australia,India
PJ Forrest,66,2012,Australia,India
DA Warner,18,2012,Australia,India
CJ McKay,3,2012,Australia,India
RJ Harris,2,2012,Australia,India
MJ Clarke,38,2012,Australia,India
RT Ponting,6,2012,Australia,India
MS Wade,16,2012,Australia,India
DT Christian,39,2012,Australia,India
DJ Hussey,58,2012,Australia,Sri Lanka
PJ Forrest,16,2012,Australia,Sri Lanka
B Lee,0,2012,Australia,Sri Lanka
DA Warner,13,2012,Australia,Sri Lanka
MA Starc,17,2012,Australia,Sri Lanka
CJ McKay,3,2012,Australia,Sri Lanka
MEK Hussey,13,2012,Australia,Sri Lanka
RT Ponting,2,2012,Australia,Sri Lanka
MS Wade,15,2012,Australia,Sri Lanka
DT Christian,6,2012,Australia,Sri Lanka
DJ Hussey,26,2012,Australia,India
DT Christian,30,2012,Australia,India
PJ Forrest,52,2012,Australia,India
DA Warner,43,2012,Australia,India
MEK Hussey,59,2012,Australia,India
RT Ponting,7,2012,Australia,India
MS Wade,45,2012,Australia,India
MJ Clarke,72,2012,Australia,Sri Lanka
DJ Hussey,40,2012,Australia,Sri Lanka
PJ Forrest,104,2012,Australia,Sri Lanka
B Lee,20,2012,Australia,Sri Lanka
DA Warner,7,2012,Australia,Sri Lanka
MEK Hussey,21,2012,Australia,Sri Lanka
MS Wade,5,2012,Australia,Sri Lanka
DT Christian,6,2012,Australia,Sri Lanka
DJ Hussey,54,2012,Australia,India
PJ Forrest,7,2012,Australia,India
B Lee,4,2012,Australia,India
DA Warner,68,2012,Australia,India
SR Watson,1,2012,Australia,India
CJ McKay,1,2012,Australia,India
MEK Hussey,10,2012,Australia,India
MS Wade,56,2012,Australia,India
DT Christian,24,2012,Australia,India
PJ Forrest,2,2012,Australia,Sri Lanka
CJ McKay,6,2012,Australia,Sri Lanka
JL Pattinson,12,2012,Australia,Sri Lanka
MS Wade,9,2012,Australia,Sri Lanka
BW Hilfenhaus,0,2012,Australia,Sri Lanka
DJ Hussey,74,2012,Australia,Sri Lanka
DA Warner,6,2012,Australia,Sri Lanka
SR Watson,65,2012,Australia,Sri Lanka
MEK Hussey,29,2012,Australia,Sri Lanka
DT Christian,3,2012,Australia,Sri Lanka
MJ Clarke,37,2012,Australia,Sri Lanka
DJ Hussey,1,2012,Australia,Sri Lanka
DA Warner,163,2012,Australia,Sri Lanka
SR Watson,21,2012,Australia,Sri Lanka
MEK Hussey,19,2012,Australia,Sri Lanka
MS Wade,64,2012,Australia,Sri Lanka
DT Christian,10,2012,Australia,Sri Lanka
DA Warner,100,2012,Australia,Sri Lanka
SR Watson,15,2012,Australia,Sri Lanka
MEK Hussey,6,2012,Australia,Sri Lanka
MJ Clarke,117,2012,Australia,Sri Lanka
DJ Hussey,7,2012,Australia,Sri Lanka
MS Wade,14,2012,Australia,Sri Lanka
DT Christian,4,2012,Australia,Sri Lanka
SR Watson,19,2012,Australia,Sri Lanka
PJ Forrest,3,2012,Australia,Sri Lanka
B Lee,32,2012,Australia,Sri Lanka
CJ McKay,28,2012,Australia,Sri Lanka
MS Wade,49,2012,Australia,Sri Lanka
NM Lyon,0,2012,Australia,Sri Lanka
DJ Hussey,19,2012,Australia,Sri Lanka
DA Warner,48,2012,Australia,Sri Lanka
MEK Hussey,1,2012,Australia,Sri Lanka
DT Christian,19,2012,Australia,Sri Lanka
DJ Hussey,13,2012,Australia,England
B Lee,29,2012,Australia,England
SPD Smith,8,2012,Australia,England
DA Warner,56,2012,Australia,England
SR Watson,12,2012,Australia,England
CJ McKay,2,2012,Australia,England
MJ Clarke,61,2012,Australia,England
MS Wade,27,2012,Australia,England
GJ Bailey,29,2012,Australia,England
MJ Clarke,10,2012,Australia,England
MG Johnson,8,2012,Australia,England
DJ Hussey,29,2012,Australia,England
GJ Bailey,65,2012,Australia,England
PJ Forrest,12,2012,Australia,England
B Lee,20,2012,Australia,England
DA Warner,10,2012,Australia,England
SR Watson,66,2012,Australia,England
MS Wade,6,2012,Australia,England
JL Pattinson,8,2012,Australia,England
DJ Hussey,70,2012,Australia,England
GJ Bailey,9,2012,Australia,England
PJ Forrest,0,2012,Australia,England
B Lee,27,2012,Australia,England
DA Warner,2,2012,Australia,England
SR Watson,28,2012,Australia,England
CJ McKay,6,2012,Australia,England
MJ Clarke,43,2012,Australia,England
MS Wade,0,2012,Australia,England
MJ Clarke,1,2012,Australia,England
DJ Hussey,9,2012,Australia,England
GJ Bailey,46,2012,Australia,England
PJ Forrest,3,2012,Australia,England
SPD Smith,21,2012,Australia,England
DA Warner,32,2012,Australia,England
JL Pattinson,13,2012,Australia,England
CJ McKay,5,2012,Australia,England
MS Wade,12,2012,Australia,England
DJ Hussey,0,2012,Australia,West Indies
MS Wade,0,2012,Australia,West Indies
GJ Bailey,48,2012,Australia,West Indies
PJ Forrest,26,2012,Australia,West Indies
B Lee,5,2012,Australia,West Indies
DA Warner,40,2012,Australia,West Indies
SR Watson,21,2012,Australia,West Indies
MEK Hussey,32,2012,Australia,West Indies
DT Christian,18,2012,Australia,West Indies
DJ Hussey,37,2012,Australia,West Indies
GJ Bailey,21,2012,Australia,West Indies
PJ Forrest,0,2012,Australia,West Indies
B Lee,11,2012,Australia,West Indies
DA Warner,13,2012,Australia,West Indies
SR Watson,25,2012,Australia,West Indies
CJ McKay,6,2012,Australia,West Indies
MEK Hussey,24,2012,Australia,West Indies
MS Wade,3,2012,Australia,West Indies
DT Christian,6,2012,Australia,West Indies
BW Hilfenhaus,0,2012,Australia,West Indies
PJ Forrest,24,2012,Australia,West Indies
DJ Hussey,57,2012,Australia,West Indies
B Lee,59,2012,Australia,West Indies
MS Wade,15,2012,Australia,West Indies
GJ Bailey,25,2012,Australia,West Indies
DA Warner,1,2012,Australia,West Indies
SR Watson,28,2012,Australia,West Indies
CJ McKay,2,2012,Australia,West Indies
MEK Hussey,26,2012,Australia,West Indies
PJ Forrest,53,2012,Australia,West Indies
CJ McKay,0,2012,Australia,West Indies
MS Wade,26,2012,Australia,West Indies
GJ Bailey,19,2012,Australia,West Indies
BW Hilfenhaus,0,2012,Australia,West Indies
DJ Hussey,0,2012,Australia,West Indies
B Lee,12,2012,Australia,West Indies
DA Warner,69,2012,Australia,West Indies
SR Watson,66,2012,Australia,West Indies
MEK Hussey,25,2012,Australia,West Indies
MJ Clarke,105,2013,Australia,England
SE Marsh,0,2013,Australia,England
MG Johnson,6,2013,Australia,England
GJ Bailey,82,2013,Australia,England
AJ Finch,45,2013,Australia,England
SR Watson,38,2013,Australia,England
AC Voges,16,2013,Australia,England
MS Wade,0,2013,Australia,England
JP Faulkner,18,2013,Australia,England
MJ Clarke,22,2013,Australia,England
SE Marsh,25,2013,Australia,England
MG Johnson,4,2013,Australia,England
GJ Bailey,87,2013,Australia,England
AJ Finch,0,2013,Australia,England
SR Watson,6,2013,Australia,England
CJ McKay,2,2013,Australia,England
NM Coulter-Nile,7,2013,Australia,England
AC Voges,30,2013,Australia,England
MS Wade,36,2013,Australia,England
JP Faulkner,1,2013,Australia,England
Fawad Ahmed,4,2013,Australia,England
GJ Bailey,4,2013,Australia,England
AJ Finch,26,2013,Australia,England
PJ Hughes,2,2013,Australia,England
CJ McKay,5,2013,Australia,England
MJ Clarke,75,2013,Australia,England
MS Wade,0,2013,Australia,England
JP Faulkner,10,2013,Australia,England
AC Voges,8,2013,Australia,England
MG Johnson,2,2013,Australia,England
SR Watson,143,2013,Australia,England
AM Phangiso,9,2013,Australia,South Africa
GJ Maxwell,38,2012,Australia,Pakistan
MEK Hussey,5,2012,Australia,Pakistan
DJ Hussey,3,2012,Australia,Pakistan
GJ Bailey,57,2012,Australia,Pakistan
DA Warner,5,2012,Australia,Pakistan
MS Wade,10,2012,Australia,Pakistan
MJ Clarke,66,2012,Australia,Pakistan
DT Christian,3,2012,Australia,Pakistan
MG Johnson,2,2012,Australia,Pakistan
DJ Hussey,0,2012,Australia,Pakistan
GJ Bailey,39,2012,Australia,Pakistan
DA Warner,24,2012,Australia,Pakistan
GJ Maxwell,28,2012,Australia,Pakistan
MA Starc,11,2012,Australia,Pakistan
JL Pattinson,2,2012,Australia,Pakistan
MEK Hussey,61,2012,Australia,Pakistan
MJ Clarke,37,2012,Australia,Pakistan
MS Wade,7,2012,Australia,Pakistan
DT Christian,18,2012,Australia,Pakistan
GJ Maxwell,56,2012,Australia,Pakistan
MG Johnson,1,2012,Australia,Pakistan
DJ Hussey,43,2012,Australia,Pakistan
MS Wade,22,2012,Australia,Pakistan
GJ Bailey,1,2012,Australia,Pakistan
DA Warner,21,2012,Australia,Pakistan
MEK Hussey,65,2012,Australia,Pakistan
MJ Clarke,32,2012,Australia,Pakistan
DT Christian,2,2012,Australia,Pakistan
MG Johnson,1,2012,Australia,Afghanistan
DJ Hussey,13,2012,Australia,Afghanistan
GJ Bailey,23,2012,Australia,Afghanistan
DA Warner,24,2012,Australia,Afghanistan
GJ Maxwell,2,2012,Australia,Afghanistan
MA Starc,1,2012,Australia,Afghanistan
JL Pattinson,1,2012,Australia,Afghanistan
MEK Hussey,49,2012,Australia,Afghanistan
MJ Clarke,75,2012,Australia,Afghanistan
MS Wade,75,2012,Australia,Afghanistan
BJ Haddin,10,2013,Australia,Sri Lanka
UT Khawaja,3,2013,Australia,Sri Lanka
DJ Hussey,60,2013,Australia,Sri Lanka
GJ Bailey,89,2013,Australia,Sri Lanka
AJ Finch,16,2013,Australia,Sri Lanka
PJ Hughes,112,2013,Australia,Sri Lanka
GJ Maxwell,5,2013,Australia,Sri Lanka
BJ Haddin,50,2013,Australia,Sri Lanka
DJ Hussey,29,2013,Australia,Sri Lanka
SPD Smith,8,2013,Australia,Sri Lanka
GJ Bailey,26,2013,Australia,Sri Lanka
BCJ Cutting,27,2013,Australia,Sri Lanka
AJ Finch,4,2013,Australia,Sri Lanka
PJ Hughes,3,2013,Australia,Sri Lanka
GJ Maxwell,8,2013,Australia,Sri Lanka
CJ McKay,4,2013,Australia,Sri Lanka
KW Richardson,0,2013,Australia,Sri Lanka
MC Henriques,2,2013,Australia,Sri Lanka
MG Johnson,2,2013,Australia,Sri Lanka
DJ Hussey,4,2013,Australia,Sri Lanka
MS Wade,8,2013,Australia,Sri Lanka
GJ Bailey,0,2013,Australia,Sri Lanka
PJ Hughes,3,2013,Australia,Sri Lanka
MA Starc,22,2013,Australia,Sri Lanka
CJ McKay,0,2013,Australia,Sri Lanka
MJ Clarke,9,2013,Australia,Sri Lanka
DA Warner,4,2013,Australia,Sri Lanka
MC Henriques,9,2013,Australia,Sri Lanka
DJ Hussey,34,2013,Australia,Sri Lanka
MS Wade,23,2013,Australia,Sri Lanka
GJ Bailey,17,2013,Australia,Sri Lanka
PJ Hughes,138,2013,Australia,Sri Lanka
GJ Maxwell,9,2013,Australia,Sri Lanka
DA Warner,10,2013,Australia,Sri Lanka
AJ Finch,10,2013,Australia,West Indies
GJ Maxwell,51,2013,Australia,West Indies
UT Khawaja,8,2013,Australia,West Indies
MG Johnson,16,2013,Australia,West Indies
MS Wade,16,2013,Australia,West Indies
GJ Bailey,125,2013,Australia,West Indies
AJ Finch,11,2013,Australia,West Indies
PJ Hughes,21,2013,Australia,West Indies
GJ Maxwell,0,2013,Australia,West Indies
MJ Clarke,16,2013,Australia,West Indies
UT Khawaja,3,2013,Australia,West Indies
JP Faulkner,39,2013,Australia,West Indies
MG Johnson,8,2013,Australia,West Indies
GJ Bailey,44,2013,Australia,West Indies
AJ Finch,38,2013,Australia,West Indies
PJ Hughes,86,2013,Australia,West Indies
SR Watson,122,2013,Australia,West Indies
GJ Maxwell,4,2013,Australia,West Indies
MJ Clarke,15,2013,Australia,West Indies
MS Wade,4,2013,Australia,West Indies
JP Faulkner,2,2013,Australia,West Indies
AJ Finch,25,2013,Australia,West Indies
AC Voges,28,2013,Australia,West Indies
PJ Hughes,23,2013,Australia,West Indies
GJ Maxwell,1,2013,Australia,West Indies
SR Watson,76,2013,Australia,West Indies
MJ Clarke,37,2013,Australia,West Indies
MS Wade,13,2013,Australia,West Indies
BJ Haddin,43,2013,Australia,West Indies
SE Marsh,40,2013,Australia,West Indies
AJ Finch,1,2013,Australia,West Indies
PJ Hughes,29,2013,Australia,West Indies
SR Watson,0,2013,Australia,West Indies
AC Voges,112,2013,Australia,West Indies
JP Faulkner,31,2013,Australia,West Indies
AC Voges,15,2013,Australia,England
JP Faulkner,54,2013,Australia,England
MR Marsh,5,2013,Australia,England
MG Johnson,8,2013,Australia,England
DA Warner,9,2013,Australia,England
SR Watson,24,2013,Australia,England
MA Starc,5,2013,Australia,England
PJ Hughes,30,2013,Australia,England
CJ McKay,7,2013,Australia,England
MS Wade,1,2013,Australia,England
GJ Bailey,55,2013,Australia,England
AC Voges,49,2013,Australia,Sri Lanka
MR Marsh,4,2013,Australia,Sri Lanka
JP Faulkner,17,2013,Australia,Sri Lanka
MG Johnson,4,2013,Australia,Sri Lanka
SR Watson,5,2013,Australia,Sri Lanka
PJ Hughes,13,2013,Australia,Sri Lanka
GJ Maxwell,32,2013,Australia,Sri Lanka
CJ McKay,30,2013,Australia,Sri Lanka
MS Wade,31,2013,Australia,Sri Lanka
GJ Bailey,4,2013,Australia,Sri Lanka
AM Phangiso,0,2013,Australia,Sri Lanka
AM Phangiso,18,2013,Australia,Sri Lanka
GJ Bailey,17,2014,Australia,England
MJ Clarke,43,2014,Australia,England
AJ Finch,121,2014,Australia,England
DA Warner,65,2014,Australia,England
SR Watson,0,2014,Australia,England
GJ Maxwell,8,2014,Australia,England
GJ Bailey,24,2014,Australia,England
MJ Clarke,17,2014,Australia,England
BJ Haddin,26,2014,Australia,England
JP Faulkner,69,2014,Australia,England
CJ McKay,2,2014,Australia,England
MG Johnson,1,2014,Australia,England
AJ Finch,0,2014,Australia,England
DA Warner,18,2014,Australia,England
GJ Maxwell,54,2014,Australia,England
SE Marsh,55,2014,Australia,England
NM Coulter-Nile,16,2014,Australia,England
MJ Clarke,34,2014,Australia,England
BJ Haddin,35,2014,Australia,England
SE Marsh,71,2014,Australia,England
AJ Finch,22,2014,Australia,England
DA Warner,71,2014,Australia,England
GJ Bailey,11,2014,Australia,England
DT Christian,23,2014,Australia,England
JP Faulkner,2,2014,Australia,England
SE Marsh,15,2014,Australia,England
MG Johnson,6,2014,Australia,England
SPD Smith,19,2014,Australia,England
AJ Finch,108,2014,Australia,England
JL Pattinson,4,2014,Australia,England
GJ Maxwell,26,2014,Australia,England
NM Coulter-Nile,8,2014,Australia,England
MS Wade,23,2014,Australia,England
GJ Bailey,56,2014,Australia,England
AJ Finch,7,2014,Australia,England
CJ McKay,1,2014,Australia,England
NM Coulter-Nile,15,2014,Australia,England
MJ Clarke,8,2014,Australia,England
MS Wade,31,2014,Australia,England
JP Faulkner,27,2014,Australia,England
SE Marsh,36,2014,Australia,England
SR Watson,0,2014,Australia,England
GJ Maxwell,22,2014,Australia,England
BJ Haddin,10,2013,Australia,India
MG Johnson,9,2013,Australia,India
GJ Bailey,85,2013,Australia,India
AJ Finch,72,2013,Australia,India
PJ Hughes,47,2013,Australia,India
SR Watson,2,2013,Australia,India
GJ Maxwell,31,2013,Australia,India
AC Voges,7,2013,Australia,India
CJ McKay,11,2013,Australia,India
JP Faulkner,27,2013,Australia,India
GJ Bailey,92,2013,Australia,India
AJ Finch,50,2013,Australia,India
PJ Hughes,83,2013,Australia,India
BJ Haddin,1,2013,Australia,India
SR Watson,59,2013,Australia,India
GJ Maxwell,53,2013,Australia,India
AC Voges,11,2013,Australia,India
GJ Maxwell,3,2013,Australia,India
BJ Haddin,24,2013,Australia,India
AJ Finch,38,2013,Australia,India
GJ Bailey,43,2013,Australia,India
JP Faulkner,64,2013,Australia,India
SR Watson,11,2013,Australia,India
PJ Hughes,22,2013,Australia,India
AC Voges,76,2013,Australia,India
MG Johnson,0,2013,Australia,India
GJ Bailey,156,2013,Australia,India
AJ Finch,20,2013,Australia,India
PJ Hughes,13,2013,Australia,India
SR Watson,102,2013,Australia,India
GJ Maxwell,9,2013,Australia,India
AC Voges,44,2013,Australia,India
BJ Haddin,40,2013,Australia,India
GJ Bailey,4,2013,Australia,India
AJ Finch,5,2013,Australia,India
PJ Hughes,23,2013,Australia,India
JP Faulkner,116,2013,Australia,India
SR Watson,49,2013,Australia,India
GJ Maxwell,60,2013,Australia,India
NM Coulter-Nile,3,2013,Australia,India
AC Voges,4,2013,Australia,India
CJ McKay,18,2013,Australia,India
BJ Haddin,31,2015,Australia,England
MR Marsh,23,2015,Australia,England
MG Johnson,0,2015,Australia,England
GJ Bailey,55,2015,Australia,England
AJ Finch,135,2015,Australia,England
DA Warner,22,2015,Australia,England
SPD Smith,5,2015,Australia,England
SR Watson,0,2015,Australia,England
GJ Maxwell,66,2015,Australia,England
BJ Haddin,43,2015,Australia,New Zealand
MR Marsh,0,2015,Australia,New Zealand
MA Starc,0,2015,Australia,New Zealand
SPD Smith,4,2015,Australia,New Zealand
MJ Clarke,12,2015,Australia,New Zealand
MG Johnson,1,2015,Australia,New Zealand
AJ Finch,14,2015,Australia,New Zealand
DA Warner,34,2015,Australia,New Zealand
SR Watson,23,2015,Australia,New Zealand
GJ Maxwell,1,2015,Australia,New Zealand
BJ Haddin,20,2015,Australia,Afghanistan
MR Marsh,8,2015,Australia,Afghanistan
SPD Smith,95,2015,Australia,Afghanistan
AJ Finch,4,2015,Australia,Afghanistan
DA Warner,178,2015,Australia,Afghanistan
GJ Maxwell,88,2015,Australia,Afghanistan
JP Faulkner,7,2015,Australia,Afghanistan
BJ Haddin,25,2015,Australia,Sri Lanka
MG Johnson,3,2015,Australia,Sri Lanka
SPD Smith,72,2015,Australia,Sri Lanka
AJ Finch,24,2015,Australia,Sri Lanka
DA Warner,9,2015,Australia,Sri Lanka
SR Watson,67,2015,Australia,Sri Lanka
GJ Maxwell,102,2015,Australia,Sri Lanka
MJ Clarke,68,2015,Australia,Sri Lanka
JP Faulkner,0,2015,Australia,Sri Lanka
JP Faulkner,16,2015,Australia,Scotland
AJ Finch,20,2015,Australia,Scotland
DA Warner,21,2015,Australia,Scotland
SR Watson,24,2015,Australia,Scotland
MJ Clarke,47,2015,Australia,Scotland
GJ Maxwell,44,2015,Australia,Pakistan
MJ Clarke,8,2015,Australia,Pakistan
SPD Smith,65,2015,Australia,Pakistan
AJ Finch,2,2015,Australia,Pakistan
DA Warner,24,2015,Australia,Pakistan
SR Watson,64,2015,Australia,Pakistan
BJ Haddin,7,2015,Australia,India
MG Johnson,27,2015,Australia,India
SPD Smith,105,2015,Australia,India
AJ Finch,81,2015,Australia,India
DA Warner,12,2015,Australia,India
SR Watson,28,2015,Australia,India
GJ Maxwell,23,2015,Australia,India
MJ Clarke,10,2015,Australia,India
JP Faulkner,21,2015,Australia,India
MJ Clarke,74,2015,Australia,New Zealand
SR Watson,2,2015,Australia,New Zealand
SPD Smith,56,2015,Australia,New Zealand
AJ Finch,0,2015,Australia,New Zealand
DA Warner,45,2015,Australia,New Zealand
AM Phangiso,0,2015,Australia,South Africa
BJ Haddin,23,2014,Australia,Pakistan
MG Johnson,21,2014,Australia,Pakistan
SPD Smith,101,2014,Australia,Pakistan
GJ Bailey,18,2014,Australia,Pakistan
AJ Finch,0,2014,Australia,Pakistan
DA Warner,43,2014,Australia,Pakistan
SA Abbott,3,2014,Australia,Pakistan
GJ Maxwell,21,2014,Australia,Pakistan
JP Faulkner,11,2014,Australia,Pakistan
KW Richardson,2,2014,Australia,Pakistan
BJ Haddin,17,2014,Australia,Pakistan
SPD Smith,12,2014,Australia,Pakistan
AJ Finch,14,2014,Australia,Pakistan
GJ Bailey,28,2014,Australia,Pakistan
DA Warner,29,2014,Australia,Pakistan
GJ Maxwell,76,2014,Australia,Pakistan
JP Faulkner,26,2014,Australia,Pakistan
BJ Haddin,2,2014,Australia,Pakistan
GJ Bailey,0,2014,Australia,Pakistan
SPD Smith,77,2014,Australia,Pakistan
PJ Hughes,5,2014,Australia,Pakistan
GJ Maxwell,20,2014,Australia,Pakistan
JP Faulkner,33,2014,Australia,Pakistan
KW Richardson,9,2014,Australia,Pakistan
AJ Finch,18,2014,Australia,Pakistan
DA Warner,56,2014,Australia,Pakistan
MA Starc,5,2014,Australia,Pakistan
AM Phangiso,2,2014,Australia,Zimbabwe
BJ Haddin,46,2014,Australia,Zimbabwe
MR Marsh,89,2014,Australia,Zimbabwe
MG Johnson,20,2014,Australia,Zimbabwe
SPD Smith,1,2014,Australia,Zimbabwe
GJ Bailey,14,2014,Australia,Zimbabwe
AJ Finch,67,2014,Australia,Zimbabwe
GJ Maxwell,93,2014,Australia,Zimbabwe
JP Faulkner,5,2014,Australia,Zimbabwe
BJ Haddin,9,2014,Australia,South Africa
MR Marsh,5,2014,Australia,South Africa
MG Johnson,23,2014,Australia,South Africa
SPD Smith,31,2014,Australia,South Africa
GJ Bailey,66,2014,Australia,South Africa
AJ Finch,102,2014,Australia,South Africa
PJ Hughes,51,2014,Australia,South Africa
GJ Maxwell,7,2014,Australia,South Africa
JP Faulkner,10,2014,Australia,South Africa
AM Phangiso,13,2014,Australia,Zimbabwe
NM Lyon,8,2014,Australia,Zimbabwe
BJ Haddin,49,2014,Australia,Zimbabwe
MR Marsh,15,2014,Australia,Zimbabwe
GJ Bailey,1,2014,Australia,Zimbabwe
BCJ Cutting,26,2014,Australia,Zimbabwe
AJ Finch,11,2014,Australia,Zimbabwe
PJ Hughes,10,2014,Australia,Zimbabwe
MA Starc,3,2014,Australia,Zimbabwe
GJ Maxwell,13,2014,Australia,Zimbabwe
MJ Clarke,68,2014,Australia,Zimbabwe
JP Faulkner,0,2014,Australia,Zimbabwe
BJ Haddin,11,2014,Australia,South Africa
MR Marsh,86,2014,Australia,South Africa
MG Johnson,2,2014,Australia,South Africa
SPD Smith,36,2014,Australia,South Africa
AM Phangiso,3,2014,Australia,South Africa
GJ Bailey,32,2014,Australia,South Africa
AJ Finch,16,2014,Australia,South Africa
PJ Hughes,85,2014,Australia,South Africa
MA Starc,1,2014,Australia,South Africa
GJ Maxwell,2,2014,Australia,South Africa
BJ Haddin,6,2014,Australia,South Africa
MR Marsh,27,2014,Australia,South Africa
MG Johnson,6,2014,Australia,South Africa
SPD Smith,10,2014,Australia,South Africa
GJ Bailey,12,2014,Australia,South Africa
AJ Finch,54,2014,Australia,South Africa
PJ Hughes,15,2014,Australia,South Africa
MA Starc,29,2014,Australia,South Africa
GJ Maxwell,0,2014,Australia,South Africa
JP Faulkner,39,2014,Australia,South Africa
MR Marsh,11,2015,Australia,Ireland
JA Burns,69,2015,Australia,Ireland
GJ Bailey,1,2015,Australia,Ireland
SPD Smith,21,2015,Australia,Ireland
DA Warner,84,2015,Australia,Ireland
SR Watson,26,2015,Australia,Ireland
GJ Maxwell,2,2015,Australia,Ireland
MS Wade,2,2015,Australia,Ireland
MR Marsh,40,2015,Australia,England
JA Burns,44,2015,Australia,England
GJ Bailey,23,2015,Australia,England
SPD Smith,44,2015,Australia,England
DA Warner,59,2015,Australia,England
SR Watson,6,2015,Australia,England
GJ Maxwell,15,2015,Australia,England
MS Wade,71,2015,Australia,England
MR Marsh,64,2015,Australia,England
JA Burns,22,2015,Australia,England
GJ Bailey,54,2015,Australia,England
SPD Smith,70,2015,Australia,England
DA Warner,1,2015,Australia,England
SR Watson,39,2015,Australia,England
GJ Maxwell,49,2015,Australia,England
MS Wade,1,2015,Australia,England
AC Agar,5,2015,Australia,England
MR Marsh,13,2015,Australia,England
SPD Smith,25,2015,Australia,England
JA Burns,9,2015,Australia,England
AJ Finch,53,2015,Australia,England
GJ Bailey,25,2015,Australia,England
JL Pattinson,2,2015,Australia,England
MA Starc,1,2015,Australia,England
GJ Maxwell,17,2015,Australia,England
MS Wade,42,2015,Australia,England
MR Marsh,17,2015,Australia,England
JA Burns,2,2015,Australia,England
MP Stoinis,4,2015,Australia,England
GJ Bailey,75,2015,Australia,England
JW Hastings,34,2015,Australia,England
AJ Finch,15,2015,Australia,England
SPD Smith,5,2015,Australia,England
GJ Maxwell,85,2015,Australia,England
MS Wade,50,2015,Australia,England
AJ Finch,70,2015,Australia,England
SPD Smith,12,2015,Australia,England
JA Burns,0,2015,Australia,England
GJ Bailey,41,2015,Australia,England
MR Marsh,10,2014,Australia,South Africa
MG Johnson,13,2014,Australia,South Africa
GJ Bailey,70,2014,Australia,South Africa
AJ Finch,35,2014,Australia,South Africa
DA Warner,46,2014,Australia,South Africa
SR Watson,13,2014,Australia,South Africa
GJ Maxwell,29,2014,Australia,South Africa
NM Coulter-Nile,9,2014,Australia,South Africa
MJ Clarke,11,2014,Australia,South Africa
MS Wade,35,2014,Australia,South Africa
MR Marsh,67,2014,Australia,South Africa
MG Johnson,3,2014,Australia,South Africa
SPD Smith,10,2014,Australia,South Africa
GJ Bailey,25,2014,Australia,South Africa
AJ Finch,8,2014,Australia,South Africa
DA Warner,0,2014,Australia,South Africa
JR Hazlewood,0,2014,Australia,South Africa
SR Watson,11,2014,Australia,South Africa
GJ Maxwell,0,2014,Australia,South Africa
NM Coulter-Nile,2,2014,Australia,South Africa
MS Wade,19,2014,Australia,South Africa
MR Marsh,22,2014,Australia,South Africa
SPD Smith,73,2014,Australia,South Africa
GJ Bailey,12,2014,Australia,South Africa
AJ Finch,109,2014,Australia,South Africa
DA Warner,53,2014,Australia,South Africa
SR Watson,40,2014,Australia,South Africa
MS Wade,8,2014,Australia,South Africa
SPD Smith,104,2014,Australia,South Africa
SR Watson,19,2014,Australia,South Africa
AJ Finch,22,2014,Australia,South Africa
DA Warner,4,2014,Australia,South Africa
GJ Maxwell,2,2014,Australia,South Africa
GJ Bailey,16,2014,Australia,South Africa
MS Wade,52,2014,Australia,South Africa
JP Faulkner,34,2014,Australia,South Africa
SPD Smith,67,2014,Australia,South Africa
AJ Finch,76,2014,Australia,South Africa
DA Warner,21,2014,Australia,South Africa
SR Watson,82,2014,Australia,South Africa
MA Starc,1,2014,Australia,South Africa
GJ Maxwell,7,2014,Australia,South Africa
GJ Bailey,4,2014,Australia,South Africa
MS Wade,3,2014,Australia,South Africa
JP Faulkner,6,2014,Australia,South Africa
BJ Haddin,13,2015,Australia,India
JP Faulkner,9,2015,Australia,India
SPD Smith,47,2015,Australia,India
GJ Bailey,5,2015,Australia,India
AJ Finch,96,2015,Australia,India
SR Watson,41,2015,Australia,India
GJ Maxwell,20,2015,Australia,India
DA Warner,24,2015,Australia,India
BJ Haddin,16,2015,Australia,England
AJ Finch,15,2015,Australia,England
GJ Bailey,10,2015,Australia,England
DA Warner,127,2015,Australia,England
SPD Smith,37,2015,Australia,England
SR Watson,16,2015,Australia,England
GJ Maxwell,0,2015,Australia,England
JP Faulkner,6,2015,Australia,England
JP Faulkner,35,2015,Australia,England
BJ Haddin,42,2015,Australia,England
CL White,0,2015,Australia,England
AJ Finch,32,2015,Australia,England
MC Henriques,4,2015,Australia,England
SPD Smith,102,2015,Australia,England
MA Starc,1,2015,Australia,England
GJ Maxwell,37,2015,Australia,England
SE Marsh,45,2015,Australia,England
BJ Haddin,9,2015,Australia,England
MR Marsh,60,2015,Australia,England
MG Johnson,3,2015,Australia,England
GJ Bailey,2,2015,Australia,England
AJ Finch,0,2015,Australia,England
DA Warner,12,2015,Australia,England
SPD Smith,40,2015,Australia,England
GJ Maxwell,95,2015,Australia,England
JP Faulkner,50,2015,Australia,England
AM Phangiso,1,2015,Australia,South Africa
MR Marsh,12,2016,Australia,India
SPD Smith,149,2016,Australia,India
GJ Bailey,112,2016,Australia,India
AJ Finch,8,2016,Australia,India
DA Warner,5,2016,Australia,India
GJ Maxwell,6,2016,Australia,India
JP Faulkner,1,2016,Australia,India
SE Marsh,71,2016,Australia,India
AJ Finch,71,2016,Australia,India
GJ Bailey,76,2016,Australia,India
SPD Smith,46,2016,Australia,India
GJ Maxwell,26,2016,Australia,India
MR Marsh,17,2016,Australia,India
SE Marsh,62,2016,Australia,India
SPD Smith,41,2016,Australia,India
GJ Bailey,23,2016,Australia,India
AJ Finch,21,2016,Australia,India
GJ Maxwell,96,2016,Australia,India
JP Faulkner,21,2016,Australia,India
MS Wade,6,2016,Australia,India
MR Marsh,33,2016,Australia,India
SPD Smith,51,2016,Australia,India
GJ Bailey,10,2016,Australia,India
AJ Finch,107,2016,Australia,India
DA Warner,93,2016,Australia,India
GJ Maxwell,41,2016,Australia,India
JP Faulkner,0,2016,Australia,India
MS Wade,0,2016,Australia,India
MR Marsh,102,2016,Australia,India
SE Marsh,7,2016,Australia,India
SPD Smith,28,2016,Australia,India
GJ Bailey,6,2016,Australia,India
JW Hastings,2,2016,Australia,India
AJ Finch,6,2016,Australia,India
DA Warner,122,2016,Australia,India
MS Wade,36,2016,Australia,India
JP Faulkner,1,2016,Australia,India
AM Phangiso,20,2015,Australia,India
MR Marsh,0,2016,Australia,New Zealand
SE Marsh,5,2016,Australia,New Zealand
MS Wade,37,2016,Australia,New Zealand
GJ Bailey,2,2016,Australia,New Zealand
JW Hastings,8,2016,Australia,New Zealand
SPD Smith,18,2016,Australia,New Zealand
DA Warner,12,2016,Australia,New Zealand
KW Richardson,19,2016,Australia,New Zealand
GJ Maxwell,0,2016,Australia,New Zealand
JP Faulkner,36,2016,Australia,New Zealand
MR Marsh,69,2016,Australia,New Zealand
UT Khawaja,50,2016,Australia,New Zealand
SPD Smith,2,2016,Australia,New Zealand
MS Wade,2,2016,Australia,New Zealand
GJ Bailey,0,2016,Australia,New Zealand
JW Hastings,48,2016,Australia,New Zealand
DA Warner,98,2016,Australia,New Zealand
GJ Maxwell,6,2016,Australia,New Zealand
JR Hazlewood,5,2016,Australia,New Zealand
A Zampa,2,2016,Australia,New Zealand
GJ Bailey,33,2016,Australia,New Zealand
JW Hastings,6,2016,Australia,New Zealand
SPD Smith,21,2016,Australia,New Zealand
MS Wade,17,2016,Australia,New Zealand
SM Boland,2,2016,Australia,New Zealand
MR Marsh,41,2016,Australia,New Zealand
DA Warner,16,2016,Australia,New Zealand
GJ Maxwell,0,2016,Australia,New Zealand
UT Khawaja,44,2016,Australia,New Zealand
AM Phangiso,3,2016,Australia,West Indies
MR Marsh,9,2016,Australia,West Indies
SPD Smith,6,2016,Australia,West Indies
UT Khawaja,27,2016,Australia,West Indies
AJ Finch,19,2016,Australia,West Indies
DA Warner,55,2016,Australia,West Indies
GJ Maxwell,0,2016,Australia,West Indies
A Zampa,0,2016,Australia,South Africa
NM Lyon,30,2016,Australia,South Africa
UT Khawaja,2,2016,Australia,South Africa
MR Marsh,8,2016,Australia,South Africa
SPD Smith,8,2016,Australia,South Africa
AM Phangiso,9,2016,Australia,South Africa
MS Wade,2,2016,Australia,South Africa
AJ Finch,72,2016,Australia,South Africa
DA Warner,1,2016,Australia,South Africa
JR Hazlewood,11,2016,Australia,South Africa
GJ Maxwell,3,2016,Australia,South Africa
NM Coulter-Nile,0,2016,Australia,South Africa
MR Marsh,10,2016,Australia,South Africa
UT Khawaja,59,2016,Australia,South Africa
AJ Finch,13,2016,Australia,South Africa
GJ Bailey,11,2016,Australia,South Africa
SPD Smith,52,2016,Australia,South Africa
DA Warner,109,2016,Australia,South Africa
AM Phangiso,3,2016,Australia,South Africa
MS Wade,24,2016,Australia,South Africa
JP Faulkner,1,2016,Australia,South Africa
TM Head,1,2016,Australia,West Indies
MR Marsh,16,2016,Australia,West Indies
UT Khawaja,98,2016,Australia,West Indies
AJ Finch,0,2016,Australia,West Indies
GJ Bailey,55,2016,Australia,West Indies
SPD Smith,74,2016,Australia,West Indies
NM Coulter-Nile,1,2016,Australia,West Indies
MS Wade,5,2016,Australia,West Indies
JP Faulkner,4,2016,Australia,West Indies
MR Marsh,79,2016,Australia,West Indies
SPD Smith,78,2016,Australia,West Indies
UT Khawaja,17,2016,Australia,West Indies
GJ Bailey,34,2016,Australia,West Indies
AJ Finch,16,2016,Australia,West Indies
GJ Maxwell,46,2016,Australia,West Indies
MR Marsh,32,2016,Australia,West Indies
A Zampa,5,2016,Australia,West Indies
UT Khawaja,14,2016,Australia,West Indies
AJ Finch,47,2016,Australia,West Indies
GJ Bailey,22,2016,Australia,West Indies
SPD Smith,46,2016,Australia,West Indies
MA Starc,17,2016,Australia,West Indies
GJ Maxwell,4,2016,Australia,West Indies
NM Coulter-Nile,15,2016,Australia,West Indies
MS Wade,57,2016,Australia,West Indies
UT Khawaja,82,2016,Australia,Ireland
SPD Smith,59,2016,Australia,Ireland
DA Warner,48,2016,Australia,Ireland
TM Head,18,2016,Australia,South Africa
SM Boland,3,2016,Australia,South Africa
MR Marsh,31,2016,Australia,South Africa
A Zampa,12,2016,Australia,South Africa
DJ Worrall,6,2016,Australia,South Africa
SPD Smith,8,2016,Australia,South Africa
GJ Bailey,74,2016,Australia,South Africa
JW Hastings,51,2016,Australia,South Africa
AJ Finch,33,2016,Australia,South Africa
DA Warner,40,2016,Australia,South Africa
MS Wade,5,2016,Australia,South Africa
A Zampa,8,2016,Australia,South Africa
MR Marsh,19,2016,Australia,South Africa
TM Head,51,2016,Australia,South Africa
SPD Smith,14,2016,Australia,South Africa
CP Tremain,0,2016,Australia,South Africa
JW Hastings,23,2016,Australia,South Africa
AJ Finch,1,2016,Australia,South Africa
DA Warner,50,2016,Australia,South Africa
JM Mennie,1,2016,Australia,South Africa
MS Wade,33,2016,Australia,South Africa
GJ Bailey,9,2016,Australia,South Africa
TM Head,35,2016,Australia,South Africa
MR Marsh,2,2016,Australia,South Africa
SPD Smith,108,2016,Australia,South Africa
GJ Bailey,28,2016,Australia,South Africa
AJ Finch,53,2016,Australia,South Africa
DA Warner,117,2016,Australia,South Africa
MS Wade,17,2016,Australia,South Africa
TM Head,0,2016,Australia,South Africa
SM Boland,0,2016,Australia,South Africa
MR Marsh,50,2016,Australia,South Africa
A Zampa,5,2016,Australia,South Africa
SPD Smith,21,2016,Australia,South Africa
CP Tremain,23,2016,Australia,South Africa
GJ Bailey,1,2016,Australia,South Africa
JW Hastings,4,2016,Australia,South Africa
AJ Finch,2,2016,Australia,South Africa
DA Warner,6,2016,Australia,South Africa
MS Wade,52,2016,Australia,South Africa
TM Head,35,2016,Australia,South Africa
GJ Bailey,2,2016,Australia,South Africa
SM Boland,4,2016,Australia,South Africa
A Zampa,6,2016,Australia,South Africa
MR Marsh,35,2016,Australia,South Africa
SPD Smith,0,2016,Australia,South Africa
CP Tremain,0,2016,Australia,South Africa
MS Wade,7,2016,Australia,South Africa
AJ Finch,19,2016,Australia,South Africa
DA Warner,173,2016,Australia,South Africa
JM Mennie,0,2016,Australia,South Africa
GJ Bailey,39,2016,Australia,Sri Lanka
MC Henriques,6,2016,Australia,Sri Lanka
TM Head,10,2016,Australia,Sri Lanka
AJ Finch,56,2016,Australia,Sri Lanka
MA Starc,5,2016,Australia,Sri Lanka
DA Warner,8,2016,Australia,Sri Lanka
SPD Smith,58,2016,Australia,Sri Lanka
MS Wade,26,2016,Australia,Sri Lanka
JP Faulkner,5,2016,Australia,Sri Lanka
A Zampa,5,2016,Australia,Sri Lanka
MA Starc,0,2016,Australia,Sri Lanka
AJ Finch,4,2016,Australia,Sri Lanka
MS Wade,76,2016,Australia,Sri Lanka
JP Faulkner,13,2016,Australia,Sri Lanka
TM Head,31,2016,Australia,Sri Lanka
NM Lyon,4,2016,Australia,Sri Lanka
MC Henriques,4,2016,Australia,Sri Lanka
SPD Smith,30,2016,Australia,Sri Lanka
DA Warner,1,2016,Australia,Sri Lanka
GJ Bailey,27,2016,Australia,Sri Lanka
TM Head,36,2016,Australia,Sri Lanka
A Zampa,5,2016,Australia,Sri Lanka
SE Marsh,1,2016,Australia,Sri Lanka
AJ Finch,30,2016,Australia,Sri Lanka
JW Hastings,5,2016,Australia,Sri Lanka
DA Warner,10,2016,Australia,Sri Lanka
MA Starc,12,2016,Australia,Sri Lanka
MS Wade,42,2016,Australia,Sri Lanka
GJ Bailey,70,2016,Australia,Sri Lanka
JP Faulkner,4,2016,Australia,Sri Lanka
GJ Bailey,90,2016,Australia,Sri Lanka
TM Head,40,2016,Australia,Sri Lanka
UT Khawaja,0,2016,Australia,Sri Lanka
AJ Finch,55,2016,Australia,Sri Lanka
DA Warner,19,2016,Australia,Sri Lanka
MS Wade,8,2016,Australia,Sri Lanka
GJ Bailey,44,2016,Australia,Sri Lanka
TM Head,13,2016,Australia,Sri Lanka
UT Khawaja,6,2016,Australia,Sri Lanka
JW Hastings,8,2016,Australia,Sri Lanka
DA Warner,106,2016,Australia,Sri Lanka
MS Wade,3,2016,Australia,Sri Lanka
JP Faulkner,8,2016,Australia,Sri Lanka
