PJ Cummins,0,2017,England,Australia
PJ Cummins,1,2017,England,Australia
PJ Cummins,0,2016,England,Australia
PJ Cummins,36,2017,England,New Zealand
PJ Cummins,27,2017,England,New Zealand
JM Bairstow,0,2016,England,Bangladesh
JC Buttler,63,2016,England,Bangladesh
JM Vince,16,2016,England,Bangladesh
MM Ali,6,2016,England,Bangladesh
JJ Roy,41,2016,England,Bangladesh
BA Stokes,101,2016,England,Bangladesh
CR Woakes,16,2016,England,Bangladesh
DJ Willey,0,2016,England,Bangladesh
BM Duckett,60,2016,England,Bangladesh
MM Ali,4,2016,England,Bangladesh
JM Vince,5,2016,England,Bangladesh
JM Bairstow,35,2016,England,Bangladesh
JJ Roy,13,2016,England,Bangladesh
JC Buttler,57,2016,England,Bangladesh
BA Stokes,0,2016,England,Bangladesh
CR Woakes,7,2016,England,Bangladesh
DJ Willey,9,2016,England,Bangladesh
JT Ball,28,2016,England,Bangladesh
BM Duckett,0,2016,England,Bangladesh
BM Duckett,63,2016,England,Bangladesh
MM Ali,1,2016,England,Bangladesh
SW Billings,62,2016,England,Bangladesh
JM Vince,32,2016,England,Bangladesh
JM Bairstow,15,2016,England,Bangladesh
JC Buttler,25,2016,England,Bangladesh
BA Stokes,47,2016,England,Bangladesh
CR Woakes,27,2016,England,Bangladesh
JC Buttler,31,2017,England,India
JE Root,78,2017,England,India
BA Stokes,62,2017,England,India
EJG Morgan,28,2017,England,India
MM Ali,28,2017,England,India
JJ Roy,73,2017,England,India
AD Hales,9,2017,England,India
CR Woakes,9,2017,England,India
DJ Willey,10,2017,England,India
JE Root,54,2017,England,India
AD Hales,14,2017,England,India
BA Stokes,1,2017,England,India
EJG Morgan,102,2017,England,India
MM Ali,55,2017,England,India
JC Buttler,10,2017,England,India
CR Woakes,5,2017,England,India
DJ Willey,5,2017,England,India
JJ Roy,82,2017,England,India
JC Buttler,11,2017,England,India
JM Bairstow,56,2017,England,India
EJG Morgan,43,2017,England,India
MM Ali,2,2017,England,India
BA Stokes,57,2017,England,India
SW Billings,35,2017,England,India
JJ Roy,65,2017,England,India
CR Woakes,34,2017,England,India
JWM Dalrymple,17,2006,England,Ireland
GO Jones,20,2006,England,Ireland
ME Trescothick,113,2006,England,Ireland
AJ Strauss,4,2006,England,Ireland
PD Collingwood,10,2006,England,Ireland
IR Bell,80,2006,England,Ireland
G Chapple,14,2006,England,Ireland
JWM Dalrymple,13,2006,England,Pakistan
IR Bell,9,2006,England,Pakistan
KP Pietersen,17,2006,England,Pakistan
R Clarke,39,2006,England,Pakistan
CMW Read,30,2006,England,Pakistan
D Gough,1,2006,England,Pakistan
ME Trescothick,6,2006,England,Pakistan
J Lewis,2,2006,England,Pakistan
AJ Strauss,0,2006,England,Pakistan
PD Collingwood,35,2006,England,Pakistan
SCJ Broad,1,2006,England,Pakistan
JWM Dalrymple,62,2006,England,Pakistan
IR Bell,42,2006,England,Pakistan
KP Pietersen,20,2006,England,Pakistan
R Clarke,0,2006,England,Pakistan
CMW Read,21,2006,England,Pakistan
J Lewis,7,2006,England,Pakistan
ME Trescothick,0,2006,England,Pakistan
AJ Strauss,50,2006,England,Pakistan
PD Collingwood,61,2006,England,Pakistan
SCJ Broad,0,2006,England,Pakistan
KP Pietersen,41,2006,England,Pakistan
AJ Strauss,78,2006,England,Pakistan
IR Bell,86,2006,England,Pakistan
JWM Dalrymple,0,2006,England,Pakistan
SI Mahmood,22,2006,England,Pakistan
MH Yardy,12,2006,England,Pakistan
CMW Read,4,2006,England,Pakistan
AJ Strauss,35,2006,England,Pakistan
KP Pietersen,34,2006,England,Pakistan
IR Bell,2,2006,England,Pakistan
PD Collingwood,22,2006,England,Pakistan
JWM Dalrymple,67,2006,England,Sri Lanka
KP Pietersen,10,2006,England,Sri Lanka
ME Trescothick,67,2006,England,Sri Lanka
SI Mahmood,8,2006,England,Sri Lanka
SJ Harmison,5,2006,England,Sri Lanka
GO Jones,19,2006,England,Sri Lanka
IR Bell,7,2006,England,Sri Lanka
AJ Strauss,12,2006,England,Sri Lanka
PD Collingwood,0,2006,England,Sri Lanka
TT Bresnan,16,2006,England,Sri Lanka
JWM Dalrymple,37,2006,England,Sri Lanka
GO Jones,8,2006,England,Sri Lanka
IR Bell,40,2006,England,Sri Lanka
KP Pietersen,73,2006,England,Sri Lanka
SJ Harmison,2,2006,England,Sri Lanka
ME Trescothick,9,2006,England,Sri Lanka
AJ Strauss,18,2006,England,Sri Lanka
TT Bresnan,11,2006,England,Sri Lanka
SI Mahmood,4,2006,England,Sri Lanka
PD Collingwood,56,2006,England,Sri Lanka
JWM Dalrymple,35,2006,England,Sri Lanka
GO Jones,22,2006,England,Sri Lanka
IR Bell,77,2006,England,Sri Lanka
KP Pietersen,6,2006,England,Sri Lanka
ME Trescothick,36,2006,England,Sri Lanka
AJ Strauss,32,2006,England,Sri Lanka
PD Collingwood,33,2006,England,Sri Lanka
JWM Dalrymple,33,2006,England,Sri Lanka
GO Jones,23,2006,England,Sri Lanka
IR Bell,30,2006,England,Sri Lanka
AN Cook,39,2006,England,Sri Lanka
ME Trescothick,44,2006,England,Sri Lanka
Kabir Ali,0,2006,England,Sri Lanka
AJ Strauss,45,2006,England,Sri Lanka
SJ Harmison,2,2006,England,Sri Lanka
VS Solanki,10,2006,England,Sri Lanka
TT Bresnan,20,2006,England,Sri Lanka
JWM Dalrymple,30,2006,England,Sri Lanka
GO Jones,2,2006,England,Sri Lanka
IR Bell,18,2006,England,Sri Lanka
ME Trescothick,121,2006,England,Sri Lanka
AN Cook,41,2006,England,Sri Lanka
AJ Strauss,26,2006,England,Sri Lanka
VS Solanki,44,2006,England,Sri Lanka
TT Bresnan,4,2006,England,Sri Lanka
KP Pietersen,46,2006,England,India
Kabir Ali,0,2006,England,India
JM Anderson,12,2006,England,India
ID Blackwell,10,2006,England,India
A Flintoff,41,2006,England,India
OA Shah,4,2006,England,India
GO Jones,0,2006,England,India
MJ Prior,22,2006,England,India
AJ Strauss,0,2006,England,India
PD Collingwood,8,2006,England,India
GO Jones,22,2006,England,India
KP Pietersen,71,2006,England,India
Kabir Ali,1,2006,England,India
JM Anderson,2,2006,England,India
ID Blackwell,9,2006,England,India
A Flintoff,5,2006,England,India
MJ Prior,33,2006,England,India
AJ Strauss,61,2006,England,India
OA Shah,0,2006,England,India
PD Collingwood,5,2006,England,India
ID Blackwell,9,2006,England,India
SI Mahmood,8,2006,England,India
OA Shah,7,2006,England,India
PD Collingwood,93,2006,England,India
JM Anderson,2,2006,England,India
GO Jones,32,2006,England,India
A Flintoff,15,2006,England,India
MJ Prior,37,2006,England,India
AJ Strauss,7,2006,England,India
VS Solanki,10,2006,England,India
AJ Strauss,74,2006,England,India
ID Blackwell,14,2006,England,India
VS Solanki,7,2006,England,India
KP Pietersen,33,2006,England,India
MJ Prior,3,2006,England,India
IR Bell,46,2006,England,India
VRV Singh,8,2006,England,India
PD Collingwood,23,2006,England,India
GO Jones,53,2006,England,India
IR Bell,32,2006,England,India
KP Pietersen,64,2006,England,India
Kabir Ali,1,2006,England,India
ID Blackwell,11,2006,England,India
MJ Prior,2,2006,England,India
AJ Strauss,25,2006,England,India
PD Collingwood,64,2006,England,India
SI Mahmood,9,2006,England,India
JWM Dalrymple,3,2007,England,New Zealand
KP Pietersen,60,2007,England,New Zealand
A Flintoff,0,2007,England,New Zealand
MP Vaughan,26,2007,England,New Zealand
PA Nixon,42,2007,England,New Zealand
IR Bell,5,2007,England,New Zealand
PD Collingwood,31,2007,England,New Zealand
EJG Morgan,2,2007,England,Ireland
JWM Dalrymple,2,2007,England,Canada
KP Pietersen,5,2007,England,Canada
RS Bopara,29,2007,England,Canada
PA Nixon,23,2007,England,Canada
IR Bell,28,2007,England,Canada
PD Collingwood,62,2007,England,Canada
MP Vaughan,45,2007,England,Canada
EJG Morgan,18,2007,England,West Indies
KP Pietersen,56,2007,England,Kenya
MP Vaughan,1,2007,England,Kenya
IR Bell,16,2007,England,Kenya
PD Collingwood,18,2007,England,Kenya
KP Pietersen,48,2007,England,Ireland
EJG Morgan,2,2007,England,Ireland
A Flintoff,43,2007,England,Ireland
RS Bopara,10,2007,England,Ireland
MP Vaughan,6,2007,England,Ireland
PA Nixon,19,2007,England,Ireland
IR Bell,31,2007,England,Ireland
PD Collingwood,90,2007,England,Ireland
EJG Morgan,28,2007,England,Ireland
A Flintoff,2,2007,England,Sri Lanka
KP Pietersen,58,2007,England,Sri Lanka
IR Bell,47,2007,England,Sri Lanka
RS Bopara,52,2007,England,Sri Lanka
MP Vaughan,0,2007,England,Sri Lanka
PA Nixon,42,2007,England,Sri Lanka
SI Mahmood,2,2007,England,Sri Lanka
PD Collingwood,14,2007,England,Sri Lanka
SI Mahmood,0,2007,England,Australia
KP Pietersen,104,2007,England,Australia
IR Bell,77,2007,England,Australia
JM Anderson,0,2007,England,Australia
A Flintoff,4,2007,England,Australia
RS Bopara,21,2007,England,Australia
AJ Strauss,7,2007,England,Australia
MP Vaughan,5,2007,England,Australia
PA Nixon,8,2007,England,Australia
MS Panesar,1,2007,England,Australia
PD Collingwood,2,2007,England,Australia
EJG Morgan,15,2007,England,Ireland
KP Pietersen,10,2007,England,Bangladesh
A Flintoff,23,2007,England,Bangladesh
RS Bopara,0,2007,England,Bangladesh
AJ Strauss,23,2007,England,Bangladesh
MP Vaughan,30,2007,England,Bangladesh
PA Nixon,20,2007,England,Bangladesh
IR Bell,0,2007,England,Bangladesh
PD Collingwood,23,2007,England,Bangladesh
EJG Morgan,0,2007,England,Australia
EJG Morgan,5,2007,England,Bangladesh
SI Mahmood,0,2007,England,South Africa
KP Pietersen,3,2007,England,South Africa
IR Bell,7,2007,England,South Africa
JM Anderson,0,2007,England,South Africa
A Flintoff,5,2007,England,South Africa
RS Bopara,27,2007,England,South Africa
AJ Strauss,46,2007,England,South Africa
MP Vaughan,17,2007,England,South Africa
PA Nixon,1,2007,England,South Africa
MS Panesar,2,2007,England,South Africa
PD Collingwood,30,2007,England,South Africa
EJG Morgan,0,2007,England,Ireland
JWM Dalrymple,1,2007,England,West Indies
KP Pietersen,100,2007,England,West Indies
JM Anderson,0,2007,England,West Indies
AJ Strauss,7,2007,England,West Indies
A Flintoff,15,2007,England,West Indies
MP Vaughan,79,2007,England,West Indies
RS Bopara,26,2007,England,West Indies
PD Collingwood,6,2007,England,West Indies
PA Nixon,38,2007,England,West Indies
SCJ Broad,5,2007,England,West Indies
JWM Dalrymple,2,2007,England,Australia
J Lewis,9,2007,England,Australia
KP Pietersen,82,2007,England,Australia
A Flintoff,47,2007,England,Australia
AJ Strauss,12,2007,England,Australia
MP Vaughan,26,2007,England,Australia
PA Nixon,0,2007,England,Australia
IR Bell,15,2007,England,Australia
PD Collingwood,43,2007,England,Australia
JWM Dalrymple,31,2007,England,Australia
JM Anderson,4,2007,England,Australia
MB Loye,36,2007,England,Australia
CT Tremlett,8,2007,England,Australia
J Lewis,1,2007,England,Australia
A Flintoff,27,2007,England,Australia
AJ Strauss,18,2007,England,Australia
PD Collingwood,0,2007,England,Australia
PA Nixon,9,2007,England,Australia
IR Bell,10,2007,England,Australia
JWM Dalrymple,10,2007,England,Australia
MS Panesar,0,2007,England,Australia
MB Loye,9,2007,England,Australia
CT Tremlett,0,2007,England,Australia
A Flintoff,16,2007,England,Australia
AJ Strauss,17,2007,England,Australia
PD Collingwood,3,2007,England,Australia
PA Nixon,4,2007,England,Australia
IR Bell,35,2007,England,Australia
JWM Dalrymple,30,2007,England,Australia
MB Loye,29,2007,England,Australia
A Flintoff,3,2007,England,Australia
RS Bopara,7,2007,England,Australia
AJ Strauss,26,2007,England,Australia
PA Nixon,4,2007,England,Australia
IR Bell,51,2007,England,Australia
JWM Dalrymple,1,2007,England,New Zealand
IR Bell,45,2007,England,New Zealand
J Lewis,2,2007,England,New Zealand
A Flintoff,72,2007,England,New Zealand
AJ Strauss,28,2007,England,New Zealand
MP Vaughan,17,2007,England,New Zealand
PA Nixon,15,2007,England,New Zealand
PD Collingwood,10,2007,England,New Zealand
JWM Dalrymple,0,2007,England,New Zealand
IR Bell,2,2007,England,New Zealand
MB Loye,8,2007,England,New Zealand
MS Panesar,6,2007,England,New Zealand
J Lewis,5,2007,England,New Zealand
A Flintoff,9,2007,England,New Zealand
AJ Strauss,19,2007,England,New Zealand
PD Collingwood,10,2007,England,New Zealand
PA Nixon,6,2007,England,New Zealand
JWM Dalrymple,14,2007,England,New Zealand
A Flintoff,13,2007,England,New Zealand
IR Bell,31,2007,England,New Zealand
MB Loye,15,2007,England,New Zealand
AJ Strauss,12,2007,England,New Zealand
PD Collingwood,17,2007,England,New Zealand
PA Nixon,49,2007,England,New Zealand
JWM Dalrymple,29,2007,England,New Zealand
A Flintoff,17,2007,England,New Zealand
AJ Strauss,55,2007,England,New Zealand
MP Vaughan,0,2007,England,New Zealand
PA Nixon,0,2007,England,New Zealand
IR Bell,12,2007,England,New Zealand
PD Collingwood,106,2007,England,New Zealand
JWM Dalrymple,3,2007,England,Australia
A Flintoff,35,2007,England,Australia
MB Loye,0,2007,England,Australia
IR Bell,65,2007,England,Australia
PA Nixon,11,2007,England,Australia
AJ Strauss,0,2007,England,Australia
PD Collingwood,120,2007,England,Australia
JWM Dalrymple,5,2007,England,Australia
MB Loye,45,2007,England,Australia
A Flintoff,42,2007,England,Australia
AJ Strauss,6,2007,England,Australia
PD Collingwood,70,2007,England,Australia
PA Nixon,6,2007,England,Australia
IR Bell,26,2007,England,Australia
JWM Dalrymple,24,2006,England,India
MH Yardy,4,2006,England,India
KP Pietersen,27,2006,England,India
IR Bell,4,2006,England,India
CMW Read,2,2006,England,India
JM Anderson,1,2006,England,India
A Flintoff,0,2006,England,India
AJ Strauss,10,2006,England,India
PD Collingwood,38,2006,England,India
SI Mahmood,8,2006,England,India
SJ Harmison,2,2006,England,India
JWM Dalrymple,3,2006,England,Australia
MH Yardy,4,2006,England,Australia
KP Pietersen,1,2006,England,Australia
IR Bell,43,2006,England,Australia
CMW Read,0,2006,England,Australia
JM Anderson,15,2006,England,Australia
A Flintoff,4,2006,England,Australia
AJ Strauss,56,2006,England,Australia
PD Collingwood,22,2006,England,Australia
SI Mahmood,8,2006,England,Australia
SJ Harmison,1,2006,England,Australia
JWM Dalrymple,8,2006,England,West Indies
MH Yardy,10,2006,England,West Indies
KP Pietersen,90,2006,England,West Indies
AJ Strauss,50,2006,England,West Indies
A Flintoff,25,2006,England,West Indies
SI Mahmood,14,2006,England,West Indies
IR Bell,50,2006,England,West Indies
CMW Read,4,2006,England,West Indies
PD Collingwood,0,2006,England,West Indies
KP Pietersen,33,2007,England,West Indies
JM Anderson,0,2007,England,West Indies
SCJ Broad,0,2007,England,West Indies
AD Mascarenhas,2,2007,England,West Indies
OA Shah,42,2007,England,West Indies
MS Panesar,1,2007,England,West Indies
MJ Prior,34,2007,England,West Indies
AN Cook,29,2007,England,West Indies
IR Bell,56,2007,England,West Indies
PD Collingwood,5,2007,England,West Indies
KP Pietersen,9,2007,England,West Indies
AD Mascarenhas,3,2007,England,West Indies
MH Yardy,19,2007,England,West Indies
JM Anderson,3,2007,England,West Indies
SCJ Broad,22,2007,England,West Indies
AN Cook,19,2007,England,West Indies
MJ Prior,52,2007,England,West Indies
RJ Sidebottom,15,2007,England,West Indies
IR Bell,2,2007,England,West Indies
PD Collingwood,1,2007,England,West Indies
OA Shah,45,2007,England,West Indies
KP Pietersen,0,2007,England,West Indies
JM Anderson,11,2007,England,West Indies
SCJ Broad,5,2007,England,West Indies
AN Cook,18,2007,England,West Indies
MJ Prior,1,2007,England,West Indies
MS Panesar,13,2007,England,West Indies
AD Mascarenhas,5,2007,England,West Indies
IR Bell,27,2007,England,West Indies
PD Collingwood,44,2007,England,West Indies
OA Shah,51,2007,England,West Indies
IR Bell,126,2007,England,India
KP Pietersen,33,2007,England,India
AN Cook,102,2007,England,India
MJ Prior,19,2007,England,India
A Flintoff,9,2007,England,India
SCJ Broad,29,2007,England,India
KP Pietersen,25,2007,England,India
RS Bopara,17,2007,England,India
IR Bell,64,2007,England,India
CT Tremlett,0,2007,England,India
AN Cook,36,2007,England,India
MJ Prior,33,2007,England,India
AD Mascarenhas,52,2007,England,India
PD Collingwood,27,2007,England,India
KP Pietersen,9,2007,England,India
RS Bopara,10,2007,England,India
IR Bell,79,2007,England,India
AN Cook,40,2007,England,India
MJ Prior,34,2007,England,India
CT Tremlett,19,2007,England,India
PD Collingwood,44,2007,England,India
SCJ Broad,10,2007,England,India
OA Shah,19,2007,England,India
A Flintoff,5,2007,England,India
SCJ Broad,45,2007,England,India
OA Shah,8,2007,England,India
KP Pietersen,18,2007,England,India
RS Bopara,43,2007,England,India
IR Bell,24,2007,England,India
AN Cook,0,2007,England,India
MJ Prior,4,2007,England,India
PD Collingwood,47,2007,England,India
JM Anderson,1,2007,England,India
IR Bell,44,2007,England,India
KP Pietersen,0,2007,England,India
RS Bopara,11,2007,England,India
J Lewis,17,2007,England,India
SCJ Broad,1,2007,England,India
AN Cook,4,2007,England,India
MJ Prior,46,2007,England,India
PD Collingwood,91,2007,England,India
OA Shah,15,2007,England,India
IR Bell,49,2007,England,India
KP Pietersen,53,2007,England,India
AD Mascarenhas,36,2007,England,India
AN Cook,0,2007,England,India
MJ Prior,6,2007,England,India
PD Collingwood,1,2007,England,India
LJ Wright,50,2007,England,India
OA Shah,107,2007,England,India
LJ Wright,0,2007,England,India
IR Bell,36,2007,England,India
KP Pietersen,71,2007,England,India
MJ Prior,0,2007,England,India
PD Collingwood,64,2007,England,India
AN Cook,46,2007,England,Sri Lanka
SCJ Broad,1,2007,England,Sri Lanka
IR Bell,0,2007,England,Sri Lanka
KP Pietersen,1,2007,England,Sri Lanka
GP Swann,24,2007,England,Sri Lanka
JM Anderson,0,2007,England,Sri Lanka
P Mustard,27,2007,England,Sri Lanka
RS Bopara,27,2007,England,Sri Lanka
PD Collingwood,9,2007,England,Sri Lanka
RJ Sidebottom,2,2007,England,Sri Lanka
OA Shah,7,2007,England,Sri Lanka
IR Bell,18,2007,England,Sri Lanka
KP Pietersen,12,2007,England,Sri Lanka
RJ Sidebottom,1,2007,England,Sri Lanka
P Mustard,28,2007,England,Sri Lanka
GP Swann,34,2007,England,Sri Lanka
AN Cook,1,2007,England,Sri Lanka
RS Bopara,1,2007,England,Sri Lanka
PD Collingwood,42,2007,England,Sri Lanka
SCJ Broad,8,2007,England,Sri Lanka
OA Shah,82,2007,England,Sri Lanka
AN Cook,80,2007,England,Sri Lanka
OA Shah,9,2007,England,Sri Lanka
KP Pietersen,63,2007,England,Sri Lanka
IR Bell,25,2007,England,Sri Lanka
P Mustard,19,2007,England,Sri Lanka
RS Bopara,1,2007,England,Sri Lanka
PD Collingwood,0,2007,England,Sri Lanka
RJ Sidebottom,0,2007,England,Sri Lanka
IR Bell,11,2007,England,Sri Lanka
JM Anderson,2,2007,England,Sri Lanka
OA Shah,4,2007,England,Sri Lanka
MS Panesar,3,2007,England,Sri Lanka
KP Pietersen,28,2007,England,Sri Lanka
P Mustard,1,2007,England,Sri Lanka
AN Cook,28,2007,England,Sri Lanka
RS Bopara,16,2007,England,Sri Lanka
PD Collingwood,2,2007,England,Sri Lanka
SCJ Broad,1,2007,England,Sri Lanka
KP Pietersen,110,2008,England,New Zealand
TR Ambrose,1,2008,England,New Zealand
RS Bopara,4,2008,England,New Zealand
OA Shah,49,2008,England,New Zealand
LJ Wright,11,2008,England,New Zealand
IR Bell,46,2008,England,New Zealand
PD Collingwood,64,2008,England,New Zealand
SCJ Broad,17,2008,England,New Zealand
KP Pietersen,4,2008,England,New Zealand
GP Swann,29,2008,England,New Zealand
TR Ambrose,0,2008,England,New Zealand
RS Bopara,27,2008,England,New Zealand
CT Tremlett,3,2008,England,New Zealand
OA Shah,0,2008,England,New Zealand
LJ Wright,2,2008,England,New Zealand
JM Anderson,0,2008,England,New Zealand
IR Bell,20,2008,England,New Zealand
PD Collingwood,34,2008,England,New Zealand
KP Pietersen,0,2008,England,New Zealand
TR Ambrose,6,2008,England,New Zealand
JM Anderson,11,2008,England,New Zealand
OA Shah,63,2008,England,New Zealand
SCJ Broad,5,2008,England,New Zealand
RJ Sidebottom,8,2008,England,New Zealand
RS Bopara,58,2008,England,New Zealand
GP Swann,3,2008,England,New Zealand
PD Collingwood,14,2008,England,New Zealand
LJ Wright,18,2008,England,New Zealand
IR Bell,46,2008,England,New Zealand
AN Cook,24,2008,England,New Zealand
IR Bell,27,2008,England,New Zealand
KP Pietersen,6,2008,England,New Zealand
TR Ambrose,2,2008,England,New Zealand
GP Swann,12,2008,England,New Zealand
RS Bopara,30,2008,England,New Zealand
OA Shah,69,2008,England,New Zealand
LJ Wright,6,2008,England,New Zealand
RJ Sidebottom,10,2008,England,New Zealand
JM Anderson,2,2008,England,New Zealand
SCJ Broad,5,2008,England,New Zealand
KP Pietersen,90,2008,England,South Africa
A Flintoff,78,2008,England,South Africa
MJ Prior,42,2008,England,South Africa
OA Shah,12,2008,England,South Africa
LJ Wright,2,2008,England,South Africa
IR Bell,35,2008,England,South Africa
MJ Prior,45,2008,England,South Africa
IR Bell,28,2008,England,South Africa
KP Pietersen,5,2008,England,South Africa
A Flintoff,78,2008,England,South Africa
MJ Prior,33,2008,England,South Africa
OA Shah,23,2008,England,South Africa
LJ Wright,17,2008,England,South Africa
SR Patel,31,2008,England,South Africa
IR Bell,73,2008,England,South Africa
PD Collingwood,14,2008,England,South Africa
KP Pietersen,40,2008,England,South Africa
A Flintoff,31,2008,England,South Africa
OA Shah,44,2008,England,South Africa
MJ Prior,0,2008,England,South Africa
IR Bell,13,2008,England,South Africa
IR Bell,5,2008,England,New Zealand
KP Pietersen,6,2008,England,New Zealand
RJ Sidebottom,4,2008,England,New Zealand
P Mustard,31,2008,England,New Zealand
JM Anderson,3,2008,England,New Zealand
GP Swann,7,2008,England,New Zealand
AN Cook,11,2008,England,New Zealand
RS Bopara,3,2008,England,New Zealand
PD Collingwood,12,2008,England,New Zealand
SCJ Broad,18,2008,England,New Zealand
OA Shah,20,2008,England,New Zealand
IR Bell,0,2008,England,New Zealand
KP Pietersen,29,2008,England,New Zealand
RJ Sidebottom,2,2008,England,New Zealand
P Mustard,13,2008,England,New Zealand
JM Anderson,2,2008,England,New Zealand
GP Swann,1,2008,England,New Zealand
AN Cook,53,2008,England,New Zealand
RS Bopara,23,2008,England,New Zealand
PD Collingwood,1,2008,England,New Zealand
SCJ Broad,23,2008,England,New Zealand
OA Shah,0,2008,England,New Zealand
AN Cook,9,2008,England,New Zealand
IR Bell,73,2008,England,New Zealand
KP Pietersen,41,2008,England,New Zealand
P Mustard,15,2008,England,New Zealand
CS Martin,2,2008,England,New Zealand
PD Collingwood,70,2008,England,New Zealand
OA Shah,18,2008,England,New Zealand
KP Pietersen,39,2008,England,New Zealand
IR Bell,24,2008,England,New Zealand
P Mustard,2,2008,England,New Zealand
AN Cook,42,2008,England,New Zealand
AD Mascarenhas,29,2008,England,New Zealand
PD Collingwood,14,2008,England,New Zealand
LJ Wright,47,2008,England,New Zealand
SCJ Broad,11,2008,England,New Zealand
OA Shah,29,2008,England,New Zealand
SCJ Broad,2,2009,England,Australia
RJ Sidebottom,13,2009,England,Australia
MJ Prior,28,2009,England,Australia
GP Swann,4,2009,England,Australia
RS Bopara,49,2009,England,Australia
AJ Strauss,12,2009,England,Australia
OA Shah,40,2009,England,Australia
LJ Wright,38,2009,England,Australia
PD Collingwood,23,2009,England,Australia
TT Bresnan,5,2009,England,Australia
RJ Sidebottom,0,2009,England,Australia
MJ Prior,1,2009,England,Australia
EJG Morgan,14,2009,England,Australia
GP Swann,14,2009,England,Australia
JM Anderson,0,2009,England,Australia
RS Bopara,27,2009,England,Australia
AJ Strauss,47,2009,England,Australia
OA Shah,12,2009,England,Australia
LJ Wright,20,2009,England,Australia
PD Collingwood,56,2009,England,Australia
OA Shah,8,2009,England,Australia
RJ Sidebottom,24,2009,England,Australia
MJ Prior,0,2009,England,Australia
EJG Morgan,43,2009,England,Australia
GP Swann,3,2009,England,Australia
RS Bopara,10,2009,England,Australia
AJ Strauss,63,2009,England,Australia
PD Collingwood,28,2009,England,Australia
LJ Wright,9,2009,England,Australia
TT Bresnan,31,2009,England,Australia
JL Denly,11,2009,England,Australia
RJ Sidebottom,2,2009,England,Australia
MJ Prior,29,2009,England,Australia
EJG Morgan,13,2009,England,Australia
RS Bopara,26,2009,England,Australia
AJ Strauss,63,2009,England,Australia
OA Shah,39,2009,England,Australia
LJ Wright,12,2009,England,Australia
SCJ Broad,2,2009,England,Australia
TT Bresnan,11,2009,England,Australia
JL Denly,45,2009,England,Australia
RJ Sidebottom,3,2009,England,Australia
AD Mascarenhas,19,2009,England,Australia
EJG Morgan,58,2009,England,Australia
RS Bopara,18,2009,England,Australia
AJ Strauss,35,2009,England,Australia
OA Shah,31,2009,England,Australia
MJ Prior,37,2009,England,Australia
SCJ Broad,22,2009,England,Australia
TT Bresnan,4,2009,England,Australia
JL Denly,25,2009,England,Australia
JM Anderson,1,2009,England,Australia
RJ Sidebottom,15,2009,England,Australia
MJ Prior,6,2009,England,Australia
EJG Morgan,23,2009,England,Australia
GP Swann,12,2009,England,Australia
RS Bopara,24,2009,England,Australia
AJ Strauss,0,2009,England,Australia
AD Mascarenhas,11,2009,England,Australia
TT Bresnan,31,2009,England,Australia
OA Shah,23,2009,England,Australia
JL Denly,53,2009,England,Australia
MJ Prior,11,2009,England,Australia
EJG Morgan,2,2009,England,Australia
TT Bresnan,10,2009,England,Australia
RS Bopara,13,2009,England,Australia
AJ Strauss,47,2009,England,Australia
OA Shah,7,2009,England,Australia
PD Collingwood,13,2009,England,Australia
KP Pietersen,17,2009,England,West Indies
AD Mascarenhas,0,2009,England,West Indies
RS Bopara,43,2009,England,West Indies
AJ Strauss,15,2009,England,West Indies
OA Shah,62,2009,England,West Indies
GJ Batty,2,2009,England,West Indies
MJ Prior,26,2009,England,West Indies
SCJ Broad,8,2009,England,West Indies
PD Collingwood,69,2009,England,West Indies
AJ Strauss,105,2009,England,West Indies
JM Anderson,8,2009,England,West Indies
RS Bopara,14,2009,England,West Indies
OA Shah,22,2009,England,West Indies
KP Pietersen,12,2009,England,West Indies
AD Mascarenhas,29,2009,England,West Indies
GJ Batty,5,2009,England,West Indies
MJ Prior,2,2009,England,West Indies
SCJ Broad,3,2009,England,West Indies
PD Collingwood,1,2009,England,West Indies
SJ Harmison,18,2009,England,West Indies
KP Pietersen,3,2009,England,West Indies
AD Mascarenhas,36,2009,England,West Indies
JM Anderson,0,2009,England,West Indies
A Flintoff,0,2009,England,West Indies
RS Bopara,10,2009,England,West Indies
AJ Strauss,2,2009,England,West Indies
OA Shah,17,2009,England,West Indies
GJ Batty,17,2009,England,West Indies
MJ Prior,7,2009,England,West Indies
SCJ Broad,0,2009,England,West Indies
PD Collingwood,6,2009,England,West Indies
AJ Strauss,79,2009,England,West Indies
RS Bopara,35,2009,England,West Indies
MJ Prior,14,2009,England,West Indies
KP Pietersen,48,2009,England,West Indies
MJ Prior,25,2009,England,West Indies
A Flintoff,3,2009,England,West Indies
RS Bopara,44,2009,England,West Indies
AJ Strauss,3,2009,England,West Indies
OA Shah,6,2009,England,West Indies
PD Collingwood,35,2009,England,West Indies
IR Bell,25,2008,England,India
KP Pietersen,63,2008,England,India
RS Bopara,54,2008,England,India
JM Anderson,0,2008,England,India
SCJ Broad,26,2008,England,India
A Flintoff,4,2008,England,India
MJ Prior,4,2008,England,India
OA Shah,0,2008,England,India
SR Patel,28,2008,England,India
PD Collingwood,19,2008,England,India
KP Pietersen,33,2008,England,India
JM Anderson,1,2008,England,India
A Flintoff,43,2008,England,India
OA Shah,58,2008,England,India
SR Patel,20,2008,England,India
SJ Harmison,6,2008,England,India
IR Bell,1,2008,England,India
MJ Prior,38,2008,England,India
RS Bopara,3,2008,England,India
PD Collingwood,2,2008,England,India
SCJ Broad,22,2008,England,India
IR Bell,46,2008,England,India
KP Pietersen,13,2008,England,India
MJ Prior,5,2008,England,India
JM Anderson,1,2008,England,India
GP Swann,5,2008,England,India
A Flintoff,26,2008,England,India
RS Bopara,60,2008,England,India
PD Collingwood,1,2008,England,India
SR Patel,26,2008,England,India
SCJ Broad,0,2008,England,India
OA Shah,40,2008,England,India
SCJ Broad,0,2008,England,India
KP Pietersen,5,2008,England,India
GP Swann,5,2008,England,India
A Flintoff,41,2008,England,India
RS Bopara,1,2008,England,India
OA Shah,72,2008,England,India
SR Patel,11,2008,England,India
IR Bell,12,2008,England,India
PD Collingwood,22,2008,England,India
A Flintoff,0,2008,England,India
KP Pietersen,111,2008,England,India
AN Cook,11,2008,England,India
RS Bopara,24,2008,England,India
PD Collingwood,40,2008,England,India
OA Shah,66,2008,England,India
AJ Strauss,4,2009,England,West Indies
RS Bopara,43,2009,England,West Indies
EJG Morgan,2,2009,England,West Indies
MJ Prior,11,2009,England,West Indies
PD Collingwood,47,2009,England,West Indies
OA Shah,38,2009,England,West Indies
AD Mascarenhas,0,2009,England,West Indies
EJG Morgan,6,2009,England,West Indies
RS Bopara,49,2009,England,West Indies
AJ Strauss,52,2009,England,West Indies
OA Shah,75,2009,England,West Indies
MJ Prior,87,2009,England,West Indies
SCJ Broad,6,2009,England,West Indies
PD Collingwood,23,2009,England,West Indies
TT Bresnan,9,2009,England,West Indies
JL Denly,67,2009,England,Ireland
RJ Sidebottom,5,2009,England,Ireland
IJL Trott,0,2009,England,Ireland
OA Shah,21,2009,England,Ireland
RS Bopara,0,2009,England,Ireland
GP Swann,5,2009,England,Ireland
MJ Prior,29,2009,England,Ireland
LJ Wright,36,2009,England,Ireland
TT Bresnan,14,2009,England,Ireland
PD Collingwood,9,2009,England,Ireland
KP Pietersen,4,2009,England,South Africa
IJL Trott,87,2009,England,South Africa
EJG Morgan,27,2009,England,South Africa
AJ Strauss,16,2009,England,South Africa
PD Collingwood,105,2009,England,South Africa
KP Pietersen,45,2009,England,South Africa
JM Anderson,1,2009,England,South Africa
GP Swann,6,2009,England,South Africa
IJL Trott,9,2009,England,South Africa
EJG Morgan,0,2009,England,South Africa
AJ Strauss,24,2009,England,South Africa
PD Collingwood,86,2009,England,South Africa
LJ Wright,24,2009,England,South Africa
MJ Prior,16,2009,England,South Africa
SCJ Broad,10,2009,England,South Africa
TT Bresnan,7,2009,England,South Africa
IJL Trott,52,2009,England,South Africa
KP Pietersen,3,2009,England,South Africa
EJG Morgan,28,2009,England,South Africa
AJ Strauss,32,2009,England,South Africa
PD Collingwood,2,2009,England,South Africa
EJG Morgan,60,2009,England,Ireland
JL Denly,5,2009,England,Sri Lanka
MJ Prior,28,2009,England,Sri Lanka
PD Collingwood,46,2009,England,Sri Lanka
EJG Morgan,62,2009,England,Sri Lanka
AJ Strauss,9,2009,England,Sri Lanka
OA Shah,44,2009,England,Sri Lanka
JL Denly,21,2009,England,South Africa
EJG Morgan,67,2009,England,South Africa
JM Anderson,2,2009,England,South Africa
GP Swann,8,2009,England,South Africa
RS Bopara,1,2009,England,South Africa
AJ Strauss,25,2009,England,South Africa
OA Shah,98,2009,England,South Africa
LJ Wright,8,2009,England,South Africa
SCJ Broad,0,2009,England,South Africa
PD Collingwood,82,2009,England,South Africa
JL Denly,5,2009,England,New Zealand
RJ Sidebottom,20,2009,England,New Zealand
EJG Morgan,9,2009,England,New Zealand
JM Anderson,4,2009,England,New Zealand
GP Swann,11,2009,England,New Zealand
RS Bopara,30,2009,England,New Zealand
AJ Strauss,0,2009,England,New Zealand
OA Shah,3,2009,England,New Zealand
LJ Wright,4,2009,England,New Zealand
SCJ Broad,1,2009,England,New Zealand
PD Collingwood,40,2009,England,New Zealand
JL Denly,36,2009,England,Australia
LJ Wright,48,2009,England,Australia
EJG Morgan,9,2009,England,Australia
JM Anderson,5,2009,England,Australia
GP Swann,18,2009,England,Australia
AJ Strauss,14,2009,England,Australia
OA Shah,0,2009,England,Australia
SM Davies,5,2009,England,Australia
PD Collingwood,34,2009,England,Australia
G Onions,1,2009,England,Australia
TT Bresnan,80,2009,England,Australia
MH Yardy,1,2010,England,Australia
KP Pietersen,29,2010,England,Australia
EJG Morgan,103,2010,England,Australia
TT Bresnan,27,2010,England,Australia
AJ Strauss,10,2010,England,Australia
C Kieswetter,38,2010,England,Australia
LJ Wright,36,2010,England,Australia
PD Collingwood,11,2010,England,Australia
KP Pietersen,33,2010,England,Australia
EJG Morgan,52,2010,England,Australia
GP Swann,19,2010,England,Australia
TT Bresnan,12,2010,England,Australia
AJ Strauss,51,2010,England,Australia
C Kieswetter,8,2010,England,Australia
LJ Wright,10,2010,England,Australia
PD Collingwood,48,2010,England,Australia
SCJ Broad,0,2010,England,Australia
MH Yardy,8,2010,England,Australia
KP Pietersen,25,2010,England,Australia
EJG Morgan,27,2010,England,Australia
GP Swann,1,2010,England,Australia
TT Bresnan,14,2010,England,Australia
AJ Strauss,87,2010,England,Australia
C Kieswetter,0,2010,England,Australia
LJ Wright,0,2010,England,Australia
PD Collingwood,40,2010,England,Australia
SCJ Broad,4,2010,England,Australia
MH Yardy,57,2010,England,Australia
KP Pietersen,8,2010,England,Australia
EJG Morgan,47,2010,England,Australia
GP Swann,1,2010,England,Australia
TT Bresnan,22,2010,England,Australia
JM Anderson,0,2010,England,Australia
AJ Strauss,37,2010,England,Australia
C Kieswetter,12,2010,England,Australia
LJ Wright,2,2010,England,Australia
PD Collingwood,15,2010,England,Australia
SCJ Broad,3,2010,England,Australia
MH Yardy,0,2010,England,Australia
KP Pietersen,0,2010,England,Australia
EJG Morgan,9,2010,England,Australia
GP Swann,33,2010,England,Australia
JM Anderson,5,2010,England,Australia
AJ Strauss,6,2010,England,Australia
C Kieswetter,11,2010,England,Australia
LJ Wright,21,2010,England,Australia
TT Bresnan,34,2010,England,Australia
PD Collingwood,95,2010,England,Australia
MH Yardy,10,2010,England,Bangladesh
EJG Morgan,23,2010,England,Bangladesh
AJ Strauss,50,2010,England,Bangladesh
C Kieswetter,32,2010,England,Bangladesh
IR Bell,84,2010,England,Bangladesh
PD Collingwood,33,2010,England,Bangladesh
JM Anderson,2,2010,England,Bangladesh
MH Yardy,10,2010,England,Bangladesh
EJG Morgan,1,2010,England,Bangladesh
A Shahzad,5,2010,England,Bangladesh
IJL Trott,94,2010,England,Bangladesh
AJ Strauss,33,2010,England,Bangladesh
C Kieswetter,20,2010,England,Bangladesh
LJ Wright,15,2010,England,Bangladesh
SCJ Broad,21,2010,England,Bangladesh
PD Collingwood,10,2010,England,Bangladesh
MH Yardy,8,2010,England,Bangladesh
EJG Morgan,1,2010,England,Bangladesh
IJL Trott,110,2010,England,Bangladesh
RS Bopara,45,2010,England,Bangladesh
AJ Strauss,154,2010,England,Bangladesh
C Kieswetter,0,2010,England,Bangladesh
LJ Wright,0,2010,England,Bangladesh
PD Collingwood,8,2010,England,Bangladesh
TT Bresnan,10,2010,England,Bangladesh
KP Pietersen,1,2010,England,Bangladesh
EJG Morgan,33,2010,England,Bangladesh
AN Cook,64,2010,England,Bangladesh
MJ Prior,30,2010,England,Bangladesh
C Kieswetter,19,2010,England,Bangladesh
PD Collingwood,75,2010,England,Bangladesh
JC Tredwell,2,2010,England,Bangladesh
KP Pietersen,18,2010,England,Bangladesh
EJG Morgan,110,2010,England,Bangladesh
AN Cook,60,2010,England,Bangladesh
MJ Prior,42,2010,England,Bangladesh
GP Swann,2,2010,England,Bangladesh
C Kieswetter,4,2010,England,Bangladesh
LJ Wright,7,2010,England,Bangladesh
TT Bresnan,0,2010,England,Bangladesh
PD Collingwood,7,2010,England,Bangladesh
KP Pietersen,22,2010,England,Bangladesh
EJG Morgan,36,2010,England,Bangladesh
AN Cook,32,2010,England,Bangladesh
C Kieswetter,107,2010,England,Bangladesh
LJ Wright,32,2010,England,Bangladesh
PD Collingwood,36,2010,England,Bangladesh
TT Bresnan,6,2010,England,Bangladesh
MH Yardy,1,2010,England,Pakistan
EJG Morgan,13,2010,England,Pakistan
IJL Trott,69,2010,England,Pakistan
RS Bopara,35,2010,England,Pakistan
AJ Strauss,41,2010,England,Pakistan
PD Collingwood,14,2010,England,Pakistan
SM Davies,87,2010,England,Pakistan
TT Bresnan,1,2010,England,Pakistan
RS Bopara,16,2010,England,Pakistan
MH Yardy,13,2010,England,Pakistan
EJG Morgan,16,2010,England,Pakistan
IJL Trott,53,2010,England,Pakistan
AJ Strauss,126,2010,England,Pakistan
PD Collingwood,19,2010,England,Pakistan
SM Davies,26,2010,England,Pakistan
TT Bresnan,10,2010,England,Pakistan
JM Anderson,3,2010,England,Pakistan
LJ Wright,48,2010,England,Pakistan
EJG Morgan,61,2010,England,Pakistan
IJL Trott,2,2010,England,Pakistan
MH Yardy,4,2010,England,Pakistan
GP Swann,0,2010,England,Pakistan
RS Bopara,7,2010,England,Pakistan
AJ Strauss,57,2010,England,Pakistan
SM Davies,18,2010,England,Pakistan
SCJ Broad,4,2010,England,Pakistan
TT Bresnan,0,2010,England,Pakistan
SCJ Broad,2,2010,England,Pakistan
MH Yardy,9,2010,England,Pakistan
JM Anderson,2,2010,England,Pakistan
EJG Morgan,28,2010,England,Pakistan
GP Swann,12,2010,England,Pakistan
IJL Trott,4,2010,England,Pakistan
AJ Strauss,68,2010,England,Pakistan
PD Collingwood,4,2010,England,Pakistan
SM Davies,49,2010,England,Pakistan
IR Bell,27,2010,England,Pakistan
TT Bresnan,1,2010,England,Pakistan
LJ Wright,1,2010,England,Pakistan
EJG Morgan,107,2010,England,Pakistan
IJL Trott,3,2010,England,Pakistan
AJ Strauss,25,2010,England,Pakistan
PD Collingwood,47,2010,England,Pakistan
SM Davies,17,2010,England,Pakistan
IR Bell,28,2010,England,Pakistan
TT Bresnan,18,2010,England,Pakistan
KP Pietersen,39,2011,England,Netherlands
IJL Trott,62,2011,England,Netherlands
RS Bopara,30,2011,England,Netherlands
AJ Strauss,88,2011,England,Netherlands
PD Collingwood,30,2011,England,Netherlands
IR Bell,33,2011,England,Netherlands
HMRKB Herath,4,2011,England,Sri Lanka
MH Yardy,3,2011,England,Ireland
KP Pietersen,59,2011,England,Ireland
GP Swann,9,2011,England,Ireland
IJL Trott,92,2011,England,Ireland
MJ Prior,6,2011,England,Ireland
AJ Strauss,34,2011,England,Ireland
PD Collingwood,16,2011,England,Ireland
IR Bell,81,2011,England,Ireland
TT Bresnan,4,2011,England,Ireland
KP Pietersen,2,2011,England,South Africa
JM Anderson,2,2011,England,South Africa
SCJ Broad,0,2011,England,South Africa
IJL Trott,52,2011,England,South Africa
MH Yardy,3,2011,England,South Africa
RS Bopara,60,2011,England,South Africa
GP Swann,16,2011,England,South Africa
MJ Prior,10,2011,England,South Africa
AJ Strauss,0,2011,England,South Africa
IR Bell,5,2011,England,South Africa
TT Bresnan,1,2011,England,South Africa
A Shahzad,1,2011,England,Bangladesh
RS Bopara,16,2011,England,Bangladesh
EJG Morgan,63,2011,England,Bangladesh
JM Anderson,2,2011,England,Bangladesh
GP Swann,12,2011,England,Bangladesh
IJL Trott,67,2011,England,Bangladesh
MJ Prior,15,2011,England,Bangladesh
AJ Strauss,18,2011,England,Bangladesh
PD Collingwood,14,2011,England,Bangladesh
IR Bell,5,2011,England,Bangladesh
TT Bresnan,2,2011,England,Bangladesh
AJ Strauss,31,2011,England,West Indies
JC Tredwell,9,2011,England,West Indies
IJL Trott,47,2011,England,West Indies
MJ Prior,21,2011,England,West Indies
GP Swann,8,2011,England,West Indies
CT Tremlett,3,2011,England,West Indies
RS Bopara,4,2011,England,West Indies
LJ Wright,44,2011,England,West Indies
IR Bell,27,2011,England,West Indies
EJG Morgan,7,2011,England,West Indies
TT Bresnan,20,2011,England,West Indies
IJL Trott,86,2011,England,Sri Lanka
RS Bopara,31,2011,England,Sri Lanka
AJ Strauss,5,2011,England,Sri Lanka
LJ Wright,1,2011,England,Sri Lanka
MJ Prior,22,2011,England,Sri Lanka
EJG Morgan,50,2011,England,Sri Lanka
IR Bell,25,2011,England,Sri Lanka
GP Swann,0,2011,England,Sri Lanka
MH Yardy,9,2011,England,Australia
KP Pietersen,78,2011,England,Australia
EJG Morgan,8,2011,England,Australia
A Shahzad,9,2011,England,Australia
GP Swann,4,2011,England,Australia
IJL Trott,6,2011,England,Australia
CT Tremlett,7,2011,England,Australia
AJ Strauss,63,2011,England,Australia
SM Davies,42,2011,England,Australia
IR Bell,23,2011,England,Australia
TT Bresnan,28,2011,England,Australia
IR Bell,32,2011,England,Australia
JC Tredwell,16,2011,England,Australia
EJG Morgan,21,2011,England,Australia
A Shahzad,2,2011,England,Australia
IJL Trott,32,2011,England,Australia
MJ Prior,0,2011,England,Australia
AJ Strauss,19,2011,England,Australia
KP Pietersen,0,2011,England,Australia
CT Tremlett,1,2011,England,Australia
MH Yardy,22,2011,England,Australia
TT Bresnan,19,2011,England,Australia
MH Yardy,7,2011,England,Australia
EJG Morgan,30,2011,England,Australia
A Shahzad,4,2011,England,Australia
IJL Trott,84,2011,England,Australia
MJ Prior,0,2011,England,Australia
CT Tremlett,1,2011,England,Australia
AJ Strauss,23,2011,England,Australia
PD Collingwood,1,2011,England,Australia
LJ Wright,32,2011,England,Australia
IR Bell,10,2011,England,Australia
CR Woakes,12,2011,England,Australia
MH Yardy,39,2011,England,Australia
KP Pietersen,12,2011,England,Australia
EJG Morgan,24,2011,England,Australia
A Shahzad,4,2011,England,Australia
IJL Trott,102,2011,England,Australia
MJ Prior,67,2011,England,Australia
CT Tremlett,0,2011,England,Australia
AJ Strauss,8,2011,England,Australia
PD Collingwood,27,2011,England,Australia
IR Bell,0,2011,England,Australia
KP Pietersen,40,2011,England,Australia
EJG Morgan,2,2011,England,Australia
JM Anderson,20,2011,England,Australia
ST Finn,35,2011,England,Australia
IJL Trott,0,2011,England,Australia
CR Woakes,8,2011,England,Australia
A Shahzad,9,2011,England,Australia
MJ Prior,14,2011,England,Australia
AJ Strauss,3,2011,England,Australia
PD Collingwood,18,2011,England,Australia
IR Bell,36,2011,England,Australia
KP Pietersen,29,2011,England,Australia
EJG Morgan,21,2011,England,Australia
IJL Trott,137,2011,England,Australia
MJ Prior,18,2011,England,Australia
AJ Strauss,63,2011,England,Australia
PD Collingwood,7,2011,England,Australia
IR Bell,45,2011,England,Australia
IR Bell,8,2011,England,Australia
KP Pietersen,26,2011,England,Australia
MJ Prior,39,2011,England,Australia
MH Yardy,60,2011,England,Australia
JM Anderson,4,2011,England,Australia
ST Finn,0,2011,England,Australia
IJL Trott,14,2011,England,Australia
AJ Strauss,0,2011,England,Australia
SM Davies,0,2011,England,Australia
LJ Wright,24,2011,England,Australia
HMRKB Herath,2,2010,England,Sri Lanka
HMRKB Herath,2,2011,England,Sri Lanka
IJL Trott,23,2011,England,Sri Lanka
IR Bell,12,2011,England,Sri Lanka
KP Pietersen,26,2011,England,Sri Lanka
EJG Morgan,45,2011,England,Sri Lanka
GP Swann,2,2011,England,Sri Lanka
AN Cook,5,2011,England,Sri Lanka
C Kieswetter,61,2011,England,Sri Lanka
SCJ Broad,13,2011,England,Sri Lanka
TT Bresnan,23,2011,England,Sri Lanka
IR Bell,35,2011,England,Sri Lanka
IJL Trott,39,2011,England,Sri Lanka
AN Cook,48,2011,England,Sri Lanka
KP Pietersen,13,2011,England,Sri Lanka
GP Swann,13,2011,England,Sri Lanka
JW Dernbach,5,2011,England,Sri Lanka
JM Anderson,0,2011,England,Sri Lanka
SCJ Broad,1,2011,England,Sri Lanka
EJG Morgan,52,2011,England,Sri Lanka
C Kieswetter,25,2011,England,Sri Lanka
TT Bresnan,2,2011,England,Sri Lanka
IJL Trott,2,2011,England,Sri Lanka
IR Bell,30,2011,England,Sri Lanka
KP Pietersen,41,2011,England,Sri Lanka
EJG Morgan,4,2011,England,Sri Lanka
GP Swann,11,2011,England,Sri Lanka
AN Cook,119,2011,England,Sri Lanka
C Kieswetter,3,2011,England,Sri Lanka
SCJ Broad,1,2011,England,Sri Lanka
TT Bresnan,26,2011,England,Sri Lanka
AN Cook,95,2011,England,Sri Lanka
C Kieswetter,72,2011,England,Sri Lanka
IJL Trott,72,2011,England,Sri Lanka
KP Pietersen,5,2011,England,Sri Lanka
EJG Morgan,57,2011,England,Sri Lanka
JW Dernbach,3,2011,England,Sri Lanka
JM Anderson,12,2011,England,Sri Lanka
GP Swann,5,2011,England,Sri Lanka
AN Cook,31,2011,England,Sri Lanka
C Kieswetter,43,2011,England,Sri Lanka
SR Patel,8,2011,England,Sri Lanka
IR Bell,4,2011,England,Sri Lanka
TT Bresnan,6,2011,England,Sri Lanka
IR Bell,25,2011,England,India
AN Cook,80,2011,England,India
RS Bopara,24,2011,England,India
C Kieswetter,46,2011,England,India
SR Patel,9,2011,England,India
IJL Trott,11,2011,England,India
SCJ Broad,5,2011,England,India
IR Bell,23,2011,England,India
GP Swann,9,2011,England,India
TT Bresnan,28,2011,England,India
BA Stokes,20,2011,England,India
AN Cook,23,2011,England,India
RS Bopara,40,2011,England,India
C Kieswetter,51,2011,England,India
IJL Trott,63,2011,England,India
JM Bairstow,41,2011,England,India
AN Cook,50,2011,England,India
RS Bopara,37,2011,England,India
C Kieswetter,21,2011,England,India
IR Bell,26,2011,England,India
EJG Morgan,59,2011,England,Ireland
SG Borthwick,15,2011,England,Ireland
BA Stokes,3,2011,England,Ireland
IJL Trott,69,2011,England,Ireland
RS Bopara,2,2011,England,Ireland
C Kieswetter,14,2011,England,Ireland
SR Patel,13,2011,England,Ireland
CR Woakes,19,2011,England,Ireland
JWA Taylor,1,2011,England,Ireland
PJ Cummins,11,2011,England,South Africa
PJ Cummins,6,2011,England,South Africa
HMRKB Herath,1,2012,England,South Africa
HMRKB Herath,1,2012,England,South Africa
HMRKB Herath,9,2011,England,Sri Lanka
HMRKB Herath,14,2012,England,Australia
HMRKB Herath,5,2012,England,Australia
HMRKB Herath,0,2012,England,Australia
IJL Trott,26,2011,England,India
KP Pietersen,19,2011,England,India
GP Swann,8,2011,England,India
JW Dernbach,2,2011,England,India
TT Bresnan,4,2011,England,India
ST Finn,18,2011,England,India
AN Cook,60,2011,England,India
RS Bopara,8,2011,England,India
JM Bairstow,3,2011,England,India
C Kieswetter,7,2011,England,India
SR Patel,16,2011,England,India
IJL Trott,34,2011,England,India
JM Bairstow,35,2011,England,India
KP Pietersen,46,2011,England,India
JW Dernbach,3,2011,England,India
GP Swann,7,2011,England,India
ST Finn,6,2011,England,India
AN Cook,0,2011,England,India
RS Bopara,36,2011,England,India
C Kieswetter,0,2011,England,India
SR Patel,42,2011,England,India
TT Bresnan,12,2011,England,India
IJL Trott,98,2011,England,India
KP Pietersen,64,2011,England,India
AN Cook,3,2011,England,India
RS Bopara,24,2011,England,India
C Kieswetter,36,2011,England,India
SR Patel,70,2011,England,India
IJL Trott,39,2011,England,India
JM Bairstow,9,2011,England,India
KP Pietersen,41,2011,England,India
SG Borthwick,3,2011,England,India
ST Finn,1,2011,England,India
AN Cook,10,2011,England,India
RS Bopara,8,2011,England,India
C Kieswetter,29,2011,England,India
SR Patel,14,2011,England,India
TT Bresnan,45,2011,England,India
SC Meaker,1,2011,England,India
IJL Trott,5,2011,England,India
IR Bell,2,2011,England,India
JM Bairstow,2,2011,England,India
GP Swann,10,2011,England,India
TT Bresnan,0,2011,England,India
ST Finn,2,2011,England,India
SC Meaker,1,2011,England,India
AN Cook,60,2011,England,India
RS Bopara,4,2011,England,India
C Kieswetter,63,2011,England,India
SR Patel,18,2011,England,India
IJL Trott,0,2012,England,Pakistan
KP Pietersen,14,2012,England,Pakistan
EJG Morgan,2,2012,England,Pakistan
GP Swann,13,2012,England,Pakistan
AN Cook,137,2012,England,Pakistan
RS Bopara,50,2012,England,Pakistan
C Kieswetter,9,2012,England,Pakistan
SR Patel,17,2012,England,Pakistan
SCJ Broad,1,2012,England,Pakistan
IJL Trott,23,2012,England,Pakistan
KP Pietersen,26,2012,England,Pakistan
RS Bopara,58,2012,England,Pakistan
EJG Morgan,25,2012,England,Pakistan
AN Cook,102,2012,England,Pakistan
KP Pietersen,111,2012,England,Pakistan
EJG Morgan,24,2012,England,Pakistan
AN Cook,80,2012,England,Pakistan
IJL Trott,15,2012,England,Pakistan
KP Pietersen,130,2012,England,Pakistan
EJG Morgan,15,2012,England,Pakistan
JC Buttler,0,2012,England,Pakistan
AN Cook,4,2012,England,Pakistan
SR Patel,17,2012,England,Pakistan
C Kieswetter,43,2012,England,Pakistan
TT Bresnan,4,2012,England,Pakistan
IJL Trott,42,2012,England,West Indies
IR Bell,126,2012,England,West Indies
EJG Morgan,21,2012,England,West Indies
AN Cook,0,2012,England,West Indies
RS Bopara,8,2012,England,West Indies
C Kieswetter,38,2012,England,West Indies
SCJ Broad,22,2012,England,West Indies
TT Bresnan,21,2012,England,West Indies
IJL Trott,43,2012,England,West Indies
RS Bopara,19,2012,England,West Indies
AN Cook,112,2012,England,West Indies
IR Bell,53,2012,England,West Indies
IJL Trott,54,2012,England,Australia
IR Bell,41,2012,England,Australia
EJG Morgan,89,2012,England,Australia
AN Cook,40,2012,England,Australia
RS Bopara,15,2012,England,Australia
C Kieswetter,25,2012,England,Australia
PJ Cummins,4,2012,England,Australia
AN Cook,18,2012,England,Australia
IJL Trott,17,2012,England,Australia
RS Bopara,82,2012,England,Australia
EJG Morgan,43,2012,England,Australia
IR Bell,75,2012,England,Australia
AN Cook,29,2012,England,Australia
IJL Trott,64,2012,England,Australia
IR Bell,69,2012,England,Australia
RS Bopara,33,2012,England,Australia
AN Cook,58,2012,England,Australia
IJL Trott,10,2012,England,Australia
RS Bopara,52,2012,England,Australia
EJG Morgan,9,2012,England,Australia
IR Bell,4,2012,England,Australia
IJL Trott,23,2012,England,South Africa
JM Anderson,5,2012,England,South Africa
RS Bopara,16,2012,England,South Africa
GP Swann,0,2012,England,South Africa
ST Finn,15,2012,England,South Africa
AN Cook,0,2012,England,South Africa
C Kieswetter,20,2012,England,South Africa
SR Patel,45,2012,England,South Africa
IR Bell,45,2012,England,South Africa
EJG Morgan,27,2012,England,South Africa
TT Bresnan,0,2012,England,South Africa
IJL Trott,71,2012,England,South Africa
AN Cook,20,2012,England,South Africa
JC Tredwell,1,2012,England,South Africa
C Kieswetter,14,2012,England,South Africa
EJG Morgan,73,2012,England,South Africa
SR Patel,13,2012,England,South Africa
IR Bell,12,2012,England,South Africa
RS Bopara,0,2012,England,South Africa
AN Cook,2,2012,England,South Africa
IJL Trott,48,2012,England,South Africa
RS Bopara,6,2012,England,South Africa
EJG Morgan,36,2012,England,South Africa
IR Bell,88,2012,England,South Africa
C Kieswetter,21,2012,England,South Africa
JM Bairstow,29,2012,England,South Africa
JC Tredwell,6,2012,England,South Africa
JW Dernbach,2,2012,England,South Africa
JM Anderson,0,2012,England,South Africa
AN Cook,51,2012,England,South Africa
RS Bopara,0,2012,England,South Africa
C Kieswetter,33,2012,England,South Africa
SR Patel,9,2012,England,South Africa
IR Bell,10,2012,England,South Africa
CR Woakes,33,2012,England,South Africa
EJG Morgan,0,2012,England,South Africa
HMRKB Herath,0,2012,England,Sri Lanka
HMRKB Herath,17,2012,England,Sri Lanka
KP Pietersen,44,2013,England,India
EJG Morgan,41,2013,England,India
AN Cook,75,2013,England,India
C Kieswetter,24,2013,England,India
SR Patel,44,2013,England,India
IR Bell,85,2013,England,India
KP Pietersen,42,2013,England,India
JE Root,36,2013,England,India
EJG Morgan,0,2013,England,India
JW Dernbach,2,2013,England,India
ST Finn,0,2013,England,India
AN Cook,17,2013,England,India
JC Tredwell,1,2013,England,India
C Kieswetter,18,2013,England,India
SR Patel,30,2013,England,India
IR Bell,1,2013,England,India
CR Woakes,0,2013,England,India
KP Pietersen,17,2013,England,India
JE Root,39,2013,England,India
JC Tredwell,4,2013,England,India
JW Dernbach,0,2013,England,India
ST Finn,3,2013,England,India
AN Cook,17,2013,England,India
EJG Morgan,10,2013,England,India
C Kieswetter,0,2013,England,India
SR Patel,0,2013,England,India
IR Bell,25,2013,England,India
TT Bresnan,25,2013,England,India
KP Pietersen,76,2013,England,India
JE Root,57,2013,England,India
JC Tredwell,6,2013,England,India
JC Buttler,14,2013,England,India
AN Cook,76,2013,England,India
EJG Morgan,3,2013,England,India
SR Patel,1,2013,England,India
IR Bell,10,2013,England,India
TT Bresnan,0,2013,England,India
KP Pietersen,6,2013,England,India
JE Root,31,2013,England,India
AN Cook,22,2013,England,India
EJG Morgan,40,2013,England,India
IR Bell,113,2013,England,India
IJL Trott,37,2013,England,New Zealand
JC Buttler,14,2013,England,New Zealand
JE Root,30,2013,England,New Zealand
EJG Morgan,6,2013,England,New Zealand
JM Anderson,5,2013,England,New Zealand
GP Swann,15,2013,England,New Zealand
AN Cook,30,2013,England,New Zealand
IR Bell,18,2013,England,New Zealand
CR Woakes,36,2013,England,New Zealand
TT Bresnan,25,2013,England,New Zealand
IJL Trott,109,2013,England,New Zealand
JM Anderson,28,2013,England,New Zealand
JE Root,28,2013,England,New Zealand
EJG Morgan,21,2013,England,New Zealand
GP Swann,1,2013,England,New Zealand
JC Buttler,2,2013,England,New Zealand
AN Cook,34,2013,England,New Zealand
IR Bell,25,2013,England,New Zealand
CR Woakes,13,2013,England,New Zealand
JW Dernbach,2,2013,England,New Zealand
TT Bresnan,0,2013,England,New Zealand
IJL Trott,37,2013,England,New Zealand
JE Root,33,2013,England,New Zealand
EJG Morgan,49,2013,England,New Zealand
JC Buttler,47,2013,England,New Zealand
AN Cook,0,2013,England,New Zealand
RS Bopara,28,2013,England,New Zealand
IR Bell,82,2013,England,New Zealand
RS Bopara,101,2013,England,Ireland
EJG Morgan,124,2013,England,Ireland
MA Carberry,10,2013,England,Ireland
GS Ballance,0,2013,England,Ireland
LJ Wright,5,2013,England,Ireland
JWA Taylor,25,2013,England,Ireland
IJL Trott,0,2013,England,Australia
JC Tredwell,1,2013,England,Australia
KP Pietersen,60,2013,England,Australia
EJG Morgan,54,2013,England,Australia
JC Buttler,75,2013,England,Australia
JE Root,3,2013,England,Australia
MA Carberry,4,2013,England,Australia
BA Stokes,5,2013,England,Australia
RS Bopara,1,2013,England,Australia
ST Finn,16,2013,England,Australia
IJL Trott,0,2013,England,Australia
JC Tredwell,1,2013,England,Australia
KP Pietersen,5,2013,England,Australia
EJG Morgan,53,2013,England,Australia
JC Buttler,65,2013,England,Australia
JE Root,0,2013,England,Australia
MA Carberry,63,2013,England,Australia
BA Stokes,25,2013,England,Australia
RS Bopara,7,2013,England,Australia
RS Bopara,62,2013,England,Australia
KP Pietersen,0,2013,England,Australia
JC Tredwell,5,2013,England,Australia
BA Stokes,27,2013,England,Australia
JE Root,21,2013,England,Australia
JC Buttler,42,2013,England,Australia
MA Carberry,30,2013,England,Australia
EJG Morgan,30,2013,England,Australia
LJ Wright,0,2013,England,Australia
CJ Jordan,14,2013,England,Australia
IJL Trott,82,2013,England,South Africa
AN Cook,6,2013,England,South Africa
JE Root,48,2013,England,South Africa
EJG Morgan,15,2013,England,South Africa
IR Bell,20,2013,England,South Africa
IJL Trott,20,2013,England,India
JC Tredwell,5,2013,England,India
JE Root,7,2013,England,India
JC Buttler,0,2013,England,India
SCJ Broad,7,2013,England,India
TT Bresnan,2,2013,England,India
AN Cook,2,2013,England,India
IR Bell,13,2013,England,India
RS Bopara,30,2013,England,India
EJG Morgan,33,2013,England,India
IR Bell,64,2013,England,New Zealand
IJL Trott,68,2013,England,New Zealand
JM Anderson,0,2013,England,New Zealand
JE Root,56,2013,England,New Zealand
EJG Morgan,1,2013,England,New Zealand
JC Buttler,21,2013,England,New Zealand
GP Swann,16,2013,England,New Zealand
ST Finn,0,2013,England,New Zealand
AN Cook,4,2013,England,New Zealand
SCJ Broad,1,2013,England,New Zealand
CR Woakes,17,2013,England,New Zealand
IJL Trott,65,2013,England,New Zealand
IR Bell,44,2013,England,New Zealand
JE Root,79,2013,England,New Zealand
AN Cook,78,2013,England,New Zealand
IJL Trott,38,2013,England,New Zealand
IR Bell,24,2013,England,New Zealand
JC Buttler,3,2013,England,New Zealand
JE Root,28,2013,England,New Zealand
AN Cook,46,2013,England,New Zealand
EJG Morgan,39,2013,England,New Zealand
CR Woakes,3,2013,England,New Zealand
HMRKB Herath,2,2013,England,Australia
IJL Trott,43,2013,England,Australia
JE Root,12,2013,England,Australia
EJG Morgan,8,2013,England,Australia
JC Buttler,1,2013,England,Australia
AN Cook,30,2013,England,Australia
RS Bopara,46,2013,England,Australia
IR Bell,91,2013,England,Australia
TT Bresnan,19,2013,England,Australia
HMRKB Herath,8,2013,England,New Zealand
IJL Trott,76,2013,England,Sri Lanka
SCJ Broad,7,2013,England,Sri Lanka
JE Root,68,2013,England,Sri Lanka
EJG Morgan,13,2013,England,Sri Lanka
JC Buttler,0,2013,England,Sri Lanka
AN Cook,59,2013,England,Sri Lanka
RS Bopara,33,2013,England,Sri Lanka
IR Bell,20,2013,England,Sri Lanka
TT Bresnan,4,2013,England,Sri Lanka
IJL Trott,8,2013,England,New Zealand
SCJ Broad,0,2013,England,New Zealand
JE Root,38,2013,England,New Zealand
JC Tredwell,0,2013,England,New Zealand
JC Buttler,14,2013,England,New Zealand
AN Cook,64,2013,England,New Zealand
EJG Morgan,15,2013,England,New Zealand
IR Bell,10,2013,England,New Zealand
RS Bopara,9,2013,England,New Zealand
TT Bresnan,4,2013,England,New Zealand
HMRKB Herath,2,2013,England,Australia
HMRKB Herath,4,2013,England,West Indies
HMRKB Herath,4,2013,England,India
HMRKB Herath,5,2013,England,India
HMRKB Herath,13,2013,England,Sri Lanka
HMRKB Herath,12,2013,England,Sri Lanka
JE Root,3,2014,England,Australia
EJG Morgan,50,2014,England,Australia
JC Buttler,34,2014,England,Australia
BA Stokes,21,2014,England,Australia
AN Cook,4,2014,England,Australia
RS Bopara,17,2014,England,Australia
GS Ballance,79,2014,England,Australia
IR Bell,41,2014,England,Australia
TT Bresnan,16,2014,England,Australia
JE Root,2,2014,England,Australia
EJG Morgan,106,2014,England,Australia
JC Buttler,49,2014,England,Australia
BA Stokes,0,2014,England,Australia
AN Cook,22,2014,England,Australia
RS Bopara,24,2014,England,Australia
GS Ballance,9,2014,England,Australia
IR Bell,68,2014,England,Australia
CJ Jordan,2,2014,England,Australia
TT Bresnan,1,2014,England,Australia
SCJ Broad,1,2014,England,Australia
JC Tredwell,2,2014,England,Australia
JC Buttler,4,2014,England,Australia
BA Stokes,15,2014,England,Australia
AN Cook,35,2014,England,Australia
RS Bopara,21,2014,England,Australia
GS Ballance,26,2014,England,Australia
IR Bell,29,2014,England,Australia
CJ Jordan,10,2014,England,Australia
EJG Morgan,54,2014,England,Australia
TT Bresnan,41,2014,England,Australia
SCJ Broad,4,2014,England,Australia
EJG Morgan,33,2014,England,Australia
JC Buttler,71,2014,England,Australia
BA Stokes,70,2014,England,Australia
AN Cook,44,2014,England,Australia
RS Bopara,3,2014,England,Australia
GS Ballance,18,2014,England,Australia
IR Bell,55,2014,England,Australia
TT Bresnan,2,2014,England,Australia
JC Buttler,5,2014,England,Australia
JC Tredwell,0,2014,England,Australia
EJG Morgan,39,2014,England,Australia
BA Stokes,0,2014,England,Australia
SCJ Broad,7,2014,England,Australia
JE Root,55,2014,England,Australia
AN Cook,39,2014,England,Australia
RS Bopara,25,2014,England,Australia
IR Bell,14,2014,England,Australia
CJ Jordan,4,2014,England,Australia
TT Bresnan,13,2014,England,Australia
RS Bopara,23,2014,England,West Indies
JC Buttler,12,2014,England,West Indies
JE Root,37,2014,England,West Indies
MJ Lumb,106,2014,England,West Indies
BA Stokes,5,2014,England,West Indies
MM Ali,44,2014,England,West Indies
LJ Wright,1,2014,England,West Indies
TT Bresnan,14,2014,England,West Indies
JE Root,23,2014,England,West Indies
MJ Lumb,39,2014,England,West Indies
BA Stokes,4,2014,England,West Indies
MM Ali,10,2014,England,West Indies
LJ Wright,0,2014,England,West Indies
SCJ Broad,28,2014,England,West Indies
RS Bopara,38,2014,England,West Indies
JC Buttler,0,2014,England,West Indies
TT Bresnan,10,2014,England,West Indies
MJ Lumb,20,2014,England,West Indies
JE Root,107,2014,England,West Indies
EJG Morgan,1,2014,England,West Indies
JC Buttler,99,2014,England,West Indies
BA Stokes,0,2014,England,West Indies
RS Bopara,5,2014,England,West Indies
MM Ali,55,2014,England,West Indies
TT Bresnan,1,2014,England,West Indies
HMRKB Herath,13,2015,England,New Zealand
JM Anderson,8,2015,England,Australia
SCJ Broad,0,2015,England,Australia
JE Root,5,2015,England,Australia
EJG Morgan,0,2015,England,Australia
JC Buttler,10,2015,England,Australia
MM Ali,10,2015,England,Australia
ST Finn,1,2015,England,Australia
GS Ballance,10,2015,England,Australia
IR Bell,36,2015,England,Australia
CR Woakes,37,2015,England,Australia
JWA Taylor,98,2015,England,Australia
JC Buttler,3,2015,England,New Zealand
JE Root,46,2015,England,New Zealand
EJG Morgan,17,2015,England,New Zealand
JM Anderson,1,2015,England,New Zealand
SCJ Broad,4,2015,England,New Zealand
ST Finn,0,2015,England,New Zealand
MM Ali,20,2015,England,New Zealand
GS Ballance,10,2015,England,New Zealand
IR Bell,8,2015,England,New Zealand
CR Woakes,1,2015,England,New Zealand
JWA Taylor,0,2015,England,New Zealand
SCJ Broad,0,2015,England,Scotland
JE Root,1,2015,England,Scotland
EJG Morgan,46,2015,England,Scotland
JC Buttler,24,2015,England,Scotland
ST Finn,1,2015,England,Scotland
MM Ali,128,2015,England,Scotland
GS Ballance,10,2015,England,Scotland
JWA Taylor,17,2015,England,Scotland
IR Bell,54,2015,England,Scotland
CR Woakes,1,2015,England,Scotland
PJ Cummins,7,2015,England,New Zealand
MM Ali,15,2015,England,Sri Lanka
GS Ballance,6,2015,England,Sri Lanka
JE Root,121,2015,England,Sri Lanka
EJG Morgan,27,2015,England,Sri Lanka
JC Buttler,39,2015,England,Sri Lanka
IR Bell,49,2015,England,Sri Lanka
CR Woakes,9,2015,England,Sri Lanka
JWA Taylor,25,2015,England,Sri Lanka
JE Root,29,2015,England,Bangladesh
SCJ Broad,9,2015,England,Bangladesh
CJ Jordan,0,2015,England,Bangladesh
AD Hales,27,2015,England,Bangladesh
MM Ali,19,2015,England,Bangladesh
EJG Morgan,0,2015,England,Bangladesh
JC Buttler,65,2015,England,Bangladesh
JM Anderson,0,2015,England,Bangladesh
IR Bell,63,2015,England,Bangladesh
CR Woakes,42,2015,England,Bangladesh
JWA Taylor,1,2015,England,Bangladesh
AD Hales,37,2015,England,Afghanistan
IR Bell,52,2015,England,Afghanistan
JWA Taylor,8,2015,England,Afghanistan
JM Anderson,9,2014,England,India
JC Buttler,2,2014,England,India
JC Tredwell,10,2014,England,India
AD Hales,40,2014,England,India
CJ Jordan,0,2014,England,India
JE Root,4,2014,England,India
BA Stokes,23,2014,England,India
AN Cook,19,2014,England,India
EJG Morgan,28,2014,England,India
IR Bell,1,2014,England,India
CR Woakes,20,2014,England,India
JE Root,2,2014,England,India
JC Tredwell,30,2014,England,India
JC Buttler,42,2014,England,India
ST Finn,6,2014,England,India
BA Stokes,2,2014,England,India
AN Cook,44,2014,England,India
EJG Morgan,10,2014,England,India
AD Hales,42,2014,England,India
IR Bell,28,2014,England,India
CR Woakes,15,2014,England,India
JC Buttler,11,2014,England,India
JE Root,44,2014,England,India
EJG Morgan,32,2014,England,India
JM Anderson,1,2014,England,India
ST Finn,2,2014,England,India
AN Cook,9,2014,England,India
MM Ali,67,2014,England,India
GS Ballance,7,2014,England,India
HF Gurney,3,2014,England,India
AD Hales,6,2014,England,India
CR Woakes,10,2014,England,India
JE Root,113,2014,England,India
JC Tredwell,8,2014,England,India
JC Buttler,49,2014,England,India
BA Stokes,33,2014,England,India
AN Cook,46,2014,England,India
EJG Morgan,14,2014,England,India
MM Ali,9,2014,England,India
AD Hales,4,2014,England,India
CR Woakes,9,2014,England,India
JE Root,45,2014,England,Sri Lanka
EJG Morgan,3,2014,England,Sri Lanka
JC Buttler,26,2014,England,Sri Lanka
AN Cook,11,2014,England,Sri Lanka
RS Bopara,3,2014,England,Sri Lanka
GS Ballance,64,2014,England,Sri Lanka
IR Bell,50,2014,England,Sri Lanka
CJ Jordan,38,2014,England,Sri Lanka
JM Anderson,7,2014,England,Sri Lanka
IR Bell,12,2014,England,Sri Lanka
JC Tredwell,4,2014,England,Sri Lanka
JE Root,0,2014,England,Sri Lanka
EJG Morgan,40,2014,England,Sri Lanka
JC Buttler,4,2014,England,Sri Lanka
MA Carberry,6,2014,England,Sri Lanka
GS Ballance,5,2014,England,Sri Lanka
HF Gurney,4,2014,England,Sri Lanka
CJ Jordan,1,2014,England,Sri Lanka
RS Bopara,7,2014,England,Sri Lanka
AN Cook,30,2014,England,Sri Lanka
IR Bell,41,2014,England,Sri Lanka
HMRKB Herath,0,2014,England,Sri Lanka
AN Cook,1,2014,England,Sri Lanka
JE Root,43,2014,England,Sri Lanka
IR Bell,7,2014,England,Sri Lanka
JC Buttler,121,2014,England,Sri Lanka
GS Ballance,42,2014,England,Sri Lanka
JC Tredwell,1,2014,England,Sri Lanka
CJ Jordan,5,2014,England,Sri Lanka
RS Bopara,51,2014,England,Sri Lanka
EJG Morgan,12,2014,England,Sri Lanka
JC Buttler,21,2014,England,Sri Lanka
JE Root,10,2014,England,Sri Lanka
JC Tredwell,0,2014,England,Sri Lanka
JM Anderson,5,2014,England,Sri Lanka
AN Cook,56,2014,England,Sri Lanka
RS Bopara,17,2014,England,Sri Lanka
GS Ballance,10,2014,England,Sri Lanka
HF Gurney,0,2014,England,Sri Lanka
IR Bell,37,2014,England,Sri Lanka
CJ Jordan,30,2014,England,Sri Lanka
EJG Morgan,17,2014,England,Sri Lanka
HMRKB Herath,17,2013,England,Sri Lanka
JE Root,17,2014,England,Scotland
EJG Morgan,31,2014,England,Scotland
JC Buttler,9,2014,England,Scotland
AN Cook,44,2014,England,Scotland
RS Bopara,3,2014,England,Scotland
GS Ballance,1,2014,England,Scotland
IR Bell,50,2014,England,Scotland
CJ Jordan,6,2014,England,Scotland
HMRKB Herath,1,2014,England,Sri Lanka
JE Root,104,2015,England,New Zealand
AD Hales,20,2015,England,New Zealand
EJG Morgan,50,2015,England,New Zealand
JC Buttler,129,2015,England,New Zealand
BA Stokes,10,2015,England,New Zealand
SW Billings,3,2015,England,New Zealand
JJ Roy,0,2015,England,New Zealand
CJ Jordan,2,2015,England,New Zealand
JC Buttler,41,2015,England,New Zealand
JE Root,6,2015,England,New Zealand
EJG Morgan,88,2015,England,New Zealand
AD Hales,54,2015,England,New Zealand
BA Stokes,28,2015,England,New Zealand
SW Billings,12,2015,England,New Zealand
JJ Roy,39,2015,England,New Zealand
ST Finn,6,2015,England,New Zealand
CJ Jordan,3,2015,England,New Zealand
JE Root,54,2015,England,New Zealand
EJG Morgan,71,2015,England,New Zealand
JC Buttler,13,2015,England,New Zealand
ST Finn,0,2015,England,New Zealand
BA Stokes,68,2015,England,New Zealand
SW Billings,34,2015,England,New Zealand
JJ Roy,9,2015,England,New Zealand
AD Hales,23,2015,England,New Zealand
DJ Willey,8,2015,England,New Zealand
MA Wood,3,2015,England,New Zealand
AD Hales,67,2015,England,New Zealand
EJG Morgan,113,2015,England,New Zealand
JE Root,106,2015,England,New Zealand
BA Stokes,19,2015,England,New Zealand
JJ Roy,38,2015,England,New Zealand
JM Bairstow,83,2015,England,New Zealand
AD Hales,1,2015,England,New Zealand
EJG Morgan,0,2015,England,New Zealand
JE Root,4,2015,England,New Zealand
BA Stokes,17,2015,England,New Zealand
SW Billings,41,2015,England,New Zealand
JJ Roy,12,2015,England,New Zealand
DJ Willey,7,2015,England,New Zealand
JC Buttler,4,2015,England,Australia
AD Hales,22,2015,England,Australia
EJG Morgan,38,2015,England,Australia
MM Ali,17,2015,England,Australia
BA Stokes,13,2015,England,Australia
JJ Roy,67,2015,England,Australia
ST Finn,10,2015,England,Australia
MA Wood,10,2015,England,Australia
CR Woakes,0,2015,England,Australia
JWA Taylor,49,2015,England,Australia
JC Buttler,0,2015,England,Australia
AD Hales,18,2015,England,Australia
EJG Morgan,85,2015,England,Australia
MM Ali,8,2015,England,Australia
BA Stokes,10,2015,England,Australia
JJ Roy,31,2015,England,Australia
ST Finn,1,2015,England,Australia
CR Woakes,6,2015,England,Australia
JWA Taylor,43,2015,England,Australia
PJ Cummins,5,2015,England,Australia
AD Hales,9,2015,England,Australia
EJG Morgan,62,2015,England,Australia
BA Stokes,14,2015,England,Australia
MM Ali,1,2015,England,Australia
JJ Roy,63,2015,England,Australia
CR Woakes,14,2015,England,Australia
JWA Taylor,101,2015,England,Australia
JM Bairstow,17,2015,England,Australia
DJ Willey,12,2015,England,Australia
JM Bairstow,31,2015,England,Australia
AD Hales,0,2015,England,Australia
EJG Morgan,92,2015,England,Australia
MM Ali,21,2015,England,Australia
BA Stokes,41,2015,England,Australia
JWA Taylor,41,2015,England,Australia
JJ Roy,36,2015,England,Australia
AD Hales,4,2015,England,Australia
EJG Morgan,1,2015,England,Australia
RJW Topley,6,2015,England,Australia
JWA Taylor,12,2015,England,Australia
BA Stokes,42,2015,England,Australia
MM Ali,5,2015,England,Australia
JJ Roy,4,2015,England,Australia
DJ Willey,0,2015,England,Australia
MA Wood,13,2015,England,Australia
JM Bairstow,10,2015,England,Australia
HMRKB Herath,0,2015,England,New Zealand
HMRKB Herath,1,2015,England,New Zealand
AN Cook,10,2014,England,Sri Lanka
JC Tredwell,6,2014,England,Sri Lanka
JE Root,2,2014,England,Sri Lanka
JC Buttler,21,2014,England,Sri Lanka
MM Ali,119,2014,England,Sri Lanka
BA Stokes,16,2014,England,Sri Lanka
EJG Morgan,1,2014,England,Sri Lanka
HF Gurney,1,2014,England,Sri Lanka
IR Bell,35,2014,England,Sri Lanka
CR Woakes,7,2014,England,Sri Lanka
RS Bopara,65,2014,England,Sri Lanka
JE Root,42,2014,England,Sri Lanka
JC Tredwell,9,2014,England,Sri Lanka
JC Buttler,7,2014,England,Sri Lanka
ST Finn,0,2014,England,Sri Lanka
AN Cook,22,2014,England,Sri Lanka
RS Bopara,51,2014,England,Sri Lanka
MM Ali,2,2014,England,Sri Lanka
HF Gurney,1,2014,England,Sri Lanka
IR Bell,11,2014,England,Sri Lanka
CR Woakes,15,2014,England,Sri Lanka
EJG Morgan,17,2014,England,Sri Lanka
AN Cook,34,2014,England,Sri Lanka
JE Root,48,2014,England,Sri Lanka
AD Hales,27,2014,England,Sri Lanka
JC Buttler,55,2014,England,Sri Lanka
MM Ali,58,2014,England,Sri Lanka
RS Bopara,6,2014,England,Sri Lanka
HMRKB Herath,2,2014,England,Sri Lanka
EJG Morgan,1,2014,England,Sri Lanka
JE Root,36,2014,England,Sri Lanka
EJG Morgan,62,2014,England,Sri Lanka
CR Woakes,6,2014,England,Sri Lanka
JC Buttler,15,2014,England,Sri Lanka
ST Finn,1,2014,England,Sri Lanka
BA Stokes,6,2014,England,Sri Lanka
RS Bopara,22,2014,England,Sri Lanka
MM Ali,19,2014,England,Sri Lanka
AD Hales,0,2014,England,Sri Lanka
CJ Jordan,1,2014,England,Sri Lanka
JWA Taylor,90,2014,England,Sri Lanka
AN Cook,20,2014,England,Sri Lanka
RS Bopara,28,2014,England,Sri Lanka
JE Root,104,2014,England,Sri Lanka
JC Buttler,2,2014,England,Sri Lanka
MM Ali,4,2014,England,Sri Lanka
EJG Morgan,5,2014,England,Sri Lanka
JWA Taylor,68,2014,England,Sri Lanka
AN Cook,1,2014,England,Sri Lanka
JC Tredwell,19,2014,England,Sri Lanka
JE Root,55,2014,England,Sri Lanka
CJ Jordan,4,2014,England,Sri Lanka
JC Buttler,22,2014,England,Sri Lanka
ST Finn,1,2014,England,Sri Lanka
RS Bopara,13,2014,England,Sri Lanka
MM Ali,34,2014,England,Sri Lanka
EJG Morgan,0,2014,England,Sri Lanka
CR Woakes,41,2014,England,Sri Lanka
JWA Taylor,10,2014,England,Sri Lanka
AN Cook,32,2014,England,Sri Lanka
JC Tredwell,17,2014,England,Sri Lanka
AD Hales,7,2014,England,Sri Lanka
JC Buttler,23,2014,England,Sri Lanka
JE Root,80,2014,England,Sri Lanka
EJG Morgan,4,2014,England,Sri Lanka
MM Ali,0,2014,England,Sri Lanka
CJ Jordan,0,2014,England,Sri Lanka
HF Gurney,6,2014,England,Sri Lanka
CR Woakes,34,2014,England,Sri Lanka
JWA Taylor,2,2014,England,Sri Lanka
PJ Cummins,1,2014,England,Australia
PJ Cummins,0,2014,England,Australia
JE Root,5,2015,England,Australia
EJG Morgan,121,2015,England,Australia
CR Woakes,8,2015,England,Australia
JC Buttler,28,2015,England,Australia
ST Finn,0,2015,England,Australia
RS Bopara,13,2015,England,Australia
MM Ali,22,2015,England,Australia
IR Bell,0,2015,England,Australia
CJ Jordan,17,2015,England,Australia
JWA Taylor,0,2015,England,Australia
MM Ali,8,2015,England,India
IR Bell,88,2015,England,India
JWA Taylor,56,2015,England,India
SCJ Broad,0,2015,England,Australia
JE Root,69,2015,England,Australia
EJG Morgan,0,2015,England,Australia
JC Buttler,25,2015,England,Australia
RS Bopara,7,2015,England,Australia
MM Ali,46,2015,England,Australia
IR Bell,141,2015,England,Australia
CR Woakes,0,2015,England,Australia
JWA Taylor,5,2015,England,Australia
RS Bopara,4,2015,England,India
IR Bell,10,2015,England,India
JE Root,3,2015,England,India
JC Buttler,67,2015,England,India
SCJ Broad,3,2015,England,India
EJG Morgan,2,2015,England,India
MM Ali,17,2015,England,India
CR Woakes,4,2015,England,India
JWA Taylor,82,2015,England,India
JM Anderson,5,2015,England,Australia
SCJ Broad,24,2015,England,Australia
JE Root,25,2015,England,Australia
EJG Morgan,0,2015,England,Australia
JC Buttler,17,2015,England,Australia
MM Ali,26,2015,England,Australia
ST Finn,6,2015,England,Australia
RS Bopara,33,2015,England,Australia
IR Bell,8,2015,England,Australia
CR Woakes,0,2015,England,Australia
JWA Taylor,4,2015,England,Australia
JE Root,52,2016,England,South Africa
EJG Morgan,23,2016,England,South Africa
JC Buttler,105,2016,England,South Africa
RJW Topley,0,2016,England,South Africa
BA Stokes,57,2016,England,South Africa
MM Ali,19,2016,England,South Africa
JJ Roy,48,2016,England,South Africa
AD Hales,57,2016,England,South Africa
CJ Jordan,14,2016,England,South Africa
DJ Willey,5,2016,England,South Africa
JE Root,38,2016,England,South Africa
JC Buttler,48,2016,England,South Africa
AD Hales,99,2016,England,South Africa
BA Stokes,0,2016,England,South Africa
EJG Morgan,29,2016,England,South Africa
MM Ali,21,2016,England,South Africa
JJ Roy,14,2016,England,South Africa
JE Root,125,2016,England,South Africa
EJG Morgan,8,2016,England,South Africa
JC Buttler,0,2016,England,South Africa
BA Stokes,53,2016,England,South Africa
MM Ali,3,2016,England,South Africa
JJ Roy,20,2016,England,South Africa
AD Hales,65,2016,England,South Africa
CJ Jordan,3,2016,England,South Africa
DJ Willey,13,2016,England,South Africa
JE Root,109,2016,England,South Africa
EJG Morgan,2,2016,England,South Africa
JC Buttler,1,2016,England,South Africa
BA Stokes,2,2016,England,South Africa
MM Ali,4,2016,England,South Africa
JJ Roy,6,2016,England,South Africa
AD Hales,50,2016,England,South Africa
SCJ Broad,6,2016,England,South Africa
CR Woakes,33,2016,England,South Africa
JE Root,27,2016,England,South Africa
EJG Morgan,2,2016,England,South Africa
JC Buttler,0,2016,England,South Africa
RJW Topley,1,2016,England,South Africa
BA Stokes,29,2016,England,South Africa
MM Ali,12,2016,England,South Africa
JJ Roy,8,2016,England,South Africa
AD Hales,112,2016,England,South Africa
SCJ Broad,13,2016,England,South Africa
CR Woakes,0,2016,England,South Africa
JE Root,0,2015,England,Pakistan
AD Hales,10,2015,England,Pakistan
EJG Morgan,76,2015,England,Pakistan
JC Buttler,1,2015,England,Pakistan
RJW Topley,0,2015,England,Pakistan
MM Ali,7,2015,England,Pakistan
JJ Roy,0,2015,England,Pakistan
CR Woakes,33,2015,England,Pakistan
DJ Willey,13,2015,England,Pakistan
JWA Taylor,60,2015,England,Pakistan
JE Root,63,2015,England,Pakistan
EJG Morgan,29,2015,England,Pakistan
JC Buttler,11,2015,England,Pakistan
MM Ali,2,2015,England,Pakistan
JJ Roy,54,2015,England,Pakistan
AD Hales,109,2015,England,Pakistan
JWA Taylor,9,2015,England,Pakistan
JE Root,11,2015,England,Pakistan
JC Buttler,49,2015,England,Pakistan
AD Hales,30,2015,England,Pakistan
EJG Morgan,35,2015,England,Pakistan
JWA Taylor,67,2015,England,Pakistan
JJ Roy,7,2015,England,Pakistan
JE Root,71,2015,England,Pakistan
EJG Morgan,14,2015,England,Pakistan
JC Buttler,116,2015,England,Pakistan
MM Ali,4,2015,England,Pakistan
JJ Roy,102,2015,England,Pakistan
AD Hales,22,2015,England,Pakistan
JWA Taylor,13,2015,England,Pakistan
JJ Roy,112,2016,England,Sri Lanka
AD Hales,133,2016,England,Sri Lanka
JM Bairstow,29,2016,England,Sri Lanka
JE Root,65,2016,England,Sri Lanka
EJG Morgan,22,2016,England,Sri Lanka
JC Buttler,17,2016,England,Sri Lanka
MM Ali,2,2016,England,Sri Lanka
JJ Roy,162,2016,England,Sri Lanka
JM Bairstow,22,2016,England,Sri Lanka
JE Root,93,2016,England,Sri Lanka
EJG Morgan,20,2016,England,Sri Lanka
JC Buttler,70,2016,England,Sri Lanka
JM Vince,51,2016,England,Sri Lanka
JJ Roy,34,2016,England,Sri Lanka
CR Woakes,17,2016,England,Sri Lanka
AD Hales,7,2016,England,Pakistan
EJG Morgan,33,2016,England,Pakistan
JE Root,61,2016,England,Pakistan
BA Stokes,15,2016,England,Pakistan
JJ Roy,65,2016,England,Pakistan
JC Buttler,4,2016,England,Pakistan
JE Root,89,2016,England,Pakistan
EJG Morgan,68,2016,England,Pakistan
MM Ali,21,2016,England,Pakistan
JJ Roy,0,2016,England,Pakistan
AD Hales,14,2016,England,Pakistan
BA Stokes,42,2016,England,Pakistan
CR Woakes,7,2016,England,Pakistan
JE Root,85,2016,England,Pakistan
EJG Morgan,57,2016,England,Pakistan
JC Buttler,90,2016,England,Pakistan
JJ Roy,15,2016,England,Pakistan
AD Hales,171,2016,England,Pakistan
JM Bairstow,61,2016,England,Pakistan
DJ Willey,4,2016,England,Pakistan
AD Hales,8,2016,England,Pakistan
EJG Morgan,11,2016,England,Pakistan
JE Root,30,2016,England,Pakistan
BA Stokes,69,2016,England,Pakistan
MM Ali,45,2016,England,Pakistan
JJ Roy,14,2016,England,Pakistan
JM Bairstow,33,2016,England,Pakistan
JE Root,9,2016,England,Pakistan
EJG Morgan,10,2016,England,Pakistan
CR Woakes,10,2016,England,Pakistan
AD Hales,23,2016,England,Pakistan
BA Stokes,75,2016,England,Pakistan
JJ Roy,87,2016,England,Pakistan
LA Dawson,10,2016,England,Pakistan
CJ Jordan,15,2016,England,Pakistan
DJ Willey,6,2016,England,Pakistan
MA Wood,8,2016,England,Pakistan
