AT Rayudu,62,2016,India,Zimbabwe
KK Nair,7,2016,India,Zimbabwe
MK Pandey,4,2016,India,Zimbabwe
KL Rahul,33,2016,India,Zimbabwe
AT Rayudu,41,2016,India,Zimbabwe
KK Nair,39,2016,India,Zimbabwe
FY Fazal,55,2016,India,Zimbabwe
KL Rahul,63,2016,India,Zimbabwe
Taskin Ahmed,2,2016,India,New Zealand
Taskin Ahmed,0,2016,India,New Zealand
Taskin Ahmed,4,2016,India,New Zealand
Taskin Ahmed,1,2016,India,Bangladesh
RG Sharma,14,2016,India,New Zealand
MS Dhoni,21,2016,India,New Zealand
MK Pandey,17,2016,India,New Zealand
AM Rahane,33,2016,India,New Zealand
KM Jadhav,10,2016,India,New Zealand
V Kohli,85,2016,India,New Zealand
RG Sharma,15,2016,India,New Zealand
HH Pandya,36,2016,India,New Zealand
KM Jadhav,41,2016,India,New Zealand
V Kohli,9,2016,India,New Zealand
MK Pandey,19,2016,India,New Zealand
MS Dhoni,39,2016,India,New Zealand
A Mishra,1,2016,India,New Zealand
UT Yadav,18,2016,India,New Zealand
AM Rahane,28,2016,India,New Zealand
AR Patel,17,2016,India,New Zealand
JJ Bumrah,0,2016,India,New Zealand
RG Sharma,13,2016,India,New Zealand
MK Pandey,28,2016,India,New Zealand
MS Dhoni,80,2016,India,New Zealand
AM Rahane,5,2016,India,New Zealand
V Kohli,154,2016,India,New Zealand
A Mishra,14,2016,India,New Zealand
MK Pandey,12,2016,India,New Zealand
MS Dhoni,11,2016,India,New Zealand
RG Sharma,11,2016,India,New Zealand
UT Yadav,7,2016,India,New Zealand
DS Kulkarni,25,2016,India,New Zealand
AM Rahane,57,2016,India,New Zealand
AR Patel,38,2016,India,New Zealand
HH Pandya,9,2016,India,New Zealand
KM Jadhav,0,2016,India,New Zealand
V Kohli,45,2016,India,New Zealand
RG Sharma,70,2016,India,New Zealand
MK Pandey,0,2016,India,New Zealand
MS Dhoni,41,2016,India,New Zealand
AM Rahane,20,2016,India,New Zealand
AR Patel,24,2016,India,New Zealand
J Yadav,1,2016,India,New Zealand
KM Jadhav,39,2016,India,New Zealand
V Kohli,65,2016,India,New Zealand
RA Jadeja,13,2017,India,England
MS Dhoni,6,2017,India,England
S Dhawan,1,2017,India,England
Yuvraj Singh,15,2017,India,England
KL Rahul,8,2017,India,England
HH Pandya,40,2017,India,England
KM Jadhav,120,2017,India,England
V Kohli,122,2017,India,England
KL Rahul,5,2017,India,England
MS Dhoni,134,2017,India,England
S Dhawan,11,2017,India,England
Yuvraj Singh,150,2017,India,England
HH Pandya,19,2017,India,England
RA Jadeja,16,2017,India,England
KM Jadhav,22,2017,India,England
V Kohli,8,2017,India,England
RA Jadeja,10,2017,India,England
MS Dhoni,25,2017,India,England
Yuvraj Singh,45,2017,India,England
KL Rahul,11,2017,India,England
B Kumar,0,2017,India,England
AM Rahane,1,2017,India,England
HH Pandya,56,2017,India,England
KM Jadhav,90,2017,India,England
V Kohli,55,2017,India,England
Taskin Ahmed,2,2016,India,Bangladesh
Taskin Ahmed,0,2016,India,Bangladesh
M Kartik,1,2006,India,Pakistan
MS Dhoni,68,2006,India,Pakistan
Yuvraj Singh,39,2006,India,Pakistan
V Sehwag,5,2006,India,Pakistan
R Dravid,18,2006,India,Pakistan
Z Khan,5,2006,India,Pakistan
SR Tendulkar,100,2006,India,Pakistan
IK Pathan,65,2006,India,Pakistan
M Kaif,8,2006,India,Pakistan
Yuvraj Singh,82,2006,India,Pakistan
R Dravid,56,2006,India,Pakistan
V Sehwag,67,2006,India,Pakistan
SR Tendulkar,42,2006,India,Pakistan
M Kaif,5,2006,India,Pakistan
MS Dhoni,72,2006,India,Pakistan
G Gambhir,2,2006,India,Pakistan
R Dravid,22,2006,India,Pakistan
IK Pathan,0,2006,India,Pakistan
Yuvraj Singh,79,2006,India,Pakistan
SR Tendulkar,95,2006,India,Pakistan
M Kaif,0,2006,India,Pakistan
MS Dhoni,2,2006,India,Pakistan
G Gambhir,21,2006,India,Pakistan
Yuvraj Singh,37,2006,India,Pakistan
M Kaif,0,2006,India,Pakistan
R Dravid,59,2006,India,Pakistan
SK Raina,35,2006,India,Pakistan
SR Tendulkar,0,2006,India,Pakistan
G Gambhir,38,2006,India,Pakistan
MS Dhoni,77,2006,India,Pakistan
R Dravid,50,2006,India,Pakistan
Yuvraj Singh,107,2006,India,Pakistan
G Gambhir,25,2006,India,England
V Sehwag,7,2006,India,England
RP Singh,2,2006,India,England
MS Dhoni,20,2006,India,England
Yuvraj Singh,1,2006,India,England
Harbhajan Singh,37,2006,India,England
R Dravid,34,2006,India,England
SK Raina,24,2006,India,England
IK Pathan,28,2006,India,England
M Kaif,4,2006,India,England
R Dravid,5,2006,India,England
G Gambhir,29,2006,India,England
MS Dhoni,38,2006,India,England
Yuvraj Singh,18,2006,India,England
V Sehwag,26,2006,India,England
SK Raina,81,2006,India,England
M Kaif,0,2006,India,England
IK Pathan,12,2006,India,England
MS Dhoni,13,2006,India,England
Yuvraj Singh,103,2006,India,England
V Sehwag,15,2006,India,England
R Dravid,46,2006,India,England
RR Powar,1,2006,India,England
SK Raina,61,2006,India,England
IK Pathan,36,2006,India,England
M Kaif,0,2006,India,England
MS Dhoni,96,2006,India,England
MM Patel,1,2006,India,England
Yuvraj Singh,4,2006,India,England
Harbhajan Singh,4,2006,India,England
V Sehwag,4,2006,India,England
Y Venugopal Rao,10,2006,India,England
RP Singh,7,2006,India,England
RR Powar,54,2006,India,England
SK Raina,2,2006,India,England
M Kaif,15,2006,India,England
R Dravid,69,2006,India,England
Yuvraj Singh,63,2006,India,England
RV Uthappa,86,2006,India,England
SK Raina,53,2006,India,England
IK Pathan,1,2006,India,England
MM Patel,2,2006,India,West Indies
V Sehwag,12,2006,India,West Indies
R Dravid,11,2006,India,West Indies
MS Dhoni,2,2006,India,West Indies
Yuvraj Singh,93,2006,India,West Indies
M Kaif,4,2006,India,West Indies
Harbhajan Singh,1,2006,India,West Indies
RR Powar,12,2006,India,West Indies
SK Raina,27,2006,India,West Indies
IK Pathan,14,2006,India,West Indies
MS Dhoni,15,2006,India,West Indies
Harbhajan Singh,8,2006,India,West Indies
V Sehwag,97,2006,India,West Indies
R Dravid,0,2006,India,West Indies
Y Venugopal Rao,11,2006,India,West Indies
RR Powar,1,2006,India,West Indies
SK Raina,26,2006,India,West Indies
IK Pathan,1,2006,India,West Indies
M Kaif,61,2006,India,West Indies
MS Dhoni,46,2006,India,West Indies
Yuvraj Singh,52,2006,India,West Indies
R Dravid,15,2006,India,West Indies
V Sehwag,11,2006,India,West Indies
SK Raina,7,2006,India,West Indies
IK Pathan,8,2006,India,West Indies
M Kaif,62,2006,India,West Indies
Harbhajan Singh,26,2006,India,West Indies
MS Dhoni,14,2006,India,West Indies
MM Patel,0,2006,India,West Indies
Yuvraj Singh,26,2006,India,West Indies
RV Uthappa,0,2006,India,West Indies
V Sehwag,95,2006,India,West Indies
R Dravid,18,2006,India,West Indies
SK Raina,2,2006,India,West Indies
M Kaif,12,2006,India,West Indies
MS Dhoni,3,2006,India,Pakistan
Yuvraj Singh,7,2006,India,Pakistan
Harbhajan Singh,3,2006,India,Pakistan
RV Uthappa,12,2006,India,Pakistan
R Dravid,20,2006,India,Pakistan
Y Venugopal Rao,61,2006,India,Pakistan
RR Powar,5,2006,India,Pakistan
SK Raina,40,2006,India,Pakistan
IK Pathan,26,2006,India,Pakistan
MS Dhoni,59,2006,India,Pakistan
Yuvraj Singh,24,2006,India,Pakistan
R Dravid,92,2006,India,Pakistan
V Sehwag,73,2006,India,Pakistan
SK Raina,6,2006,India,Pakistan
IK Pathan,7,2006,India,Pakistan
MS Dhoni,0,2007,India,Bangladesh
MM Patel,15,2007,India,Bangladesh
Yuvraj Singh,47,2007,India,Bangladesh
Harbhajan Singh,0,2007,India,Bangladesh
RV Uthappa,9,2007,India,Bangladesh
SC Ganguly,66,2007,India,Bangladesh
R Dravid,14,2007,India,Bangladesh
V Sehwag,2,2007,India,Bangladesh
Z Khan,15,2007,India,Bangladesh
SR Tendulkar,7,2007,India,Bangladesh
MS Dhoni,29,2007,India,Bermuda
Yuvraj Singh,83,2007,India,Bermuda
RV Uthappa,3,2007,India,Bermuda
SC Ganguly,89,2007,India,Bermuda
R Dravid,7,2007,India,Bermuda
V Sehwag,114,2007,India,Bermuda
SR Tendulkar,57,2007,India,Bermuda
MS Dhoni,0,2007,India,Sri Lanka
Harbhajan Singh,17,2007,India,Sri Lanka
MM Patel,10,2007,India,Sri Lanka
Yuvraj Singh,6,2007,India,Sri Lanka
RV Uthappa,18,2007,India,Sri Lanka
SC Ganguly,7,2007,India,Sri Lanka
Z Khan,1,2007,India,Sri Lanka
R Dravid,60,2007,India,Sri Lanka
V Sehwag,48,2007,India,Sri Lanka
SR Tendulkar,0,2007,India,Sri Lanka
MS Dhoni,14,2006,India,South Africa
Harbhajan Singh,1,2006,India,South Africa
R Dravid,18,2006,India,South Africa
MM Patel,0,2006,India,South Africa
W Jaffer,0,2006,India,South Africa
Z Khan,1,2006,India,South Africa
SK Raina,4,2006,India,South Africa
D Mongia,1,2006,India,South Africa
SR Tendulkar,35,2006,India,South Africa
M Kaif,8,2006,India,South Africa
KD Karthik,14,2006,India,South Africa
MS Dhoni,55,2006,India,South Africa
Harbhajan Singh,10,2006,India,South Africa
V Sehwag,0,2006,India,South Africa
R Dravid,63,2006,India,South Africa
Z Khan,2,2006,India,South Africa
SR Tendulkar,2,2006,India,South Africa
A Kumble,0,2006,India,South Africa
IK Pathan,1,2006,India,South Africa
M Kaif,10,2006,India,South Africa
KD Karthik,17,2006,India,South Africa
MS Dhoni,26,2006,India,South Africa
V Sehwag,18,2006,India,South Africa
W Jaffer,10,2006,India,South Africa
Z Khan,11,2006,India,South Africa
SR Tendulkar,1,2006,India,South Africa
A Kumble,2,2006,India,South Africa
IK Pathan,47,2006,India,South Africa
M Kaif,10,2006,India,South Africa
A Kumble,1,2006,India,South Africa
VVS Laxman,0,2006,India,South Africa
SR Tendulkar,55,2006,India,South Africa
MS Dhoni,44,2006,India,South Africa
Harbhajan Singh,1,2006,India,South Africa
V Sehwag,11,2006,India,South Africa
Z Khan,16,2006,India,South Africa
D Mongia,41,2006,India,South Africa
KD Karthik,11,2006,India,South Africa
IK Pathan,7,2006,India,South Africa
MS Dhoni,7,2006,India,England
Yuvraj Singh,27,2006,India,England
Harbhajan Singh,6,2006,India,England
V Sehwag,9,2006,India,England
R Dravid,4,2006,India,England
SK Raina,0,2006,India,England
SR Tendulkar,35,2006,India,England
IK Pathan,19,2006,India,England
MS Dhoni,51,2006,India,West Indies
Yuvraj Singh,27,2006,India,West Indies
Harbhajan Singh,15,2006,India,West Indies
V Sehwag,17,2006,India,West Indies
R Dravid,49,2006,India,West Indies
RP Singh,0,2006,India,West Indies
SK Raina,19,2006,India,West Indies
SR Tendulkar,29,2006,India,West Indies
IK Pathan,0,2006,India,West Indies
MS Dhoni,28,2006,India,Australia
Harbhajan Singh,5,2006,India,Australia
V Sehwag,65,2006,India,Australia
R Dravid,52,2006,India,Australia
SK Raina,13,2006,India,Australia
D Mongia,18,2006,India,Australia
SR Tendulkar,10,2006,India,Australia
IK Pathan,10,2006,India,Australia
M Kaif,30,2006,India,Australia
R Dravid,26,2006,India,West Indies
MS Dhoni,2,2006,India,West Indies
SK Raina,34,2006,India,West Indies
SR Tendulkar,141,2006,India,West Indies
IK Pathan,64,2006,India,West Indies
V Sehwag,9,2006,India,West Indies
M Kaif,1,2006,India,West Indies
MM Patel,2,2006,India,West Indies
V Sehwag,1,2006,India,West Indies
R Dravid,0,2006,India,West Indies
RP Singh,2,2006,India,West Indies
SR Tendulkar,65,2006,India,West Indies
MS Dhoni,18,2006,India,West Indies
Yuvraj Singh,0,2006,India,West Indies
Harbhajan Singh,37,2006,India,West Indies
SK Raina,11,2006,India,West Indies
MM Patel,1,2006,India,Australia
V Sehwag,10,2006,India,Australia
R Dravid,7,2006,India,Australia
RP Singh,4,2006,India,Australia
D Mongia,63,2006,India,Australia
SR Tendulkar,4,2006,India,Australia
MS Dhoni,23,2006,India,Australia
Harbhajan Singh,0,2006,India,Australia
SK Raina,26,2006,India,Australia
M Kaif,21,2006,India,Australia
KD Karthik,44,2007,India,England
G Gambhir,3,2007,India,England
MS Dhoni,19,2007,India,England
Yuvraj Singh,0,2007,India,England
SC Ganguly,2,2007,India,England
R Dravid,46,2007,India,England
PP Chawla,2,2007,India,England
RP Singh,0,2007,India,England
Z Khan,20,2007,India,England
SR Tendulkar,17,2007,India,England
PP Chawla,1,2007,India,England
MS Dhoni,21,2007,India,England
Yuvraj Singh,49,2007,India,England
SC Ganguly,39,2007,India,England
R Dravid,92,2007,India,England
RR Powar,1,2007,India,England
SR Tendulkar,99,2007,India,England
KD Karthik,1,2007,India,England
KD Karthik,0,2007,India,England
RR Powar,5,2007,India,England
SR Tendulkar,8,2007,India,England
MS Dhoni,13,2007,India,England
Yuvraj Singh,45,2007,India,England
R Dravid,56,2007,India,England
SC Ganguly,72,2007,India,England
PP Chawla,1,2007,India,England
RP Singh,12,2007,India,England
Z Khan,11,2007,India,England
MM Patel,1,2007,India,England
KD Karthik,4,2007,India,England
PP Chawla,13,2007,India,England
MS Dhoni,13,2007,India,England
Yuvraj Singh,71,2007,India,England
SC Ganguly,9,2007,India,England
R Dravid,1,2007,India,England
RP Singh,0,2007,India,England
RR Powar,7,2007,India,England
Z Khan,20,2007,India,England
SR Tendulkar,55,2007,India,England
G Gambhir,51,2007,India,England
MS Dhoni,24,2007,India,England
Yuvraj Singh,72,2007,India,England
SC Ganguly,59,2007,India,England
R Dravid,24,2007,India,England
Z Khan,4,2007,India,England
SR Tendulkar,71,2007,India,England
KD Karthik,2,2007,India,England
G Gambhir,47,2007,India,England
MS Dhoni,35,2007,India,England
Yuvraj Singh,18,2007,India,England
RV Uthappa,47,2007,India,England
SC Ganguly,53,2007,India,England
R Dravid,4,2007,India,England
SR Tendulkar,94,2007,India,England
G Gambhir,12,2007,India,England
PP Chawla,0,2007,India,England
MS Dhoni,50,2007,India,England
Yuvraj Singh,28,2007,India,England
RV Uthappa,22,2007,India,England
SC Ganguly,15,2007,India,England
R Dravid,0,2007,India,England
RP Singh,1,2007,India,England
RR Powar,10,2007,India,England
Z Khan,7,2007,India,England
SR Tendulkar,30,2007,India,England
G Gambhir,0,2007,India,West Indies
SR Tendulkar,60,2007,India,West Indies
Yuvraj Singh,10,2007,India,West Indies
A Kumble,3,2007,India,West Indies
RV Uthappa,70,2007,India,West Indies
R Dravid,57,2007,India,West Indies
RR Powar,5,2007,India,West Indies
SK Raina,23,2007,India,West Indies
KD Karthik,8,2007,India,West Indies
MS Dhoni,40,2007,India,West Indies
SC Ganguly,68,2007,India,West Indies
RV Uthappa,28,2007,India,West Indies
R Dravid,78,2007,India,West Indies
SR Tendulkar,100,2007,India,West Indies
KD Karthik,31,2007,India,Sri Lanka
R Dravid,5,2007,India,Sri Lanka
MS Dhoni,48,2007,India,Sri Lanka
A Kumble,2,2007,India,Sri Lanka
Harbhajan Singh,2,2007,India,Sri Lanka
RV Uthappa,7,2007,India,Sri Lanka
SC Ganguly,62,2007,India,Sri Lanka
V Sehwag,19,2007,India,Sri Lanka
SR Tendulkar,54,2007,India,Sri Lanka
RV Uthappa,52,2007,India,Sri Lanka
V Sehwag,46,2007,India,Sri Lanka
SC Ganguly,58,2007,India,Sri Lanka
Yuvraj Singh,95,2007,India,Sri Lanka
KD Karthik,1,2007,India,Sri Lanka
KD Karthik,4,2007,India,Sri Lanka
R Dravid,66,2007,India,Sri Lanka
MS Dhoni,67,2007,India,Sri Lanka
Yuvraj Singh,21,2007,India,Sri Lanka
V Sehwag,12,2007,India,Sri Lanka
SC Ganguly,48,2007,India,Sri Lanka
SR Tendulkar,1,2007,India,Sri Lanka
KD Karthik,14,2007,India,Scotland
G Gambhir,85,2007,India,Scotland
RV Uthappa,55,2007,India,Scotland
R Dravid,10,2007,India,Scotland
Yuvraj Singh,38,2007,India,Scotland
G Gambhir,21,2007,India,Bangladesh
MS Dhoni,91,2007,India,Bangladesh
Yuvraj Singh,1,2007,India,Bangladesh
R Dravid,22,2007,India,Bangladesh
V Sehwag,30,2007,India,Bangladesh
D Mongia,17,2007,India,Bangladesh
KD Karthik,58,2007,India,Bangladesh
G Gambhir,101,2007,India,Bangladesh
PP Chawla,1,2007,India,Bangladesh
MS Dhoni,36,2007,India,Bangladesh
Yuvraj Singh,24,2007,India,Bangladesh
V Sehwag,21,2007,India,Bangladesh
R Dravid,42,2007,India,Bangladesh
RR Powar,5,2007,India,Bangladesh
Z Khan,9,2007,India,Bangladesh
D Mongia,17,2007,India,Bangladesh
KD Karthik,6,2007,India,Bangladesh
MS Dhoni,2,2007,India,Africa XI
Yuvraj Singh,31,2007,India,Africa XI
Harbhajan Singh,20,2007,India,Africa XI
SC Ganguly,32,2007,India,Africa XI
V Sehwag,45,2007,India,Africa XI
Z Khan,6,2007,India,Africa XI
MS Dhoni,33,2007,India,Africa XI
Yuvraj Singh,30,2007,India,Africa XI
V Sehwag,52,2007,India,Africa XI
SC Ganguly,88,2007,India,Africa XI
MS Dhoni,139,2007,India,Africa XI
Yuvraj Singh,31,2007,India,Africa XI
Harbhajan Singh,4,2007,India,Africa XI
V Sehwag,8,2007,India,Africa XI
RG Sharma,39,2008,India,Australia
SR Tendulkar,44,2008,India,Australia
MS Dhoni,17,2008,India,Australia
G Gambhir,21,2008,India,Australia
Yuvraj Singh,3,2008,India,Australia
V Sehwag,11,2008,India,Australia
IK Pathan,18,2008,India,Australia
G Gambhir,34,2008,India,Australia
MM Patel,0,2008,India,Australia
Harbhajan Singh,4,2008,India,Australia
I Sharma,2,2008,India,Australia
SR Tendulkar,5,2008,India,Australia
RG Sharma,1,2008,India,Australia
MS Dhoni,37,2008,India,Australia
Yuvraj Singh,26,2008,India,Australia
RV Uthappa,18,2008,India,Australia
IK Pathan,14,2008,India,Australia
I Sharma,0,2008,India,Sri Lanka
MS Dhoni,50,2008,India,Sri Lanka
G Gambhir,15,2008,India,Sri Lanka
Yuvraj Singh,76,2008,India,Sri Lanka
RG Sharma,24,2008,India,Sri Lanka
RV Uthappa,10,2008,India,Sri Lanka
Harbhajan Singh,3,2008,India,Sri Lanka
SR Tendulkar,0,2008,India,Sri Lanka
IK Pathan,31,2008,India,Sri Lanka
RG Sharma,1,2008,India,Australia
G Gambhir,113,2008,India,Australia
MS Dhoni,36,2008,India,Australia
Yuvraj Singh,5,2008,India,Australia
RV Uthappa,51,2008,India,Australia
V Sehwag,17,2008,India,Australia
I Sharma,2,2008,India,Australia
Harbhajan Singh,20,2008,India,Australia
SR Tendulkar,2,2008,India,Australia
IK Pathan,22,2008,India,Australia
SR Tendulkar,63,2008,India,Sri Lanka
G Gambhir,63,2008,India,Sri Lanka
Yuvraj Singh,36,2008,India,Sri Lanka
RG Sharma,3,2008,India,Sri Lanka
RV Uthappa,11,2008,India,Sri Lanka
RG Sharma,66,2008,India,Australia
G Gambhir,3,2008,India,Australia
SR Tendulkar,117,2008,India,Australia
MS Dhoni,15,2008,India,Australia
Yuvraj Singh,10,2008,India,Australia
RV Uthappa,17,2008,India,Australia
RG Sharma,2,2008,India,Australia
G Gambhir,15,2008,India,Australia
PP Chawla,6,2008,India,Australia
MS Dhoni,36,2008,India,Australia
Yuvraj Singh,38,2008,India,Australia
Harbhajan Singh,3,2008,India,Australia
RV Uthappa,30,2008,India,Australia
SR Tendulkar,91,2008,India,Australia
IK Pathan,12,2008,India,Australia
G Gambhir,80,2007,India,Ireland
SC Ganguly,73,2007,India,Ireland
SR Tendulkar,4,2007,India,Ireland
RG Sharma,8,2007,India,South Africa
G Gambhir,0,2007,India,South Africa
SR Tendulkar,99,2007,India,South Africa
Yuvraj Singh,13,2007,India,South Africa
SC Ganguly,13,2007,India,South Africa
R Dravid,74,2007,India,South Africa
PP Chawla,2,2007,India,South Africa
RR Powar,1,2007,India,South Africa
KD Karthik,19,2007,India,South Africa
KD Karthik,32,2007,India,South Africa
MS Dhoni,0,2007,India,South Africa
Yuvraj Singh,49,2007,India,South Africa
SC Ganguly,42,2007,India,South Africa
R Dravid,2,2007,India,South Africa
SR Tendulkar,93,2007,India,South Africa
MS Dhoni,14,2007,India,South Africa
Yuvraj Singh,61,2007,India,South Africa
R Dravid,36,2007,India,South Africa
SC Ganguly,18,2007,India,South Africa
G Gambhir,5,2007,India,South Africa
SR Tendulkar,8,2007,India,South Africa
Harbhajan Singh,4,2007,India,Australia
G Gambhir,7,2007,India,Australia
SR Tendulkar,16,2007,India,Australia
R Dravid,31,2007,India,Australia
Yuvraj Singh,10,2007,India,Australia
RV Uthappa,41,2007,India,Australia
RR Powar,17,2007,India,Australia
Z Khan,3,2007,India,Australia
IK Pathan,1,2007,India,Australia
MS Dhoni,58,2007,India,Australia
RG Sharma,1,2007,India,Australia
G Gambhir,6,2007,India,Australia
Z Khan,3,2007,India,Australia
MS Dhoni,33,2007,India,Australia
Yuvraj Singh,121,2007,India,Australia
RV Uthappa,0,2007,India,Australia
R Dravid,0,2007,India,Australia
Harbhajan Singh,19,2007,India,Australia
SR Tendulkar,43,2007,India,Australia
IK Pathan,3,2007,India,Australia
SR Tendulkar,79,2007,India,Australia
MS Dhoni,50,2007,India,Australia
Yuvraj Singh,39,2007,India,Australia
RV Uthappa,30,2007,India,Australia
SC Ganguly,41,2007,India,Australia
R Dravid,13,2007,India,Australia
Z Khan,28,2007,India,Australia
MS Dhoni,4,2007,India,Australia
Yuvraj Singh,1,2007,India,Australia
Harbhajan Singh,5,2007,India,Australia
RV Uthappa,5,2007,India,Australia
SC Ganguly,0,2007,India,Australia
R Dravid,0,2007,India,Australia
RP Singh,12,2007,India,Australia
M Kartik,0,2007,India,Australia
SR Tendulkar,47,2007,India,Australia
IK Pathan,26,2007,India,Australia
Harbhajan Singh,6,2007,India,Australia
MS Dhoni,26,2007,India,Australia
Yuvraj Singh,6,2007,India,Australia
RV Uthappa,44,2007,India,Australia
R Dravid,7,2007,India,Australia
SC Ganguly,86,2007,India,Australia
Z Khan,3,2007,India,Australia
SR Tendulkar,72,2007,India,Australia
IK Pathan,29,2007,India,Australia
KD Karthik,0,2007,India,Australia
SR Tendulkar,21,2007,India,Australia
MS Dhoni,5,2007,India,Australia
Yuvraj Singh,15,2007,India,Australia
RV Uthappa,47,2007,India,Australia
SC Ganguly,0,2007,India,Australia
Z Khan,31,2007,India,Australia
M Kartik,21,2007,India,Australia
Harbhajan Singh,19,2007,India,Australia
IK Pathan,0,2007,India,Australia
MS Dhoni,63,2007,India,Pakistan
G Gambhir,44,2007,India,Pakistan
Yuvraj Singh,58,2007,India,Pakistan
RV Uthappa,11,2007,India,Pakistan
SC Ganguly,39,2007,India,Pakistan
IK Pathan,5,2007,India,Pakistan
SR Tendulkar,4,2007,India,Pakistan
G Gambhir,57,2007,India,Pakistan
MS Dhoni,4,2007,India,Pakistan
Yuvraj Singh,34,2007,India,Pakistan
Harbhajan Singh,38,2007,India,Pakistan
RV Uthappa,0,2007,India,Pakistan
SC Ganguly,6,2007,India,Pakistan
RP Singh,1,2007,India,Pakistan
V Sehwag,25,2007,India,Pakistan
Z Khan,9,2007,India,Pakistan
SR Tendulkar,99,2007,India,Pakistan
IK Pathan,7,2007,India,Pakistan
G Gambhir,25,2007,India,Pakistan
MS Dhoni,49,2007,India,Pakistan
Yuvraj Singh,77,2007,India,Pakistan
Harbhajan Singh,10,2007,India,Pakistan
RV Uthappa,19,2007,India,Pakistan
SC Ganguly,39,2007,India,Pakistan
SR Tendulkar,29,2007,India,Pakistan
IK Pathan,17,2007,India,Pakistan
MS Dhoni,45,2007,India,Pakistan
G Gambhir,3,2007,India,Pakistan
Yuvraj Singh,53,2007,India,Pakistan
SC Ganguly,5,2007,India,Pakistan
V Sehwag,43,2007,India,Pakistan
SR Tendulkar,97,2007,India,Pakistan
RG Sharma,52,2007,India,Pakistan
MS Dhoni,24,2007,India,Pakistan
G Gambhir,12,2007,India,Pakistan
RV Uthappa,1,2007,India,Pakistan
V Sehwag,10,2007,India,Pakistan
M Kartik,16,2007,India,Pakistan
SR Tendulkar,30,2007,India,Pakistan
IK Pathan,43,2007,India,Pakistan
Yuvraj Singh,50,2007,India,Pakistan
RG Sharma,11,2008,India,Hong Kong
G Gambhir,51,2008,India,Hong Kong
MS Dhoni,109,2008,India,Hong Kong
RV Uthappa,15,2008,India,Hong Kong
V Sehwag,78,2008,India,Hong Kong
SK Raina,101,2008,India,Hong Kong
RG Sharma,0,2008,India,Pakistan
MS Dhoni,26,2008,India,Pakistan
G Gambhir,9,2008,India,Pakistan
Yuvraj Singh,48,2008,India,Pakistan
V Sehwag,119,2008,India,Pakistan
SK Raina,84,2008,India,Pakistan
RG Sharma,22,2008,India,Bangladesh
G Gambhir,90,2008,India,Bangladesh
SK Raina,116,2008,India,Bangladesh
RV Uthappa,2,2008,India,Bangladesh
Yuvraj Singh,36,2008,India,Bangladesh
RG Sharma,58,2008,India,Pakistan
G Gambhir,35,2008,India,Pakistan
MS Dhoni,76,2008,India,Pakistan
Yuvraj Singh,37,2008,India,Pakistan
V Sehwag,49,2008,India,Pakistan
SK Raina,1,2008,India,Pakistan
IK Pathan,38,2008,India,Pakistan
MS Dhoni,67,2008,India,Sri Lanka
G Gambhir,68,2008,India,Sri Lanka
Yuvraj Singh,36,2008,India,Sri Lanka
RG Sharma,22,2008,India,Sri Lanka
V Sehwag,42,2008,India,Sri Lanka
SK Raina,54,2008,India,Sri Lanka
G Gambhir,6,2008,India,Sri Lanka
RG Sharma,3,2008,India,Sri Lanka
I Sharma,8,2008,India,Sri Lanka
RP Singh,0,2008,India,Sri Lanka
V Sehwag,60,2008,India,Sri Lanka
MS Dhoni,49,2008,India,Sri Lanka
Yuvraj Singh,0,2008,India,Sri Lanka
RV Uthappa,20,2008,India,Sri Lanka
SK Raina,16,2008,India,Sri Lanka
IK Pathan,2,2008,India,Sri Lanka
PP Ojha,6,2008,India,Sri Lanka
RG Sharma,19,2008,India,Sri Lanka
G Gambhir,0,2008,India,Sri Lanka
MS Dhoni,6,2008,India,Sri Lanka
MM Patel,15,2008,India,Sri Lanka
Yuvraj Singh,23,2008,India,Sri Lanka
Harbhajan Singh,12,2008,India,Sri Lanka
Z Khan,12,2008,India,Sri Lanka
SK Raina,17,2008,India,Sri Lanka
IK Pathan,7,2008,India,Sri Lanka
PP Ojha,16,2008,India,Sri Lanka
V Kohli,12,2008,India,Sri Lanka
Harbhajan Singh,1,2008,India,Sri Lanka
V Kohli,37,2008,India,Sri Lanka
Yuvraj Singh,20,2008,India,Sri Lanka
RG Sharma,0,2008,India,Sri Lanka
MS Dhoni,39,2008,India,Sri Lanka
Z Khan,2,2008,India,Sri Lanka
S Badrinath,27,2008,India,Sri Lanka
SK Raina,1,2008,India,Sri Lanka
IK Pathan,5,2008,India,Sri Lanka
RG Sharma,32,2008,India,Sri Lanka
G Gambhir,8,2008,India,Sri Lanka
MS Dhoni,76,2008,India,Sri Lanka
Yuvraj Singh,12,2008,India,Sri Lanka
Harbhajan Singh,2,2008,India,Sri Lanka
Z Khan,1,2008,India,Sri Lanka
S Badrinath,6,2008,India,Sri Lanka
SK Raina,53,2008,India,Sri Lanka
V Kohli,25,2008,India,Sri Lanka
RG Sharma,3,2008,India,Sri Lanka
Z Khan,3,2008,India,Sri Lanka
MS Dhoni,1,2008,India,Sri Lanka
G Gambhir,11,2008,India,Sri Lanka
MM Patel,4,2008,India,Sri Lanka
Yuvraj Singh,17,2008,India,Sri Lanka
IK Pathan,7,2008,India,Sri Lanka
RP Singh,4,2008,India,Sri Lanka
PP Ojha,5,2008,India,Sri Lanka
SK Raina,10,2008,India,Sri Lanka
V Kohli,31,2008,India,Sri Lanka
RG Sharma,9,2008,India,Pakistan
G Gambhir,62,2008,India,Pakistan
PP Chawla,0,2008,India,Pakistan
MS Dhoni,24,2008,India,Pakistan
Yuvraj Singh,55,2008,India,Pakistan
V Sehwag,89,2008,India,Pakistan
SK Raina,26,2008,India,Pakistan
IK Pathan,18,2008,India,Pakistan
RG Sharma,26,2008,India,Bangladesh
G Gambhir,107,2008,India,Bangladesh
SK Raina,0,2008,India,Bangladesh
V Sehwag,59,2008,India,Bangladesh
Yuvraj Singh,26,2008,India,Bangladesh
RG Sharma,24,2008,India,Pakistan
PP Chawla,2,2008,India,Pakistan
MS Dhoni,64,2008,India,Pakistan
G Gambhir,40,2008,India,Pakistan
Yuvraj Singh,56,2008,India,Pakistan
V Sehwag,2,2008,India,Pakistan
I Sharma,0,2008,India,Pakistan
IK Pathan,28,2008,India,Pakistan
SK Raina,24,2008,India,Pakistan
IE O'Brien,0,2009,India,Australia
RG Sharma,11,2008,India,England
G Gambhir,51,2008,India,England
Yuvraj Singh,138,2008,India,England
V Sehwag,85,2008,India,England
SK Raina,43,2008,India,England
MS Dhoni,39,2008,India,England
G Gambhir,70,2008,India,England
MM Patel,0,2008,India,England
V Sehwag,1,2008,India,England
RP Singh,4,2008,India,England
Z Khan,1,2008,India,England
RG Sharma,3,2008,India,England
MS Dhoni,15,2008,India,England
Yuvraj Singh,118,2008,India,England
Harbhajan Singh,8,2008,India,England
SK Raina,4,2008,India,England
RG Sharma,28,2008,India,England
G Gambhir,14,2008,India,England
MS Dhoni,29,2008,India,England
Yuvraj Singh,38,2008,India,England
V Sehwag,68,2008,India,England
SK Raina,1,2008,India,England
G Gambhir,40,2008,India,England
SR Tendulkar,11,2008,India,England
Yuvraj Singh,25,2008,India,England
MS Dhoni,9,2008,India,England
V Sehwag,69,2008,India,England
RG Sharma,8,2008,India,England
MS Dhoni,50,2008,India,England
Yuvraj Singh,6,2008,India,England
V Sehwag,91,2008,India,England
SK Raina,53,2008,India,England
SR Tendulkar,50,2008,India,England
G Gambhir,17,2008,India,Sri Lanka
Z Khan,0,2008,India,Sri Lanka
MM Patel,1,2008,India,Sri Lanka
V Kohli,54,2008,India,Sri Lanka
RG Sharma,18,2008,India,Sri Lanka
MS Dhoni,71,2008,India,Sri Lanka
Yuvraj Singh,0,2008,India,Sri Lanka
Harbhajan Singh,2,2008,India,Sri Lanka
S Badrinath,6,2008,India,Sri Lanka
SK Raina,76,2008,India,Sri Lanka
SR Tendulkar,20,2009,India,New Zealand
Yuvraj Singh,2,2009,India,New Zealand
MS Dhoni,84,2009,India,New Zealand
V Sehwag,77,2009,India,New Zealand
IE O'Brien,3,2009,India,New Zealand
SK Raina,66,2009,India,New Zealand
V Sehwag,125,2009,India,New Zealand
G Gambhir,63,2009,India,New Zealand
RG Sharma,43,2009,India,New Zealand
G Gambhir,5,2009,India,New Zealand
MS Dhoni,9,2009,India,New Zealand
Yuvraj Singh,11,2009,India,New Zealand
Harbhajan Singh,1,2009,India,New Zealand
V Sehwag,40,2009,India,New Zealand
I Sharma,3,2009,India,New Zealand
Z Khan,5,2009,India,New Zealand
SK Raina,8,2009,India,New Zealand
G Gambhir,15,2009,India,New Zealand
SR Tendulkar,163,2009,India,New Zealand
MS Dhoni,68,2009,India,New Zealand
Yuvraj Singh,87,2009,India,New Zealand
V Sehwag,3,2009,India,New Zealand
SK Raina,38,2009,India,New Zealand
RG Sharma,4,2009,India,West Indies
G Gambhir,13,2009,India,West Indies
MS Dhoni,41,2009,India,West Indies
Yuvraj Singh,131,2009,India,West Indies
Harbhajan Singh,21,2009,India,West Indies
RA Jadeja,0,2009,India,West Indies
KD Karthik,67,2009,India,West Indies
RG Sharma,0,2009,India,West Indies
G Gambhir,0,2009,India,West Indies
MS Dhoni,95,2009,India,West Indies
Yuvraj Singh,35,2009,India,West Indies
Harbhajan Singh,7,2009,India,West Indies
RP Singh,23,2009,India,West Indies
RA Jadeja,7,2009,India,West Indies
KD Karthik,4,2009,India,West Indies
RG Sharma,11,2009,India,West Indies
G Gambhir,44,2009,India,West Indies
MS Dhoni,46,2009,India,West Indies
Yuvraj Singh,2,2009,India,West Indies
KD Karthik,47,2009,India,West Indies
RG Sharma,25,2009,India,Sri Lanka
MS Dhoni,61,2009,India,Sri Lanka
G Gambhir,62,2009,India,Sri Lanka
Yuvraj Singh,23,2009,India,Sri Lanka
SK Raina,54,2009,India,Sri Lanka
SR Tendulkar,5,2009,India,Sri Lanka
G Gambhir,27,2009,India,Sri Lanka
MS Dhoni,23,2009,India,Sri Lanka
Yuvraj Singh,66,2009,India,Sri Lanka
V Sehwag,42,2009,India,Sri Lanka
Z Khan,17,2009,India,Sri Lanka
SK Raina,29,2009,India,Sri Lanka
SR Tendulkar,6,2009,India,Sri Lanka
G Gambhir,10,2009,India,Sri Lanka
SR Tendulkar,7,2009,India,Sri Lanka
MS Dhoni,35,2009,India,Sri Lanka
Yuvraj Singh,117,2009,India,Sri Lanka
V Sehwag,116,2009,India,Sri Lanka
SK Raina,9,2009,India,Sri Lanka
RG Sharma,4,2009,India,Sri Lanka
G Gambhir,150,2009,India,Sri Lanka
MS Dhoni,94,2009,India,Sri Lanka
Yuvraj Singh,5,2009,India,Sri Lanka
V Sehwag,5,2009,India,Sri Lanka
SK Raina,49,2009,India,Sri Lanka
RG Sharma,15,2009,India,Sri Lanka
I Sharma,4,2009,India,Sri Lanka
MS Dhoni,53,2009,India,Sri Lanka
G Gambhir,13,2009,India,Sri Lanka
Yuvraj Singh,73,2009,India,Sri Lanka
V Sehwag,6,2009,India,Sri Lanka
RA Jadeja,60,2009,India,Sri Lanka
SK Raina,0,2009,India,Sri Lanka
L Balaji,7,2009,India,Sri Lanka
IK Pathan,8,2009,India,Sri Lanka
KD Karthik,16,2009,India,Sri Lanka
I Sharma,13,2009,India,Sri Lanka
MS Dhoni,8,2009,India,Sri Lanka
Yuvraj Singh,16,2009,India,Sri Lanka
Harbhajan Singh,4,2009,India,Sri Lanka
R Dravid,47,2009,India,Sri Lanka
RP Singh,19,2009,India,Sri Lanka
SK Raina,0,2009,India,Sri Lanka
SR Tendulkar,27,2009,India,Sri Lanka
KD Karthik,4,2009,India,New Zealand
MS Dhoni,35,2009,India,New Zealand
Yuvraj Singh,8,2009,India,New Zealand
R Dravid,14,2009,India,New Zealand
SK Raina,45,2009,India,New Zealand
SR Tendulkar,46,2009,India,New Zealand
SR Tendulkar,138,2009,India,Sri Lanka
MS Dhoni,56,2009,India,Sri Lanka
Yuvraj Singh,56,2009,India,Sri Lanka
R Dravid,39,2009,India,Sri Lanka
SK Raina,8,2009,India,Sri Lanka
V Kohli,2,2009,India,Sri Lanka
G Gambhir,57,2009,India,Pakistan
R Dravid,76,2009,India,Pakistan
MS Dhoni,3,2009,India,Pakistan
Harbhajan Singh,13,2009,India,Pakistan
I Sharma,0,2009,India,Pakistan
RP Singh,2,2009,India,Pakistan
SK Raina,46,2009,India,Pakistan
SR Tendulkar,8,2009,India,Pakistan
V Kohli,16,2009,India,Pakistan
AM Nayar,0,2009,India,West Indies
R Dravid,4,2009,India,West Indies
G Gambhir,6,2009,India,West Indies
KD Karthik,34,2009,India,West Indies
V Kohli,79,2009,India,West Indies
Harbhajan Singh,49,2009,India,Australia
G Gambhir,68,2009,India,Australia
MS Dhoni,34,2009,India,Australia
V Sehwag,13,2009,India,Australia
RA Jadeja,5,2009,India,Australia
SK Raina,9,2009,India,Australia
SR Tendulkar,14,2009,India,Australia
V Kohli,30,2009,India,Australia
G Gambhir,76,2009,India,Australia
MS Dhoni,124,2009,India,Australia
Yuvraj Singh,23,2009,India,Australia
Harbhajan Singh,1,2009,India,Australia
V Sehwag,40,2009,India,Australia
SK Raina,62,2009,India,Australia
SR Tendulkar,4,2009,India,Australia
G Gambhir,6,2009,India,Australia
MS Dhoni,71,2009,India,Australia
Yuvraj Singh,78,2009,India,Australia
V Sehwag,11,2009,India,Australia
SK Raina,9,2009,India,Australia
SR Tendulkar,32,2009,India,Australia
V Sehwag,30,2009,India,Australia
I Sharma,3,2009,India,Australia
SR Tendulkar,40,2009,India,Australia
V Kohli,10,2009,India,Australia
MS Dhoni,26,2009,India,Australia
Yuvraj Singh,12,2009,India,Australia
Harbhajan Singh,31,2009,India,Australia
RA Jadeja,7,2009,India,Australia
SK Raina,17,2009,India,Australia
G Gambhir,8,2009,India,Australia
Harbhajan Singh,0,2009,India,Australia
MS Dhoni,6,2009,India,Australia
MM Patel,2,2009,India,Australia
Yuvraj Singh,9,2009,India,Australia
V Sehwag,38,2009,India,Australia
RA Jadeja,23,2009,India,Australia
SK Raina,59,2009,India,Australia
SR Tendulkar,175,2009,India,Australia
G Gambhir,0,2009,India,Australia
MS Dhoni,24,2009,India,Australia
MM Patel,0,2009,India,Australia
Yuvraj Singh,6,2009,India,Australia
Harbhajan Singh,0,2009,India,Australia
V Sehwag,6,2009,India,Australia
RA Jadeja,57,2009,India,Australia
SK Raina,0,2009,India,Australia
SR Tendulkar,10,2009,India,Australia
G Gambhir,11,2009,India,Sri Lanka
V Kohli,27,2009,India,Sri Lanka
MS Dhoni,72,2009,India,Sri Lanka
UWMBCA Welegedara,1,2009,India,Sri Lanka
Harbhajan Singh,11,2009,India,Sri Lanka
V Sehwag,146,2009,India,Sri Lanka
RA Jadeja,30,2009,India,Sri Lanka
SK Raina,16,2009,India,Sri Lanka
SR Tendulkar,69,2009,India,Sri Lanka
G Gambhir,2,2009,India,Sri Lanka
MS Dhoni,107,2009,India,Sri Lanka
Harbhajan Singh,0,2009,India,Sri Lanka
V Sehwag,4,2009,India,Sri Lanka
RA Jadeja,12,2009,India,Sri Lanka
SK Raina,68,2009,India,Sri Lanka
SR Tendulkar,43,2009,India,Sri Lanka
V Kohli,54,2009,India,Sri Lanka
KD Karthik,32,2009,India,Sri Lanka
UWMBCA Welegedara,2,2009,India,Sri Lanka
G Gambhir,32,2009,India,Sri Lanka
Yuvraj Singh,23,2009,India,Sri Lanka
V Sehwag,44,2009,India,Sri Lanka
SR Tendulkar,96,2009,India,Sri Lanka
KD Karthik,19,2009,India,Sri Lanka
G Gambhir,150,2009,India,Sri Lanka
V Sehwag,10,2009,India,Sri Lanka
SR Tendulkar,8,2009,India,Sri Lanka
V Kohli,107,2009,India,Sri Lanka
G Gambhir,39,2011,India,Bangladesh
V Sehwag,175,2011,India,Bangladesh
SR Tendulkar,28,2011,India,Bangladesh
V Kohli,100,2011,India,Bangladesh
G Gambhir,10,2011,India,Ireland
MS Dhoni,34,2011,India,Ireland
V Kohli,34,2011,India,Ireland
Yuvraj Singh,50,2011,India,Ireland
V Sehwag,5,2011,India,Ireland
SR Tendulkar,38,2011,India,Ireland
MS Dhoni,19,2011,India,Netherlands
G Gambhir,28,2011,India,Netherlands
Yuvraj Singh,51,2011,India,Netherlands
V Sehwag,39,2011,India,Netherlands
SR Tendulkar,27,2011,India,Netherlands
V Kohli,12,2011,India,Netherlands
G Gambhir,69,2011,India,South Africa
MS Dhoni,12,2011,India,South Africa
MM Patel,0,2011,India,South Africa
Yuvraj Singh,12,2011,India,South Africa
Harbhajan Singh,3,2011,India,South Africa
V Sehwag,73,2011,India,South Africa
Z Khan,0,2011,India,South Africa
SR Tendulkar,111,2011,India,South Africa
V Kohli,1,2011,India,South Africa
HK Bennett,0,2011,India,New Zealand
G Gambhir,22,2011,India,West Indies
MM Patel,1,2011,India,West Indies
Z Khan,5,2011,India,West Indies
SR Tendulkar,2,2011,India,West Indies
V Kohli,59,2011,India,West Indies
MS Dhoni,22,2011,India,West Indies
Yuvraj Singh,113,2011,India,West Indies
Harbhajan Singh,3,2011,India,West Indies
SK Raina,4,2011,India,West Indies
G Gambhir,50,2011,India,Australia
MS Dhoni,7,2011,India,Australia
V Sehwag,15,2011,India,Australia
SK Raina,34,2011,India,Australia
Yuvraj Singh,57,2011,India,Australia
SR Tendulkar,53,2011,India,Australia
V Kohli,24,2011,India,Australia
G Gambhir,27,2011,India,Pakistan
MS Dhoni,25,2011,India,Pakistan
Yuvraj Singh,0,2011,India,Pakistan
Harbhajan Singh,12,2011,India,Pakistan
V Sehwag,38,2011,India,Pakistan
Z Khan,9,2011,India,Pakistan
SK Raina,36,2011,India,Pakistan
SR Tendulkar,85,2011,India,Pakistan
V Kohli,9,2011,India,Pakistan
MS Dhoni,91,2011,India,Sri Lanka
G Gambhir,97,2011,India,Sri Lanka
Yuvraj Singh,21,2011,India,Sri Lanka
V Sehwag,0,2011,India,Sri Lanka
SR Tendulkar,18,2011,India,Sri Lanka
V Kohli,35,2011,India,Sri Lanka
G Gambhir,8,2010,India,Sri Lanka
Z Khan,2,2010,India,Sri Lanka
MS Dhoni,37,2010,India,Sri Lanka
Yuvraj Singh,74,2010,India,Sri Lanka
Harbhajan Singh,1,2010,India,Sri Lanka
V Sehwag,47,2010,India,Sri Lanka
RA Jadeja,39,2010,India,Sri Lanka
SK Raina,35,2010,India,Sri Lanka
V Kohli,9,2010,India,Sri Lanka
G Gambhir,18,2010,India,Bangladesh
MS Dhoni,101,2010,India,Bangladesh
SK Raina,51,2010,India,Bangladesh
V Sehwag,13,2010,India,Bangladesh
Yuvraj Singh,1,2010,India,Bangladesh
V Kohli,91,2010,India,Bangladesh
KD Karthik,48,2010,India,Sri Lanka
G Gambhir,71,2010,India,Sri Lanka
UWMBCA Welegedara,1,2010,India,Sri Lanka
Yuvraj Singh,8,2010,India,Sri Lanka
V Kohli,71,2010,India,Sri Lanka
G Gambhir,41,2010,India,Bangladesh
MS Dhoni,32,2010,India,Bangladesh
SK Raina,18,2010,India,Bangladesh
Yuvraj Singh,13,2010,India,Bangladesh
KD Karthik,34,2010,India,Bangladesh
V Kohli,102,2010,India,Bangladesh
G Gambhir,0,2010,India,Sri Lanka
Z Khan,16,2010,India,Sri Lanka
MS Dhoni,14,2010,India,Sri Lanka
Yuvraj Singh,0,2010,India,Sri Lanka
Harbhajan Singh,11,2010,India,Sri Lanka
V Sehwag,42,2010,India,Sri Lanka
RA Jadeja,38,2010,India,Sri Lanka
SK Raina,106,2010,India,Sri Lanka
V Kohli,2,2010,India,Sri Lanka
KD Karthik,44,2010,India,South Africa
V Kohli,31,2010,India,South Africa
MS Dhoni,26,2010,India,South Africa
V Sehwag,46,2010,India,South Africa
RA Jadeja,22,2010,India,South Africa
SK Raina,58,2010,India,South Africa
SR Tendulkar,4,2010,India,South Africa
KD Karthik,79,2010,India,South Africa
MS Dhoni,68,2010,India,South Africa
V Sehwag,9,2010,India,South Africa
SR Tendulkar,200,2010,India,South Africa
RG Sharma,48,2010,India,South Africa
S Tyagi,1,2010,India,South Africa
MS Dhoni,9,2010,India,South Africa
A Mithun,24,2010,India,South Africa
M Vijay,25,2010,India,South Africa
RA Jadeja,36,2010,India,South Africa
SK Raina,49,2010,India,South Africa
KD Karthik,11,2010,India,South Africa
V Kohli,57,2010,India,South Africa
XJ Doherty,3,2010,India,Australia
RG Sharma,114,2010,India,Zimbabwe
RA Jadeja,61,2010,India,Zimbabwe
SK Raina,37,2010,India,Zimbabwe
KD Karthik,22,2010,India,Zimbabwe
M Vijay,11,2010,India,Zimbabwe
RG Sharma,101,2010,India,Sri Lanka
V Kohli,82,2010,India,Sri Lanka
SK Raina,24,2010,India,Sri Lanka
KD Karthik,18,2010,India,Sri Lanka
M Vijay,14,2010,India,Sri Lanka
AM Blignaut,1,2010,India,Zimbabwe
RG Sharma,13,2010,India,Zimbabwe
V Kohli,18,2010,India,Zimbabwe
A Mishra,0,2010,India,Zimbabwe
UT Yadav,3,2010,India,Zimbabwe
AB Dinda,16,2010,India,Zimbabwe
RA Jadeja,51,2010,India,Zimbabwe
SK Raina,3,2010,India,Zimbabwe
KD Karthik,33,2010,India,Zimbabwe
PP Ojha,7,2010,India,Zimbabwe
M Vijay,21,2010,India,Zimbabwe
RG Sharma,32,2010,India,Sri Lanka
NV Ojha,1,2010,India,Sri Lanka
AB Dinda,0,2010,India,Sri Lanka
RA Jadeja,19,2010,India,Sri Lanka
SK Raina,19,2010,India,Sri Lanka
Pankaj Singh,3,2010,India,Sri Lanka
KD Karthik,27,2010,India,Sri Lanka
PP Ojha,5,2010,India,Sri Lanka
V Kohli,68,2010,India,Sri Lanka
RG Sharma,0,2010,India,Bangladesh
G Gambhir,82,2010,India,Bangladesh
MS Dhoni,38,2010,India,Bangladesh
SK Raina,1,2010,India,Bangladesh
V Sehwag,11,2010,India,Bangladesh
V Kohli,11,2010,India,Bangladesh
RG Sharma,22,2010,India,Pakistan
MS Dhoni,56,2010,India,Pakistan
Harbhajan Singh,15,2010,India,Pakistan
V Sehwag,10,2010,India,Pakistan
RA Jadeja,6,2010,India,Pakistan
SK Raina,34,2010,India,Pakistan
G Gambhir,83,2010,India,Pakistan
V Kohli,18,2010,India,Pakistan
RG Sharma,69,2010,India,Sri Lanka
G Gambhir,23,2010,India,Sri Lanka
V Kohli,10,2010,India,Sri Lanka
Z Khan,0,2010,India,Sri Lanka
MS Dhoni,41,2010,India,Sri Lanka
AB Dinda,2,2010,India,Sri Lanka
RA Jadeja,0,2010,India,Sri Lanka
SK Raina,18,2010,India,Sri Lanka
KD Karthik,40,2010,India,Sri Lanka
PP Ojha,0,2010,India,Sri Lanka
RG Sharma,41,2010,India,Sri Lanka
G Gambhir,15,2010,India,Sri Lanka
MS Dhoni,38,2010,India,Sri Lanka
Harbhajan Singh,7,2010,India,Sri Lanka
RA Jadeja,25,2010,India,Sri Lanka
SK Raina,29,2010,India,Sri Lanka
KD Karthik,66,2010,India,Sri Lanka
V Kohli,28,2010,India,Sri Lanka
V Sehwag,19,2010,India,New Zealand
KD Karthik,14,2010,India,New Zealand
RG Sharma,4,2010,India,New Zealand
MS Dhoni,2,2010,India,New Zealand
Yuvraj Singh,5,2010,India,New Zealand
A Mithun,4,2010,India,New Zealand
PP Ojha,0,2010,India,New Zealand
RA Jadeja,20,2010,India,New Zealand
SK Raina,6,2010,India,New Zealand
RG Sharma,0,2010,India,Sri Lanka
KD Karthik,10,2010,India,Sri Lanka
MS Dhoni,23,2010,India,Sri Lanka
V Kohli,0,2010,India,Sri Lanka
V Sehwag,99,2010,India,Sri Lanka
SK Raina,21,2010,India,Sri Lanka
MM Patel,7,2010,India,New Zealand
V Sehwag,110,2010,India,New Zealand
I Sharma,8,2010,India,New Zealand
KD Karthik,0,2010,India,New Zealand
V Kohli,8,2010,India,New Zealand
MS Dhoni,38,2010,India,New Zealand
Yuvraj Singh,6,2010,India,New Zealand
RA Jadeja,17,2010,India,New Zealand
SK Raina,1,2010,India,New Zealand
RG Sharma,11,2010,India,Sri Lanka
MS Dhoni,10,2010,India,Sri Lanka
Yuvraj Singh,38,2010,India,Sri Lanka
V Sehwag,12,2010,India,Sri Lanka
I Sharma,3,2010,India,Sri Lanka
RA Jadeja,0,2010,India,Sri Lanka
SK Raina,8,2010,India,Sri Lanka
KD Karthik,9,2010,India,Sri Lanka
PP Ojha,2,2010,India,Sri Lanka
I Sharma,0,2010,India,Sri Lanka
MS Dhoni,67,2010,India,Sri Lanka
MM Patel,0,2010,India,Sri Lanka
Yuvraj Singh,26,2010,India,Sri Lanka
RG Sharma,5,2010,India,Sri Lanka
V Sehwag,28,2010,India,Sri Lanka
SK Raina,29,2010,India,Sri Lanka
KD Karthik,0,2010,India,Sri Lanka
V Kohli,37,2010,India,Sri Lanka
MM Patel,1,2011,India,South Africa
Z Khan,6,2011,India,South Africa
SR Tendulkar,7,2011,India,South Africa
V Kohli,54,2011,India,South Africa
RG Sharma,11,2011,India,South Africa
MS Dhoni,25,2011,India,South Africa
Harbhajan Singh,0,2011,India,South Africa
Yuvraj Singh,2,2011,India,South Africa
SK Raina,32,2011,India,South Africa
M Vijay,1,2011,India,South Africa
Z Khan,0,2011,India,South Africa
MM Patel,6,2011,India,South Africa
SR Tendulkar,24,2011,India,South Africa
V Kohli,22,2011,India,South Africa
RG Sharma,9,2011,India,South Africa
MS Dhoni,38,2011,India,South Africa
Yuvraj Singh,53,2011,India,South Africa
Harbhajan Singh,3,2011,India,South Africa
SK Raina,11,2011,India,South Africa
M Vijay,16,2011,India,South Africa
RG Sharma,23,2011,India,South Africa
MS Dhoni,5,2011,India,South Africa
Harbhajan Singh,23,2011,India,South Africa
Z Khan,14,2011,India,South Africa
SK Raina,37,2011,India,South Africa
Yuvraj Singh,16,2011,India,South Africa
V Kohli,28,2011,India,South Africa
M Vijay,1,2011,India,South Africa
RG Sharma,1,2011,India,South Africa
Harbhajan Singh,3,2011,India,South Africa
MS Dhoni,2,2011,India,South Africa
PA Patel,11,2011,India,South Africa
Yuvraj Singh,12,2011,India,South Africa
SK Raina,20,2011,India,South Africa
V Kohli,87,2011,India,South Africa
Z Khan,24,2011,India,South Africa
MM Patel,4,2011,India,South Africa
PA Patel,38,2011,India,South Africa
V Kohli,2,2011,India,South Africa
RG Sharma,5,2011,India,South Africa
PP Chawla,8,2011,India,South Africa
MS Dhoni,5,2011,India,South Africa
Harbhajan Singh,13,2011,India,South Africa
Yuvraj Singh,8,2011,India,South Africa
SK Raina,11,2011,India,South Africa
V Kohli,118,2010,India,Australia
MS Dhoni,0,2010,India,Australia
S Dhawan,0,2010,India,Australia
Yuvraj Singh,58,2010,India,Australia
SS Tiwary,12,2010,India,Australia
SK Raina,71,2010,India,Australia
M Vijay,15,2010,India,Australia
G Gambhir,38,2010,India,New Zealand
MM Patel,1,2010,India,New Zealand
Yuvraj Singh,42,2010,India,New Zealand
WP Saha,4,2010,India,New Zealand
SK Raina,13,2010,India,New Zealand
V Kohli,105,2010,India,New Zealand
M Vijay,29,2010,India,New Zealand
G Gambhir,138,2010,India,New Zealand
Yuvraj Singh,16,2010,India,New Zealand
V Kohli,64,2010,India,New Zealand
M Vijay,33,2010,India,New Zealand
G Gambhir,126,2010,India,New Zealand
V Kohli,63,2010,India,New Zealand
M Vijay,30,2010,India,New Zealand
RG Sharma,44,2010,India,New Zealand
G Gambhir,27,2010,India,New Zealand
SS Tiwary,37,2010,India,New Zealand
Yuvraj Singh,20,2010,India,New Zealand
PA Patel,53,2010,India,New Zealand
V Kohli,0,2010,India,New Zealand
G Gambhir,0,2010,India,New Zealand
Yuvraj Singh,42,2010,India,New Zealand
PA Patel,56,2010,India,New Zealand
V Kohli,2,2010,India,New Zealand
HK Bennett,4,2011,India,New Zealand
HK Bennett,3,2011,India,New Zealand
MS Dhoni,6,2011,India,England
PA Patel,28,2011,India,England
R Dravid,32,2011,India,England
AM Rahane,54,2011,India,England
SK Raina,40,2011,India,England
MK Tiwary,11,2011,India,England
V Kohli,9,2011,India,England
MS Dhoni,69,2011,India,England
PA Patel,3,2011,India,England
R Dravid,2,2011,India,England
AM Rahane,0,2011,India,England
RA Jadeja,78,2011,India,England
SK Raina,21,2011,India,England
V Kohli,7,2011,India,England
MS Dhoni,50,2011,India,England
PA Patel,19,2011,India,England
R Dravid,69,2011,India,England
AM Rahane,26,2011,India,England
RA Jadeja,0,2011,India,England
SK Raina,15,2011,India,England
V Kohli,107,2011,India,England
HK Bennett,0,2010,India,Bangladesh
RG Sharma,68,2011,India,West Indies
V Kohli,2,2011,India,West Indies
S Dhawan,51,2011,India,West Indies
Harbhajan Singh,6,2011,India,West Indies
PA Patel,13,2011,India,West Indies
S Badrinath,17,2011,India,West Indies
SK Raina,43,2011,India,West Indies
RG Sharma,7,2011,India,West Indies
S Dhawan,3,2011,India,West Indies
PA Patel,56,2011,India,West Indies
SK Raina,26,2011,India,West Indies
V Kohli,81,2011,India,West Indies
RG Sharma,86,2011,India,West Indies
V Kohli,0,2011,India,West Indies
S Dhawan,4,2011,India,West Indies
Harbhajan Singh,41,2011,India,West Indies
S Badrinath,11,2011,India,West Indies
PA Patel,46,2011,India,West Indies
SK Raina,3,2011,India,West Indies
RG Sharma,39,2011,India,West Indies
V Kohli,22,2011,India,West Indies
A Mishra,5,2011,India,West Indies
PA Patel,26,2011,India,West Indies
I Sharma,0,2011,India,West Indies
S Badrinath,12,2011,India,West Indies
SK Raina,10,2011,India,West Indies
MK Tiwary,2,2011,India,West Indies
RG Sharma,57,2011,India,West Indies
S Dhawan,11,2011,India,West Indies
A Mishra,0,2011,India,West Indies
PA Patel,6,2011,India,West Indies
I Sharma,0,2011,India,West Indies
R Vinay Kumar,2,2011,India,West Indies
SK Raina,0,2011,India,West Indies
MK Tiwary,22,2011,India,West Indies
V Kohli,94,2011,India,West Indies
XJ Doherty,2,2011,India,Bangladesh
XJ Doherty,10,2011,India,South Africa
XJ Doherty,2,2011,India,Sri Lanka
XJ Doherty,0,2011,India,Sri Lanka
RG Sharma,21,2012,India,Australia
G Gambhir,5,2012,India,Australia
MS Dhoni,29,2012,India,Australia
R Sharma,1,2012,India,Australia
R Vinay Kumar,12,2012,India,Australia
RA Jadeja,19,2012,India,Australia
SK Raina,4,2012,India,Australia
SR Tendulkar,2,2012,India,Australia
V Kohli,31,2012,India,Australia
RG Sharma,10,2012,India,Sri Lanka
SR Tendulkar,48,2012,India,Sri Lanka
MS Dhoni,4,2012,India,Sri Lanka
V Sehwag,10,2012,India,Sri Lanka
V Kohli,77,2012,India,Sri Lanka
SK Raina,24,2012,India,Sri Lanka
RA Jadeja,24,2012,India,Sri Lanka
XJ Doherty,2,2012,India,Australia
RG Sharma,33,2012,India,Australia
G Gambhir,92,2012,India,Australia
MS Dhoni,44,2012,India,Australia
V Kohli,18,2012,India,Australia
V Sehwag,20,2012,India,Australia
RA Jadeja,12,2012,India,Australia
SK Raina,38,2012,India,Australia
XJ Doherty,2,2012,India,Australia
RG Sharma,0,2012,India,Australia
G Gambhir,5,2012,India,Australia
Z Khan,9,2012,India,Australia
MS Dhoni,56,2012,India,Australia
UT Yadav,6,2012,India,Australia
R Vinay Kumar,6,2012,India,Australia
IK Pathan,19,2012,India,Australia
RA Jadeja,18,2012,India,Australia
SK Raina,28,2012,India,Australia
SR Tendulkar,3,2012,India,Australia
V Kohli,12,2012,India,Australia
G Gambhir,29,2012,India,Sri Lanka
PA Patel,4,2012,India,Sri Lanka
V Sehwag,0,2012,India,Sri Lanka
UT Yadav,0,2012,India,Sri Lanka
SK Raina,32,2012,India,Sri Lanka
R Vinay Kumar,0,2012,India,Sri Lanka
RA Jadeja,17,2012,India,Sri Lanka
SR Tendulkar,22,2012,India,Sri Lanka
IK Pathan,47,2012,India,Sri Lanka
V Kohli,66,2012,India,Sri Lanka
G Gambhir,23,2012,India,Australia
MS Dhoni,14,2012,India,Australia
V Kohli,21,2012,India,Australia
XJ Doherty,13,2012,India,Australia
UT Yadav,0,2012,India,Australia
V Sehwag,5,2012,India,Australia
IK Pathan,22,2012,India,Australia
RA Jadeja,8,2012,India,Australia
SK Raina,8,2012,India,Australia
SR Tendulkar,14,2012,India,Australia
SR Tendulkar,39,2012,India,Sri Lanka
G Gambhir,63,2012,India,Sri Lanka
SK Raina,40,2012,India,Sri Lanka
V Sehwag,30,2012,India,Sri Lanka
V Kohli,133,2012,India,Sri Lanka
XJ Doherty,7,2012,India,Australia
XJ Doherty,5,2012,India,Australia
G Gambhir,32,2011,India,England
MS Dhoni,87,2011,India,England
PA Patel,9,2011,India,England
AM Rahane,15,2011,India,England
RA Jadeja,27,2011,India,England
SK Raina,61,2011,India,England
V Kohli,37,2011,India,England
G Gambhir,84,2011,India,England
PA Patel,12,2011,India,England
AM Rahane,14,2011,India,England
V Kohli,112,2011,India,England
MS Dhoni,35,2011,India,England
G Gambhir,58,2011,India,England
PA Patel,38,2011,India,England
AM Rahane,91,2011,India,England
RA Jadeja,26,2011,India,England
SK Raina,0,2011,India,England
V Kohli,35,2011,India,England
V Kohli,86,2011,India,England
G Gambhir,1,2011,India,England
PA Patel,8,2011,India,England
AM Rahane,20,2011,India,England
SK Raina,80,2011,India,England
MS Dhoni,15,2011,India,England
G Gambhir,38,2011,India,England
MS Dhoni,75,2011,India,England
AM Rahane,42,2011,India,England
RA Jadeja,21,2011,India,England
SK Raina,38,2011,India,England
MK Tiwary,24,2011,India,England
V Kohli,0,2011,India,England
XJ Doherty,6,2012,India,England
G Gambhir,100,2012,India,Sri Lanka
SR Tendulkar,6,2012,India,Sri Lanka
MS Dhoni,46,2012,India,Sri Lanka
SK Raina,30,2012,India,Sri Lanka
V Kohli,108,2012,India,Sri Lanka
RG Sharma,4,2012,India,Bangladesh
G Gambhir,11,2012,India,Bangladesh
MS Dhoni,21,2012,India,Bangladesh
RA Jadeja,4,2012,India,Bangladesh
SK Raina,51,2012,India,Bangladesh
SR Tendulkar,114,2012,India,Bangladesh
V Kohli,66,2012,India,Bangladesh
RG Sharma,68,2012,India,Pakistan
G Gambhir,0,2012,India,Pakistan
MS Dhoni,4,2012,India,Pakistan
SK Raina,12,2012,India,Pakistan
SR Tendulkar,52,2012,India,Pakistan
V Kohli,183,2012,India,Pakistan
G Gambhir,4,2011,India,West Indies
RG Sharma,72,2011,India,West Indies
PA Patel,12,2011,India,West Indies
UT Yadav,6,2011,India,West Indies
R Vinay Kumar,18,2011,India,West Indies
V Sehwag,20,2011,India,West Indies
V Kohli,3,2011,India,West Indies
VR Aaron,6,2011,India,West Indies
RA Jadeja,38,2011,India,West Indies
SK Raina,5,2011,India,West Indies
G Gambhir,12,2011,India,West Indies
RA Jadeja,9,2011,India,West Indies
RG Sharma,90,2011,India,West Indies
PA Patel,2,2011,India,West Indies
V Sehwag,26,2011,India,West Indies
SK Raina,0,2011,India,West Indies
V Kohli,117,2011,India,West Indies
G Gambhir,0,2011,India,West Indies
A Mithun,23,2011,India,West Indies
RG Sharma,95,2011,India,West Indies
PA Patel,39,2011,India,West Indies
R Vinay Kumar,3,2011,India,West Indies
V Sehwag,0,2011,India,West Indies
UT Yadav,11,2011,India,West Indies
RA Jadeja,11,2011,India,West Indies
SK Raina,2,2011,India,West Indies
V Kohli,20,2011,India,West Indies
RG Sharma,27,2011,India,West Indies
G Gambhir,67,2011,India,West Indies
PA Patel,3,2011,India,West Indies
V Sehwag,219,2011,India,West Indies
RA Jadeja,10,2011,India,West Indies
SK Raina,55,2011,India,West Indies
V Kohli,23,2011,India,West Indies
RG Sharma,21,2011,India,West Indies
G Gambhir,31,2011,India,West Indies
PA Patel,0,2011,India,West Indies
IK Pathan,4,2011,India,West Indies
AM Rahane,0,2011,India,West Indies
SK Raina,16,2011,India,West Indies
MK Tiwary,104,2011,India,West Indies
V Kohli,80,2011,India,West Indies
XJ Doherty,0,2012,India,West Indies
XJ Doherty,1,2012,India,West Indies
XJ Doherty,1,2012,India,West Indies
RG Sharma,5,2012,India,Sri Lanka
G Gambhir,3,2012,India,Sri Lanka
MS Dhoni,35,2012,India,Sri Lanka
V Sehwag,96,2012,India,Sri Lanka
IK Pathan,7,2012,India,Sri Lanka
SK Raina,50,2012,India,Sri Lanka
V Kohli,106,2012,India,Sri Lanka
RG Sharma,0,2012,India,Sri Lanka
G Gambhir,65,2012,India,Sri Lanka
MS Dhoni,11,2012,India,Sri Lanka
UT Yadav,0,2012,India,Sri Lanka
V Sehwag,15,2012,India,Sri Lanka
Z Khan,2,2012,India,Sri Lanka
SK Raina,1,2012,India,Sri Lanka
IK Pathan,6,2012,India,Sri Lanka
PP Ojha,5,2012,India,Sri Lanka
V Kohli,1,2012,India,Sri Lanka
RG Sharma,0,2012,India,Sri Lanka
MS Dhoni,31,2012,India,Sri Lanka
G Gambhir,102,2012,India,Sri Lanka
V Sehwag,3,2012,India,Sri Lanka
SK Raina,65,2012,India,Sri Lanka
IK Pathan,34,2012,India,Sri Lanka
V Kohli,38,2012,India,Sri Lanka
RG Sharma,4,2012,India,Sri Lanka
G Gambhir,0,2012,India,Sri Lanka
V Sehwag,34,2012,India,Sri Lanka
V Kohli,128,2012,India,Sri Lanka
SK Raina,58,2012,India,Sri Lanka
MK Tiwary,21,2012,India,Sri Lanka
RG Sharma,4,2012,India,Sri Lanka
G Gambhir,88,2012,India,Sri Lanka
MS Dhoni,58,2012,India,Sri Lanka
AM Rahane,9,2012,India,Sri Lanka
SK Raina,0,2012,India,Sri Lanka
MK Tiwary,65,2012,India,Sri Lanka
IK Pathan,29,2012,India,Sri Lanka
V Kohli,23,2012,India,Sri Lanka
G Gambhir,52,2013,India,England
I Sharma,7,2013,India,England
MS Dhoni,32,2013,India,England
Yuvraj Singh,61,2013,India,England
B Kumar,20,2013,India,England
AB Dinda,3,2013,India,England
AM Rahane,47,2013,India,England
RA Jadeja,7,2013,India,England
SK Raina,50,2013,India,England
V Kohli,15,2013,India,England
G Gambhir,8,2013,India,England
MS Dhoni,72,2013,India,England
Yuvraj Singh,32,2013,India,England
AM Rahane,4,2013,India,England
RA Jadeja,61,2013,India,England
SK Raina,55,2013,India,England
V Kohli,37,2013,India,England
G Gambhir,33,2013,India,England
V Kohli,77,2013,India,England
MS Dhoni,10,2013,India,England
Yuvraj Singh,30,2013,India,England
AM Rahane,0,2013,India,England
RG Sharma,83,2013,India,England
G Gambhir,10,2013,India,England
V Kohli,26,2013,India,England
MS Dhoni,19,2013,India,England
Yuvraj Singh,3,2013,India,England
RA Jadeja,21,2013,India,England
SK Raina,89,2013,India,England
RG Sharma,4,2013,India,England
G Gambhir,24,2013,India,England
Shami Ahmed,1,2013,India,England
MS Dhoni,15,2013,India,England
B Kumar,31,2013,India,England
Yuvraj Singh,0,2013,India,England
RA Jadeja,39,2013,India,England
SK Raina,83,2013,India,England
V Kohli,0,2013,India,England
RG Sharma,33,2013,India,Sri Lanka
V Kohli,58,2013,India,Sri Lanka
SK Raina,7,2013,India,Sri Lanka
S Dhawan,68,2013,India,Sri Lanka
RG Sharma,9,2013,India,England
KD Karthik,6,2013,India,England
MS Dhoni,0,2013,India,England
S Dhawan,31,2013,India,England
B Kumar,1,2013,India,England
RA Jadeja,33,2013,India,England
SK Raina,1,2013,India,England
V Kohli,43,2013,India,England
XJ Doherty,5,2013,India,Australia
XJ Doherty,15,2013,India,Australia
RG Sharma,65,2013,India,South Africa
MS Dhoni,27,2013,India,South Africa
S Dhawan,114,2013,India,South Africa
RA Jadeja,47,2013,India,South Africa
SK Raina,9,2013,India,South Africa
KD Karthik,14,2013,India,South Africa
V Kohli,31,2013,India,South Africa
RG Sharma,52,2013,India,West Indies
S Dhawan,102,2013,India,West Indies
KD Karthik,51,2013,India,West Indies
V Kohli,22,2013,India,West Indies
RG Sharma,18,2013,India,Pakistan
S Dhawan,48,2013,India,Pakistan
KD Karthik,11,2013,India,Pakistan
V Kohli,22,2013,India,Pakistan
XJ Doherty,15,2013,India,Australia
Sohag Gazi,30,2012,India,Bangladesh
Sohag Gazi,13,2012,India,Bangladesh
Sohag Gazi,19,2012,India,Bangladesh
RG Sharma,4,2012,India,Pakistan
G Gambhir,8,2012,India,Pakistan
MS Dhoni,113,2012,India,Pakistan
Yuvraj Singh,2,2012,India,Pakistan
V Sehwag,4,2012,India,Pakistan
SK Raina,43,2012,India,Pakistan
V Kohli,0,2012,India,Pakistan
G Gambhir,11,2013,India,Pakistan
RA Jadeja,13,2013,India,Pakistan
MS Dhoni,54,2013,India,Pakistan
B Kumar,0,2013,India,Pakistan
Yuvraj Singh,9,2013,India,Pakistan
V Sehwag,31,2013,India,Pakistan
I Sharma,2,2013,India,Pakistan
AB Dinda,0,2013,India,Pakistan
SK Raina,18,2013,India,Pakistan
V Kohli,6,2013,India,Pakistan
G Gambhir,15,2013,India,Pakistan
I Sharma,5,2013,India,Pakistan
V Kohli,7,2013,India,Pakistan
Shami Ahmed,0,2013,India,Pakistan
MS Dhoni,36,2013,India,Pakistan
B Kumar,2,2013,India,Pakistan
Yuvraj Singh,23,2013,India,Pakistan
AM Rahane,4,2013,India,Pakistan
RA Jadeja,27,2013,India,Pakistan
SK Raina,31,2013,India,Pakistan
RG Sharma,60,2013,India,West Indies
MS Dhoni,27,2013,India,West Indies
S Dhawan,11,2013,India,West Indies
B Kumar,11,2013,India,West Indies
RA Jadeja,15,2013,India,West Indies
SK Raina,44,2013,India,West Indies
KD Karthik,23,2013,India,West Indies
V Kohli,11,2013,India,West Indies
RG Sharma,5,2013,India,Sri Lanka
S Dhawan,24,2013,India,Sri Lanka
M Vijay,30,2013,India,Sri Lanka
UT Yadav,0,2013,India,Sri Lanka
I Sharma,2,2013,India,Sri Lanka
Mohammed Shami,0,2013,India,Sri Lanka
RA Jadeja,49,2013,India,Sri Lanka
SK Raina,33,2013,India,Sri Lanka
KD Karthik,22,2013,India,Sri Lanka
V Kohli,2,2013,India,Sri Lanka
RG Sharma,46,2013,India,West Indies
V Kohli,102,2013,India,West Indies
S Dhawan,69,2013,India,West Indies
RA Jadeja,2,2013,India,West Indies
SK Raina,10,2013,India,West Indies
KD Karthik,6,2013,India,West Indies
M Vijay,27,2013,India,West Indies
RG Sharma,48,2013,India,Sri Lanka
KD Karthik,12,2013,India,Sri Lanka
S Dhawan,15,2013,India,Sri Lanka
SK Raina,4,2013,India,Sri Lanka
V Kohli,31,2013,India,Sri Lanka
S Dhawan,16,2013,India,Sri Lanka
R Vinay Kumar,5,2013,India,Sri Lanka
KD Karthik,23,2013,India,Sri Lanka
V Kohli,2,2013,India,Sri Lanka
RG Sharma,58,2013,India,Sri Lanka
I Sharma,2,2013,India,Sri Lanka
MS Dhoni,45,2013,India,Sri Lanka
B Kumar,0,2013,India,Sri Lanka
RA Jadeja,5,2013,India,Sri Lanka
SK Raina,32,2013,India,Sri Lanka
Sohag Gazi,6,2013,India,Sri Lanka
Sohag Gazi,4,2013,India,Sri Lanka
XJ Doherty,1,2014,India,Australia
RG Sharma,20,2013,India,Zimbabwe
S Dhawan,17,2013,India,Zimbabwe
SK Raina,0,2013,India,Zimbabwe
AT Rayudu,63,2013,India,Zimbabwe
KD Karthik,8,2013,India,Zimbabwe
V Kohli,115,2013,India,Zimbabwe
RG Sharma,1,2013,India,Zimbabwe
S Dhawan,116,2013,India,Zimbabwe
A Mishra,9,2013,India,Zimbabwe
R Vinay Kumar,27,2013,India,Zimbabwe
Mohammed Shami,6,2013,India,Zimbabwe
AT Rayudu,5,2013,India,Zimbabwe
RA Jadeja,15,2013,India,Zimbabwe
SK Raina,4,2013,India,Zimbabwe
KD Karthik,69,2013,India,Zimbabwe
V Kohli,14,2013,India,Zimbabwe
S Dhawan,35,2013,India,Zimbabwe
RG Sharma,14,2013,India,Zimbabwe
SK Raina,28,2013,India,Zimbabwe
AT Rayudu,33,2013,India,Zimbabwe
V Kohli,68,2013,India,Zimbabwe
RG Sharma,64,2013,India,Zimbabwe
CA Pujara,13,2013,India,Zimbabwe
SK Raina,65,2013,India,Zimbabwe
S Dhawan,41,2013,India,Zimbabwe
AM Rahane,50,2013,India,Zimbabwe
CA Pujara,0,2013,India,Zimbabwe
RA Jadeja,48,2013,India,Zimbabwe
KD Karthik,10,2013,India,Zimbabwe
RG Sharma,42,2013,India,Australia
I Sharma,1,2013,India,Australia
V Kohli,61,2013,India,Australia
S Dhawan,7,2013,India,Australia
Yuvraj Singh,7,2013,India,Australia
MS Dhoni,19,2013,India,Australia
R Vinay Kumar,11,2013,India,Australia
B Kumar,18,2013,India,Australia
RA Jadeja,11,2013,India,Australia
SK Raina,39,2013,India,Australia
RG Sharma,141,2013,India,Australia
S Dhawan,95,2013,India,Australia
V Kohli,100,2013,India,Australia
RG Sharma,11,2013,India,Australia
MS Dhoni,139,2013,India,Australia
S Dhawan,8,2013,India,Australia
Yuvraj Singh,0,2013,India,Australia
B Kumar,10,2013,India,Australia
R Vinay Kumar,0,2013,India,Australia
RA Jadeja,2,2013,India,Australia
SK Raina,17,2013,India,Australia
V Kohli,68,2013,India,Australia
RG Sharma,79,2013,India,Australia
MS Dhoni,25,2013,India,Australia
S Dhawan,100,2013,India,Australia
Yuvraj Singh,0,2013,India,Australia
SK Raina,16,2013,India,Australia
V Kohli,115,2013,India,Australia
RG Sharma,209,2013,India,Australia
MS Dhoni,62,2013,India,Australia
S Dhawan,60,2013,India,Australia
Yuvraj Singh,12,2013,India,Australia
SK Raina,28,2013,India,Australia
V Kohli,0,2013,India,Australia
RG Sharma,18,2013,India,South Africa
Yuvraj Singh,0,2013,India,South Africa
MS Dhoni,65,2013,India,South Africa
S Dhawan,12,2013,India,South Africa
Mohammed Shami,0,2013,India,South Africa
MM Sharma,0,2013,India,South Africa
RA Jadeja,29,2013,India,South Africa
SK Raina,14,2013,India,South Africa
B Kumar,0,2013,India,South Africa
V Kohli,31,2013,India,South Africa
RG Sharma,19,2013,India,South Africa
I Sharma,0,2013,India,South Africa
MS Dhoni,19,2013,India,South Africa
UT Yadav,1,2013,India,South Africa
S Dhawan,0,2013,India,South Africa
Mohammed Shami,8,2013,India,South Africa
AM Rahane,8,2013,India,South Africa
RA Jadeja,26,2013,India,South Africa
SK Raina,36,2013,India,South Africa
V Kohli,0,2013,India,South Africa
RG Sharma,15,2015,India,Pakistan
MS Dhoni,18,2015,India,Pakistan
S Dhawan,73,2015,India,Pakistan
Mohammed Shami,3,2015,India,Pakistan
AM Rahane,0,2015,India,Pakistan
RA Jadeja,3,2015,India,Pakistan
SK Raina,74,2015,India,Pakistan
V Kohli,107,2015,India,Pakistan
Taskin Ahmed,1,2015,India,Afghanistan
RG Sharma,0,2015,India,South Africa
MS Dhoni,18,2015,India,South Africa
S Dhawan,137,2015,India,South Africa
Mohammed Shami,4,2015,India,South Africa
AM Rahane,79,2015,India,South Africa
RA Jadeja,2,2015,India,South Africa
SK Raina,6,2015,India,South Africa
V Kohli,46,2015,India,South Africa
Taskin Ahmed,0,2015,India,Bangladesh
RG Sharma,57,2015,India,United Arab Emirates
V Kohli,33,2015,India,United Arab Emirates
S Dhawan,14,2015,India,United Arab Emirates
RG Sharma,7,2015,India,West Indies
S Dhawan,9,2015,India,West Indies
RA Jadeja,13,2015,India,West Indies
SK Raina,22,2015,India,West Indies
AM Rahane,14,2015,India,West Indies
MS Dhoni,45,2015,India,West Indies
V Kohli,33,2015,India,West Indies
XJ Doherty,0,2015,India,Australia
RG Sharma,64,2015,India,Ireland
S Dhawan,100,2015,India,Ireland
AM Rahane,33,2015,India,Ireland
V Kohli,44,2015,India,Ireland
RG Sharma,16,2015,India,Zimbabwe
MS Dhoni,85,2015,India,Zimbabwe
S Dhawan,4,2015,India,Zimbabwe
SK Raina,110,2015,India,Zimbabwe
AM Rahane,19,2015,India,Zimbabwe
V Kohli,38,2015,India,Zimbabwe
RG Sharma,137,2015,India,Bangladesh
MS Dhoni,6,2015,India,Bangladesh
S Dhawan,30,2015,India,Bangladesh
AM Rahane,19,2015,India,Bangladesh
RA Jadeja,23,2015,India,Bangladesh
SK Raina,65,2015,India,Bangladesh
V Kohli,3,2015,India,Bangladesh
RG Sharma,34,2015,India,Australia
UT Yadav,0,2015,India,Australia
V Kohli,1,2015,India,Australia
S Dhawan,45,2015,India,Australia
MS Dhoni,65,2015,India,Australia
AM Rahane,44,2015,India,Australia
Mohammed Shami,1,2015,India,Australia
MM Sharma,0,2015,India,Australia
RA Jadeja,16,2015,India,Australia
SK Raina,7,2015,India,Australia
RG Sharma,3,2014,India,New Zealand
I Sharma,5,2014,India,New Zealand
Mohammed Shami,7,2014,India,New Zealand
MS Dhoni,40,2014,India,New Zealand
S Dhawan,32,2014,India,New Zealand
B Kumar,6,2014,India,New Zealand
SK Raina,18,2014,India,New Zealand
AM Rahane,7,2014,India,New Zealand
RA Jadeja,0,2014,India,New Zealand
V Kohli,123,2014,India,New Zealand
RG Sharma,20,2014,India,New Zealand
I Sharma,1,2014,India,New Zealand
Mohammed Shami,1,2014,India,New Zealand
MS Dhoni,56,2014,India,New Zealand
S Dhawan,12,2014,India,New Zealand
B Kumar,11,2014,India,New Zealand
AM Rahane,36,2014,India,New Zealand
RA Jadeja,12,2014,India,New Zealand
SK Raina,35,2014,India,New Zealand
V Kohli,78,2014,India,New Zealand
RG Sharma,79,2014,India,New Zealand
MS Dhoni,79,2014,India,New Zealand
AT Rayudu,37,2014,India,New Zealand
RA Jadeja,62,2014,India,New Zealand
AM Rahane,3,2014,India,New Zealand
V Kohli,2,2014,India,New Zealand
RG Sharma,4,2014,India,New Zealand
AT Rayudu,20,2014,India,New Zealand
MS Dhoni,47,2014,India,New Zealand
S Dhawan,9,2014,India,New Zealand
B Kumar,20,2014,India,New Zealand
VR Aaron,0,2014,India,New Zealand
Mohammed Shami,14,2014,India,New Zealand
AM Rahane,2,2014,India,New Zealand
RA Jadeja,5,2014,India,New Zealand
V Kohli,82,2014,India,New Zealand
RG Sharma,52,2014,India,England
MS Dhoni,52,2014,India,England
S Dhawan,11,2014,India,England
AM Rahane,41,2014,India,England
RA Jadeja,9,2014,India,England
SK Raina,100,2014,India,England
V Kohli,0,2014,India,England
SK Raina,42,2014,India,England
S Dhawan,16,2014,India,England
AM Rahane,45,2014,India,England
RA Jadeja,12,2014,India,England
AT Rayudu,64,2014,India,England
V Kohli,40,2014,India,England
S Dhawan,97,2014,India,England
AM Rahane,106,2014,India,England
V Kohli,1,2014,India,England
UT Yadav,0,2014,India,England
MS Dhoni,29,2014,India,England
S Dhawan,31,2014,India,England
SK Raina,18,2014,India,England
B Kumar,1,2014,India,England
Mohammed Shami,0,2014,India,England
AM Rahane,0,2014,India,England
RA Jadeja,87,2014,India,England
AT Rayudu,53,2014,India,England
V Kohli,13,2014,India,England
Sohag Gazi,6,2013,India,Bangladesh
Sohag Gazi,26,2013,India,Bangladesh
Sohag Gazi,11,2013,India,Bangladesh
RG Sharma,72,2013,India,West Indies
MS Dhoni,13,2013,India,West Indies
S Dhawan,5,2013,India,West Indies
Yuvraj Singh,16,2013,India,West Indies
SK Raina,0,2013,India,West Indies
V Kohli,86,2013,India,West Indies
RG Sharma,12,2013,India,West Indies
MS Dhoni,51,2013,India,West Indies
S Dhawan,35,2013,India,West Indies
Yuvraj Singh,28,2013,India,West Indies
B Kumar,1,2013,India,West Indies
RA Jadeja,10,2013,India,West Indies
SK Raina,23,2013,India,West Indies
V Kohli,99,2013,India,West Indies
RG Sharma,4,2013,India,West Indies
MS Dhoni,23,2013,India,West Indies
S Dhawan,119,2013,India,West Indies
Yuvraj Singh,55,2013,India,West Indies
RA Jadeja,2,2013,India,West Indies
SK Raina,34,2013,India,West Indies
V Kohli,19,2013,India,West Indies
Sohag Gazi,6,2014,India,Bangladesh
Sohag Gazi,7,2014,India,Bangladesh
Sohag Gazi,23,2014,India,Bangladesh
RG Sharma,21,2014,India,Bangladesh
S Dhawan,28,2014,India,Bangladesh
AT Rayudu,9,2014,India,Bangladesh
Sohag Gazi,3,2014,India,Bangladesh
AM Rahane,73,2014,India,Bangladesh
KD Karthik,2,2014,India,Bangladesh
V Kohli,136,2014,India,Bangladesh
RG Sharma,13,2014,India,Sri Lanka
KD Karthik,4,2014,India,Sri Lanka
B Kumar,0,2014,India,Sri Lanka
S Dhawan,94,2014,India,Sri Lanka
Mohammed Shami,14,2014,India,Sri Lanka
AT Rayudu,18,2014,India,Sri Lanka
RA Jadeja,22,2014,India,Sri Lanka
AM Rahane,22,2014,India,Sri Lanka
STR Binny,0,2014,India,Sri Lanka
V Kohli,48,2014,India,Sri Lanka
Sohag Gazi,2,2014,India,Bangladesh
RG Sharma,56,2014,India,Pakistan
S Dhawan,10,2014,India,Pakistan
A Mishra,1,2014,India,Pakistan
AM Rahane,23,2014,India,Pakistan
Mohammed Shami,0,2014,India,Pakistan
RA Jadeja,52,2014,India,Pakistan
AT Rayudu,58,2014,India,Pakistan
KD Karthik,23,2014,India,Pakistan
V Kohli,5,2014,India,Pakistan
RG Sharma,18,2014,India,Afghanistan
S Dhawan,60,2014,India,Afghanistan
AM Rahane,56,2014,India,Afghanistan
KD Karthik,21,2014,India,Afghanistan
XJ Doherty,1,2014,India,Australia
Sohag Gazi,2,2014,India,West Indies
Sohag Gazi,2,2014,India,West Indies
Sohag Gazi,24,2014,India,West Indies
AT Rayudu,16,2014,India,Bangladesh
RV Uthappa,50,2014,India,Bangladesh
CA Pujara,0,2014,India,Bangladesh
AM Rahane,64,2014,India,Bangladesh
SK Raina,15,2014,India,Bangladesh
RV Uthappa,14,2014,India,Bangladesh
CA Pujara,11,2014,India,Bangladesh
WP Saha,5,2014,India,Bangladesh
AT Rayudu,1,2014,India,Bangladesh
A Mishra,4,2014,India,Bangladesh
UT Yadav,17,2014,India,Bangladesh
AM Rahane,0,2014,India,Bangladesh
AR Patel,8,2014,India,Bangladesh
SK Raina,27,2014,India,Bangladesh
STR Binny,3,2014,India,Bangladesh
Taskin Ahmed,0,2014,India,Bangladesh
MM Sharma,4,2014,India,Bangladesh
RG Sharma,138,2015,India,Australia
MS Dhoni,19,2015,India,Australia
S Dhawan,2,2015,India,Australia
B Kumar,0,2015,India,Australia
Mohammed Shami,2,2015,India,Australia
AM Rahane,12,2015,India,Australia
AR Patel,0,2015,India,Australia
SK Raina,51,2015,India,Australia
V Kohli,9,2015,India,Australia
MS Dhoni,34,2015,India,England
S Dhawan,1,2015,India,England
STR Binny,44,2015,India,England
B Kumar,5,2015,India,England
Mohammed Shami,1,2015,India,England
AT Rayudu,23,2015,India,England
AR Patel,0,2015,India,England
SK Raina,1,2015,India,England
AM Rahane,33,2015,India,England
V Kohli,4,2015,India,England
V Kohli,8,2015,India,England
MS Dhoni,17,2015,India,England
S Dhawan,38,2015,India,England
Mohammed Shami,25,2015,India,England
AT Rayudu,12,2015,India,England
AR Patel,1,2015,India,England
RA Jadeja,5,2015,India,England
SK Raina,1,2015,India,England
AM Rahane,73,2015,India,England
STR Binny,7,2015,India,England
MM Sharma,7,2015,India,England
S Dhawan,68,2014,India,West Indies
MM Sharma,8,2014,India,West Indies
A Mishra,5,2014,India,West Indies
B Kumar,2,2014,India,West Indies
Mohammed Shami,19,2014,India,West Indies
AM Rahane,24,2014,India,West Indies
RA Jadeja,33,2014,India,West Indies
SK Raina,0,2014,India,West Indies
AT Rayudu,13,2014,India,West Indies
MS Dhoni,8,2014,India,West Indies
V Kohli,2,2014,India,West Indies
MS Dhoni,51,2014,India,West Indies
S Dhawan,1,2014,India,West Indies
B Kumar,18,2014,India,West Indies
Mohammed Shami,1,2014,India,West Indies
AT Rayudu,32,2014,India,West Indies
RA Jadeja,6,2014,India,West Indies
SK Raina,62,2014,India,West Indies
AM Rahane,12,2014,India,West Indies
V Kohli,62,2014,India,West Indies
MS Dhoni,6,2014,India,West Indies
S Dhawan,35,2014,India,West Indies
AM Rahane,68,2014,India,West Indies
RA Jadeja,2,2014,India,West Indies
SK Raina,71,2014,India,West Indies
AT Rayudu,12,2014,India,West Indies
V Kohli,127,2014,India,West Indies
S Dhawan,113,2014,India,Sri Lanka
WP Saha,10,2014,India,Sri Lanka
AT Rayudu,27,2014,India,Sri Lanka
AR Patel,14,2014,India,Sri Lanka
SK Raina,52,2014,India,Sri Lanka
AM Rahane,111,2014,India,Sri Lanka
V Kohli,22,2014,India,Sri Lanka
AT Rayudu,121,2014,India,Sri Lanka
S Dhawan,79,2014,India,Sri Lanka
SK Raina,14,2014,India,Sri Lanka
AM Rahane,8,2014,India,Sri Lanka
RA Jadeja,1,2014,India,Sri Lanka
V Kohli,49,2014,India,Sri Lanka
S Dhawan,91,2014,India,Sri Lanka
SK Raina,18,2014,India,Sri Lanka
WP Saha,6,2014,India,Sri Lanka
AM Rahane,31,2014,India,Sri Lanka
AT Rayudu,35,2014,India,Sri Lanka
V Kohli,53,2014,India,Sri Lanka
RG Sharma,264,2014,India,Sri Lanka
RV Uthappa,16,2014,India,Sri Lanka
AT Rayudu,8,2014,India,Sri Lanka
SK Raina,11,2014,India,Sri Lanka
AM Rahane,28,2014,India,Sri Lanka
V Kohli,66,2014,India,Sri Lanka
RG Sharma,9,2014,India,Sri Lanka
RV Uthappa,19,2014,India,Sri Lanka
STR Binny,12,2014,India,Sri Lanka
AR Patel,17,2014,India,Sri Lanka
AM Rahane,2,2014,India,Sri Lanka
AT Rayudu,59,2014,India,Sri Lanka
KM Jadhav,20,2014,India,Sri Lanka
V Kohli,139,2014,India,Sri Lanka
RG Sharma,63,2015,India,Bangladesh
MS Dhoni,5,2015,India,Bangladesh
B Kumar,25,2015,India,Bangladesh
UT Yadav,2,2015,India,Bangladesh
S Dhawan,30,2015,India,Bangladesh
AM Rahane,9,2015,India,Bangladesh
MM Sharma,11,2015,India,Bangladesh
RA Jadeja,32,2015,India,Bangladesh
SK Raina,40,2015,India,Bangladesh
Taskin Ahmed,2,2015,India,Bangladesh
V Kohli,1,2015,India,Bangladesh
RG Sharma,0,2015,India,Bangladesh
DS Kulkarni,2,2015,India,Bangladesh
MS Dhoni,47,2015,India,Bangladesh
S Dhawan,53,2015,India,Bangladesh
B Kumar,3,2015,India,Bangladesh
AT Rayudu,0,2015,India,Bangladesh
AR Patel,0,2015,India,Bangladesh
RA Jadeja,19,2015,India,Bangladesh
SK Raina,34,2015,India,Bangladesh
V Kohli,23,2015,India,Bangladesh
RG Sharma,29,2015,India,Bangladesh
MS Dhoni,69,2015,India,Bangladesh
S Dhawan,75,2015,India,Bangladesh
AT Rayudu,44,2015,India,Bangladesh
AR Patel,10,2015,India,Bangladesh
SK Raina,38,2015,India,Bangladesh
STR Binny,17,2015,India,Bangladesh
V Kohli,25,2015,India,Bangladesh
M Vijay,1,2015,India,Zimbabwe
RV Uthappa,0,2015,India,Zimbabwe
AT Rayudu,124,2015,India,Zimbabwe
AR Patel,2,2015,India,Zimbabwe
AM Rahane,34,2015,India,Zimbabwe
MK Tiwary,2,2015,India,Zimbabwe
STR Binny,77,2015,India,Zimbabwe
KM Jadhav,5,2015,India,Zimbabwe
RV Uthappa,13,2015,India,Zimbabwe
M Vijay,72,2015,India,Zimbabwe
Harbhajan Singh,5,2015,India,Zimbabwe
AT Rayudu,41,2015,India,Zimbabwe
AR Patel,1,2015,India,Zimbabwe
AM Rahane,63,2015,India,Zimbabwe
MK Tiwary,22,2015,India,Zimbabwe
STR Binny,25,2015,India,Zimbabwe
KM Jadhav,16,2015,India,Zimbabwe
MK Pandey,71,2015,India,Zimbabwe
RV Uthappa,31,2015,India,Zimbabwe
AM Rahane,15,2015,India,Zimbabwe
STR Binny,18,2015,India,Zimbabwe
MK Tiwary,10,2015,India,Zimbabwe
M Vijay,13,2015,India,Zimbabwe
KM Jadhav,105,2015,India,Zimbabwe
RG Sharma,171,2016,India,Australia
MS Dhoni,18,2016,India,Australia
S Dhawan,9,2016,India,Australia
RA Jadeja,10,2016,India,Australia
V Kohli,91,2016,India,Australia
RG Sharma,124,2016,India,Australia
MS Dhoni,11,2016,India,Australia
MK Pandey,6,2016,India,Australia
S Dhawan,6,2016,India,Australia
AM Rahane,89,2016,India,Australia
RA Jadeja,5,2016,India,Australia
V Kohli,59,2016,India,Australia
RG Sharma,6,2016,India,Australia
R Dhawan,3,2016,India,Australia
MS Dhoni,23,2016,India,Australia
S Dhawan,68,2016,India,Australia
Gurkeerat Singh,8,2016,India,Australia
AM Rahane,50,2016,India,Australia
RA Jadeja,6,2016,India,Australia
V Kohli,117,2016,India,Australia
RG Sharma,41,2016,India,Australia
I Sharma,0,2016,India,Australia
UT Yadav,2,2016,India,Australia
R Dhawan,9,2016,India,Australia
MS Dhoni,0,2016,India,Australia
S Dhawan,126,2016,India,Australia
Gurkeerat Singh,5,2016,India,Australia
AM Rahane,2,2016,India,Australia
B Kumar,2,2016,India,Australia
RA Jadeja,24,2016,India,Australia
V Kohli,106,2016,India,Australia
RG Sharma,99,2016,India,Australia
MK Pandey,104,2016,India,Australia
S Dhawan,78,2016,India,Australia
MS Dhoni,34,2016,India,Australia
V Kohli,8,2016,India,Australia
RG Sharma,150,2015,India,South Africa
MS Dhoni,31,2015,India,South Africa
S Dhawan,23,2015,India,South Africa
B Kumar,1,2015,India,South Africa
AM Rahane,60,2015,India,South Africa
SK Raina,3,2015,India,South Africa
STR Binny,2,2015,India,South Africa
V Kohli,11,2015,India,South Africa
S Dhawan,23,2015,India,South Africa
V Kohli,12,2015,India,South Africa
RG Sharma,3,2015,India,South Africa
MS Dhoni,92,2015,India,South Africa
Harbhajan Singh,22,2015,India,South Africa
UT Yadav,4,2015,India,South Africa
B Kumar,14,2015,India,South Africa
AM Rahane,51,2015,India,South Africa
AR Patel,13,2015,India,South Africa
SK Raina,0,2015,India,South Africa
MM Sharma,0,2015,India,South Africa
RG Sharma,65,2015,India,South Africa
MS Dhoni,47,2015,India,South Africa
S Dhawan,13,2015,India,South Africa
Harbhajan Singh,20,2015,India,South Africa
AM Rahane,4,2015,India,South Africa
AR Patel,15,2015,India,South Africa
SK Raina,0,2015,India,South Africa
V Kohli,77,2015,India,South Africa
RG Sharma,21,2015,India,South Africa
MS Dhoni,15,2015,India,South Africa
S Dhawan,7,2015,India,South Africa
Harbhajan Singh,0,2015,India,South Africa
B Kumar,0,2015,India,South Africa
AM Rahane,45,2015,India,South Africa
AR Patel,4,2015,India,South Africa
SK Raina,53,2015,India,South Africa
V Kohli,138,2015,India,South Africa
RG Sharma,16,2015,India,South Africa
MS Dhoni,27,2015,India,South Africa
S Dhawan,60,2015,India,South Africa
A Mishra,4,2015,India,South Africa
Harbhajan Singh,0,2015,India,South Africa
B Kumar,1,2015,India,South Africa
MM Sharma,0,2015,India,South Africa
AM Rahane,87,2015,India,South Africa
AR Patel,5,2015,India,South Africa
SK Raina,12,2015,India,South Africa
V Kohli,7,2015,India,South Africa
