MJ Santner,0,2016,New Zealand,Australia
MJ Guptill,114,2016,New Zealand,Australia
KS Williamson,9,2016,New Zealand,Australia
JDS Neesham,34,2016,New Zealand,Australia
BJ Watling,6,2016,New Zealand,Australia
C de Grandhomme,6,2016,New Zealand,Australia
C Munro,49,2016,New Zealand,Australia
LH Ferguson,0,2016,New Zealand,Australia
TWM Latham,4,2016,New Zealand,Australia
MJ Santner,2,2016,New Zealand,Australia
MJ Guptill,45,2016,New Zealand,Australia
KS Williamson,81,2016,New Zealand,Australia
BJ Watling,17,2016,New Zealand,Australia
TG Southee,2,2016,New Zealand,Australia
C de Grandhomme,12,2016,New Zealand,Australia
C Munro,11,2016,New Zealand,Australia
JDS Neesham,74,2016,New Zealand,Australia
TWM Latham,28,2016,New Zealand,Australia
MJ Santner,15,2016,New Zealand,Australia
MJ Guptill,34,2016,New Zealand,Australia
KS Williamson,13,2016,New Zealand,Australia
LH Ferguson,4,2016,New Zealand,Australia
HM Nicholls,3,2016,New Zealand,Australia
BJ Watling,8,2016,New Zealand,Australia
TG Southee,4,2016,New Zealand,Australia
C de Grandhomme,11,2016,New Zealand,Australia
C Munro,20,2016,New Zealand,Australia
MJ Santner,8,2016,New Zealand,Bangladesh
TWM Latham,137,2016,New Zealand,Bangladesh
KS Williamson,31,2016,New Zealand,Bangladesh
MJ Guptill,15,2016,New Zealand,Bangladesh
NT Broom,22,2016,New Zealand,Bangladesh
TG Southee,7,2016,New Zealand,Bangladesh
L Ronchi,5,2016,New Zealand,Bangladesh
C Munro,87,2016,New Zealand,Bangladesh
JDS Neesham,12,2016,New Zealand,Bangladesh
MJ Santner,9,2016,New Zealand,Bangladesh
KS Williamson,14,2016,New Zealand,Bangladesh
MJ Guptill,0,2016,New Zealand,Bangladesh
C Munro,3,2016,New Zealand,Bangladesh
JDS Neesham,28,2016,New Zealand,Bangladesh
TWM Latham,22,2016,New Zealand,Bangladesh
NT Broom,109,2016,New Zealand,Bangladesh
TG Southee,3,2016,New Zealand,Bangladesh
L Ronchi,35,2016,New Zealand,Bangladesh
LH Ferguson,4,2016,New Zealand,Bangladesh
TWM Latham,4,2016,New Zealand,Bangladesh
MJ Guptill,6,2016,New Zealand,Bangladesh
NT Broom,97,2016,New Zealand,Bangladesh
KS Williamson,95,2016,New Zealand,Bangladesh
JDS Neesham,28,2016,New Zealand,Bangladesh
MJ Santner,7,2017,New Zealand,Australia
TWM Latham,7,2017,New Zealand,Australia
MJ Guptill,61,2017,New Zealand,Australia
KS Williamson,24,2017,New Zealand,Australia
NT Broom,73,2017,New Zealand,Australia
TG Southee,0,2017,New Zealand,Australia
C Munro,2,2017,New Zealand,Australia
JDS Neesham,48,2017,New Zealand,Australia
LRPL Taylor,16,2017,New Zealand,Australia
LH Ferguson,3,2017,New Zealand,Australia
MJ Santner,38,2017,New Zealand,Australia
TG Southee,10,2017,New Zealand,Australia
C Munro,3,2017,New Zealand,Australia
JDS Neesham,1,2017,New Zealand,Australia
TWM Latham,0,2017,New Zealand,Australia
KS Williamson,37,2017,New Zealand,Australia
DG Brownlie,63,2017,New Zealand,Australia
NT Broom,8,2017,New Zealand,Australia
LRPL Taylor,107,2017,New Zealand,Australia
LH Ferguson,0,2017,New Zealand,Australia
MJ Santner,0,2016,New Zealand,India
DAJ Bracewell,15,2016,New Zealand,India
IS Sodhi,1,2016,New Zealand,India
CJ Anderson,4,2016,New Zealand,India
MJ Guptill,12,2016,New Zealand,India
KS Williamson,3,2016,New Zealand,India
L Ronchi,0,2016,New Zealand,India
TG Southee,55,2016,New Zealand,India
TWM Latham,79,2016,New Zealand,India
JDS Neesham,10,2016,New Zealand,India
LRPL Taylor,0,2016,New Zealand,India
MJ Santner,9,2016,New Zealand,India
MJ Guptill,0,2016,New Zealand,India
CJ Anderson,21,2016,New Zealand,India
AP Devcich,7,2016,New Zealand,India
TWM Latham,46,2016,New Zealand,India
KS Williamson,118,2016,New Zealand,India
TG Southee,0,2016,New Zealand,India
L Ronchi,6,2016,New Zealand,India
LRPL Taylor,21,2016,New Zealand,India
MJ Santner,7,2016,New Zealand,India
TWM Latham,61,2016,New Zealand,India
CJ Anderson,6,2016,New Zealand,India
MJ Guptill,27,2016,New Zealand,India
KS Williamson,22,2016,New Zealand,India
TG Southee,13,2016,New Zealand,India
L Ronchi,1,2016,New Zealand,India
JDS Neesham,57,2016,New Zealand,India
LRPL Taylor,44,2016,New Zealand,India
AP Devcich,11,2016,New Zealand,India
MJ Santner,17,2016,New Zealand,India
TWM Latham,39,2016,New Zealand,India
MJ Guptill,72,2016,New Zealand,India
KS Williamson,41,2016,New Zealand,India
BJ Watling,14,2016,New Zealand,India
TG Southee,9,2016,New Zealand,India
JDS Neesham,6,2016,New Zealand,India
LRPL Taylor,35,2016,New Zealand,India
MJ Santner,4,2016,New Zealand,India
TWM Latham,19,2016,New Zealand,India
IS Sodhi,0,2016,New Zealand,India
CJ Anderson,0,2016,New Zealand,India
MJ Guptill,0,2016,New Zealand,India
KS Williamson,27,2016,New Zealand,India
TG Southee,0,2016,New Zealand,India
BJ Watling,0,2016,New Zealand,India
JDS Neesham,3,2016,New Zealand,India
LRPL Taylor,19,2016,New Zealand,India
NJ Astle,90,2006,New Zealand,Sri Lanka
PG Fulton,32,2006,New Zealand,Sri Lanka
JM How,12,2006,New Zealand,Sri Lanka
CL Cairns,10,2006,New Zealand,Sri Lanka
SB Styris,28,2006,New Zealand,Sri Lanka
HJH Marshall,12,2006,New Zealand,Sri Lanka
L Vincent,46,2006,New Zealand,Sri Lanka
PG Fulton,50,2006,New Zealand,Sri Lanka
SB Styris,13,2006,New Zealand,Sri Lanka
CL Cairns,2,2006,New Zealand,Sri Lanka
SP Fleming,37,2006,New Zealand,Sri Lanka
L Vincent,8,2006,New Zealand,Sri Lanka
DL Vettori,7,2006,New Zealand,Sri Lanka
BB McCullum,1,2006,New Zealand,Sri Lanka
SE Bond,9,2006,New Zealand,Sri Lanka
HJH Marshall,50,2006,New Zealand,Sri Lanka
JM How,5,2006,New Zealand,Sri Lanka
JEC Franklin,29,2006,New Zealand,Sri Lanka
S Sreesanth,0,2006,New Zealand,Pakistan
NJ Astle,90,2006,New Zealand,West Indies
SE Bond,0,2006,New Zealand,West Indies
HJH Marshall,7,2006,New Zealand,West Indies
PG Fulton,7,2006,New Zealand,West Indies
JM How,66,2006,New Zealand,West Indies
SB Styris,36,2006,New Zealand,West Indies
JEC Franklin,2,2006,New Zealand,West Indies
SP Fleming,55,2006,New Zealand,West Indies
BB McCullum,2,2006,New Zealand,West Indies
NJ Astle,2,2006,New Zealand,West Indies
JM How,0,2006,New Zealand,West Indies
PG Fulton,49,2006,New Zealand,West Indies
SB Styris,10,2006,New Zealand,West Indies
L Vincent,5,2006,New Zealand,West Indies
JEC Franklin,15,2006,New Zealand,West Indies
SP Fleming,0,2006,New Zealand,West Indies
DL Vettori,53,2006,New Zealand,West Indies
BB McCullum,45,2006,New Zealand,West Indies
NJ Astle,118,2006,New Zealand,West Indies
HJH Marshall,43,2006,New Zealand,West Indies
PG Fulton,21,2006,New Zealand,West Indies
SB Styris,1,2006,New Zealand,West Indies
L Vincent,25,2006,New Zealand,West Indies
JEC Franklin,17,2006,New Zealand,West Indies
SP Fleming,15,2006,New Zealand,West Indies
BB McCullum,13,2006,New Zealand,West Indies
NJ Astle,81,2006,New Zealand,West Indies
HJH Marshall,2,2006,New Zealand,West Indies
PG Fulton,13,2006,New Zealand,West Indies
SB Styris,5,2006,New Zealand,West Indies
L Vincent,102,2006,New Zealand,West Indies
SP Fleming,67,2006,New Zealand,West Indies
BB McCullum,21,2006,New Zealand,West Indies
LRPL Taylor,15,2006,New Zealand,West Indies
NJ Astle,4,2006,New Zealand,West Indies
SE Bond,5,2006,New Zealand,West Indies
HJH Marshall,19,2006,New Zealand,West Indies
PG Fulton,19,2006,New Zealand,West Indies
SB Styris,90,2006,New Zealand,West Indies
L Vincent,1,2006,New Zealand,West Indies
JEC Franklin,7,2006,New Zealand,West Indies
SP Fleming,32,2006,New Zealand,West Indies
BB McCullum,10,2006,New Zealand,West Indies
LRPL Taylor,31,2006,New Zealand,West Indies
S Sreesanth,0,2006,New Zealand,India
S Sreesanth,1,2006,New Zealand,West Indies
S Sreesanth,2,2006,New Zealand,West Indies
L Vincent,0,2007,New Zealand,England
JDP Oram,63,2007,New Zealand,England
SB Styris,87,2007,New Zealand,England
SP Fleming,7,2007,New Zealand,England
CD McMillan,27,2007,New Zealand,England
LRPL Taylor,0,2007,New Zealand,England
JDP Oram,3,2007,New Zealand,Kenya
SB Styris,63,2007,New Zealand,Kenya
L Vincent,0,2007,New Zealand,Kenya
SP Fleming,60,2007,New Zealand,Kenya
DL Vettori,14,2007,New Zealand,Kenya
BB McCullum,6,2007,New Zealand,Kenya
CD McMillan,71,2007,New Zealand,Kenya
LRPL Taylor,85,2007,New Zealand,Kenya
JDP Oram,35,2007,New Zealand,Canada
PG Fulton,47,2007,New Zealand,Canada
SB Styris,28,2007,New Zealand,Canada
L Vincent,101,2007,New Zealand,Canada
SP Fleming,66,2007,New Zealand,Canada
BB McCullum,52,2007,New Zealand,Canada
CD McMillan,10,2007,New Zealand,Canada
HJH Marshall,15,2007,New Zealand,West Indies
PG Fulton,0,2007,New Zealand,West Indies
SB Styris,80,2007,New Zealand,West Indies
CD McMillan,33,2007,New Zealand,West Indies
SP Fleming,45,2007,New Zealand,West Indies
HJH Marshall,50,2007,New Zealand,Bangladesh
PG Fulton,15,2007,New Zealand,Bangladesh
SP Fleming,102,2007,New Zealand,Bangladesh
JDP Oram,20,2007,New Zealand,Ireland
HJH Marshall,16,2007,New Zealand,Ireland
PG Fulton,83,2007,New Zealand,Ireland
SB Styris,10,2007,New Zealand,Ireland
CD McMillan,22,2007,New Zealand,Ireland
JEC Franklin,34,2007,New Zealand,Ireland
SP Fleming,10,2007,New Zealand,Ireland
DL Vettori,5,2007,New Zealand,Ireland
BB McCullum,47,2007,New Zealand,Ireland
JDP Oram,31,2007,New Zealand,Sri Lanka
PG Fulton,28,2007,New Zealand,Sri Lanka
SB Styris,111,2007,New Zealand,Sri Lanka
JEC Franklin,25,2007,New Zealand,Sri Lanka
SP Fleming,0,2007,New Zealand,Sri Lanka
LRPL Taylor,0,2007,New Zealand,Sri Lanka
DL Vettori,5,2007,New Zealand,Sri Lanka
BB McCullum,1,2007,New Zealand,Sri Lanka
CD McMillan,1,2007,New Zealand,Sri Lanka
JDP Oram,10,2007,New Zealand,South Africa
PG Fulton,16,2007,New Zealand,South Africa
SP Fleming,50,2007,New Zealand,South Africa
LRPL Taylor,10,2007,New Zealand,South Africa
SB Styris,56,2007,New Zealand,South Africa
BB McCullum,4,2007,New Zealand,South Africa
CD McMillan,38,2007,New Zealand,South Africa
BB McCullum,7,2007,New Zealand,Australia
PG Fulton,62,2007,New Zealand,Australia
SB Styris,27,2007,New Zealand,Australia
JEC Franklin,6,2007,New Zealand,Australia
SP Fleming,12,2007,New Zealand,Australia
MJ Mason,0,2007,New Zealand,Australia
JS Patel,0,2007,New Zealand,Australia
DL Vettori,4,2007,New Zealand,Australia
CD McMillan,1,2007,New Zealand,Australia
LRPL Taylor,3,2007,New Zealand,Australia
JDP Oram,3,2007,New Zealand,Sri Lanka
BB McCullum,0,2007,New Zealand,Sri Lanka
PG Fulton,46,2007,New Zealand,Sri Lanka
SE Bond,2,2007,New Zealand,Sri Lanka
SB Styris,37,2007,New Zealand,Sri Lanka
JEC Franklin,30,2007,New Zealand,Sri Lanka
SP Fleming,1,2007,New Zealand,Sri Lanka
JS Patel,34,2007,New Zealand,Sri Lanka
DL Vettori,0,2007,New Zealand,Sri Lanka
CD McMillan,25,2007,New Zealand,Sri Lanka
LRPL Taylor,9,2007,New Zealand,Sri Lanka
S Sreesanth,3,2006,New Zealand,South Africa
NJ Astle,0,2007,New Zealand,Australia
SE Bond,2,2007,New Zealand,Australia
PG Fulton,37,2007,New Zealand,Australia
JEC Franklin,6,2007,New Zealand,Australia
JS Patel,4,2007,New Zealand,Australia
DL Vettori,1,2007,New Zealand,Australia
SP Fleming,29,2007,New Zealand,Australia
BB McCullum,5,2007,New Zealand,Australia
CD McMillan,2,2007,New Zealand,Australia
LRPL Taylor,84,2007,New Zealand,Australia
NJ Astle,0,2007,New Zealand,Australia
HJH Marshall,0,2007,New Zealand,Australia
PG Fulton,19,2007,New Zealand,Australia
JEC Franklin,18,2007,New Zealand,Australia
SP Fleming,12,2007,New Zealand,Australia
LRPL Taylor,26,2007,New Zealand,Australia
DL Vettori,6,2007,New Zealand,Australia
BB McCullum,15,2007,New Zealand,Australia
CD McMillan,89,2007,New Zealand,Australia
MJ Mason,4,2007,New Zealand,Australia
BB McCullum,46,2007,New Zealand,Australia
PG Fulton,23,2007,New Zealand,Australia
L Vincent,66,2007,New Zealand,Australia
SP Fleming,28,2007,New Zealand,Australia
JDP Oram,101,2007,New Zealand,Australia
CD McMillan,5,2007,New Zealand,Australia
LRPL Taylor,39,2007,New Zealand,Australia
JDP Oram,15,2007,New Zealand,Australia
PG Fulton,60,2007,New Zealand,Australia
SB Styris,34,2007,New Zealand,Australia
L Vincent,90,2007,New Zealand,Australia
JEC Franklin,13,2007,New Zealand,Australia
SP Fleming,9,2007,New Zealand,Australia
DL Vettori,3,2007,New Zealand,Australia
BB McCullum,19,2007,New Zealand,Australia
LRPL Taylor,21,2007,New Zealand,Australia
NJ Astle,45,2007,New Zealand,England
SE Bond,22,2007,New Zealand,England
PG Fulton,27,2007,New Zealand,England
JEC Franklin,20,2007,New Zealand,England
SP Fleming,12,2007,New Zealand,England
DL Vettori,11,2007,New Zealand,England
BB McCullum,16,2007,New Zealand,England
CD McMillan,22,2007,New Zealand,England
LRPL Taylor,1,2007,New Zealand,England
NJ Astle,1,2007,New Zealand,England
JDP Oram,86,2007,New Zealand,England
SE Bond,2,2007,New Zealand,England
PG Fulton,24,2007,New Zealand,England
JEC Franklin,14,2007,New Zealand,England
SP Fleming,20,2007,New Zealand,England
DL Vettori,2,2007,New Zealand,England
BB McCullum,30,2007,New Zealand,England
CD McMillan,2,2007,New Zealand,England
LRPL Taylor,15,2007,New Zealand,England
JDP Oram,54,2007,New Zealand,England
PG Fulton,15,2007,New Zealand,England
L Vincent,76,2007,New Zealand,England
JEC Franklin,9,2007,New Zealand,England
SP Fleming,15,2007,New Zealand,England
DL Vettori,11,2007,New Zealand,England
BB McCullum,19,2007,New Zealand,England
CD McMillan,11,2007,New Zealand,England
LRPL Taylor,71,2007,New Zealand,England
L Vincent,31,2007,New Zealand,England
JDP Oram,5,2007,New Zealand,England
BB McCullum,2,2007,New Zealand,England
SE Bond,8,2007,New Zealand,England
PG Fulton,12,2007,New Zealand,England
SB Styris,16,2007,New Zealand,England
JEC Franklin,22,2007,New Zealand,England
SP Fleming,106,2007,New Zealand,England
DL Vettori,10,2007,New Zealand,England
LRPL Taylor,25,2007,New Zealand,England
JDP Oram,7,2006,New Zealand,South Africa
PG Fulton,2,2006,New Zealand,South Africa
SP Fleming,89,2006,New Zealand,South Africa
DL Vettori,9,2006,New Zealand,South Africa
BB McCullum,21,2006,New Zealand,South Africa
NJ Astle,14,2006,New Zealand,South Africa
HJH Marshall,1,2006,New Zealand,South Africa
JEC Franklin,9,2006,New Zealand,South Africa
L Vincent,17,2006,New Zealand,South Africa
JS Patel,2,2006,New Zealand,South Africa
NJ Astle,42,2006,New Zealand,Sri Lanka
JDP Oram,6,2006,New Zealand,Sri Lanka
SE Bond,1,2006,New Zealand,Sri Lanka
HJH Marshall,4,2006,New Zealand,Sri Lanka
SB Styris,3,2006,New Zealand,Sri Lanka
L Vincent,13,2006,New Zealand,Sri Lanka
SP Fleming,0,2006,New Zealand,Sri Lanka
JS Patel,10,2006,New Zealand,Sri Lanka
DL Vettori,46,2006,New Zealand,Sri Lanka
BB McCullum,9,2006,New Zealand,Sri Lanka
NJ Astle,15,2006,New Zealand,Pakistan
JDP Oram,31,2006,New Zealand,Pakistan
PG Fulton,7,2006,New Zealand,Pakistan
SB Styris,86,2006,New Zealand,Pakistan
L Vincent,3,2006,New Zealand,Pakistan
JEC Franklin,9,2006,New Zealand,Pakistan
SP Fleming,80,2006,New Zealand,Pakistan
BB McCullum,27,2006,New Zealand,Pakistan
NJ Astle,0,2006,New Zealand,Australia
DL Vettori,79,2006,New Zealand,Australia
BB McCullum,1,2006,New Zealand,Australia
SE Bond,9,2006,New Zealand,Australia
HJH Marshall,5,2006,New Zealand,Australia
PG Fulton,2,2006,New Zealand,Australia
JDP Oram,43,2006,New Zealand,Australia
L Vincent,1,2006,New Zealand,Australia
JEC Franklin,8,2006,New Zealand,Australia
SP Fleming,15,2006,New Zealand,Australia
NJ Astle,83,2006,New Zealand,Sri Lanka
HJH Marshall,17,2006,New Zealand,Sri Lanka
JAH Marshall,0,2006,New Zealand,Sri Lanka
PG Fulton,24,2006,New Zealand,Sri Lanka
JEC Franklin,2,2006,New Zealand,Sri Lanka
AR Adams,3,2006,New Zealand,Sri Lanka
DL Vettori,5,2006,New Zealand,Sri Lanka
BB McCullum,10,2006,New Zealand,Sri Lanka
LRPL Taylor,128,2006,New Zealand,Sri Lanka
BB McCullum,22,2007,New Zealand,Sri Lanka
HJH Marshall,4,2007,New Zealand,Sri Lanka
PG Fulton,43,2007,New Zealand,Sri Lanka
JAH Marshall,5,2007,New Zealand,Sri Lanka
NJ Astle,0,2007,New Zealand,Sri Lanka
JEC Franklin,15,2007,New Zealand,Sri Lanka
LRPL Taylor,0,2007,New Zealand,Sri Lanka
DL Vettori,11,2007,New Zealand,Sri Lanka
SE Bond,2,2007,New Zealand,Sri Lanka
HJH Marshall,3,2007,New Zealand,Sri Lanka
PG Fulton,9,2007,New Zealand,Sri Lanka
JS Patel,6,2007,New Zealand,Sri Lanka
MJ Mason,1,2007,New Zealand,Sri Lanka
CD McMillan,29,2007,New Zealand,Sri Lanka
SP Fleming,0,2007,New Zealand,Sri Lanka
BB McCullum,17,2007,New Zealand,Sri Lanka
LRPL Taylor,0,2007,New Zealand,Sri Lanka
AR Adams,1,2007,New Zealand,Sri Lanka
L Vincent,73,2007,New Zealand,Australia
SP Fleming,70,2007,New Zealand,Australia
PG Fulton,76,2007,New Zealand,Australia
SB Styris,17,2007,New Zealand,Australia
L Vincent,26,2007,New Zealand,Australia
SP Fleming,6,2007,New Zealand,Australia
BB McCullum,22,2007,New Zealand,Australia
CD McMillan,52,2007,New Zealand,Australia
LRPL Taylor,117,2007,New Zealand,Australia
DR Tuffey,8,2007,New Zealand,Australia
BB McCullum,86,2007,New Zealand,Australia
PG Fulton,51,2007,New Zealand,Australia
SB Styris,0,2007,New Zealand,Australia
L Vincent,11,2007,New Zealand,Australia
JEC Franklin,2,2007,New Zealand,Australia
SP Fleming,9,2007,New Zealand,Australia
CD McMillan,117,2007,New Zealand,Australia
LRPL Taylor,11,2007,New Zealand,Australia
S Sreesanth,0,2006,New Zealand,India
S Sreesanth,1,2007,New Zealand,India
S Sreesanth,0,2007,New Zealand,India
MS Sinclair,2,2007,New Zealand,Australia
JDP Oram,32,2007,New Zealand,Australia
JM How,20,2007,New Zealand,Australia
SB Styris,5,2007,New Zealand,Australia
L Vincent,5,2007,New Zealand,Australia
DL Vettori,18,2007,New Zealand,Australia
BB McCullum,96,2007,New Zealand,Australia
LRPL Taylor,50,2007,New Zealand,Australia
MS Sinclair,14,2007,New Zealand,Australia
JS Patel,1,2007,New Zealand,Australia
JM How,2,2007,New Zealand,Australia
SB Styris,75,2007,New Zealand,Australia
GJ Hopkins,9,2007,New Zealand,Australia
JDP Oram,2,2007,New Zealand,Australia
DL Vettori,0,2007,New Zealand,Australia
BB McCullum,6,2007,New Zealand,Australia
LRPL Taylor,13,2007,New Zealand,Australia
S Sreesanth,1,2008,New Zealand,Australia
S Sreesanth,3,2008,New Zealand,Australia
S Sreesanth,1,2008,New Zealand,Australia
BB McCullum,36,2008,New Zealand,England
JAH Marshall,4,2008,New Zealand,England
JM How,20,2008,New Zealand,England
SB Styris,18,2008,New Zealand,England
DR Flynn,34,2008,New Zealand,England
GJ Hopkins,25,2008,New Zealand,England
TG Southee,6,2008,New Zealand,England
DL Vettori,8,2008,New Zealand,England
LRPL Taylor,20,2008,New Zealand,England
BB McCullum,17,2008,New Zealand,England
GD Elliott,56,2008,New Zealand,England
JM How,10,2008,New Zealand,England
SB Styris,4,2008,New Zealand,England
DR Flynn,2,2008,New Zealand,England
GJ Hopkins,7,2008,New Zealand,England
TG Southee,0,2008,New Zealand,England
DL Vettori,18,2008,New Zealand,England
LRPL Taylor,8,2008,New Zealand,England
JDP Oram,38,2008,New Zealand,England
SB Styris,69,2008,New Zealand,England
DR Flynn,12,2008,New Zealand,England
DL Vettori,6,2008,New Zealand,England
BB McCullum,1,2008,New Zealand,England
GD Elliott,24,2008,New Zealand,England
JM How,37,2008,New Zealand,England
TG Southee,6,2008,New Zealand,England
LRPL Taylor,6,2008,New Zealand,England
JDP Oram,52,2008,New Zealand,England
GD Elliott,23,2008,New Zealand,England
JM How,22,2008,New Zealand,England
SB Styris,87,2008,New Zealand,England
DR Flynn,35,2008,New Zealand,England
BB McCullum,23,2008,New Zealand,England
LRPL Taylor,4,2008,New Zealand,England
S Sreesanth,7,2007,New Zealand,India
S Sreesanth,1,2007,New Zealand,India
S Sreesanth,10,2007,New Zealand,India
MS Sinclair,32,2007,New Zealand,South Africa
JM How,90,2007,New Zealand,South Africa
SB Styris,40,2007,New Zealand,South Africa
L Vincent,6,2007,New Zealand,South Africa
GJ Hopkins,0,2007,New Zealand,South Africa
BB McCullum,40,2007,New Zealand,South Africa
LRPL Taylor,20,2007,New Zealand,South Africa
BB McCullum,81,2007,New Zealand,South Africa
SB Styris,24,2007,New Zealand,South Africa
L Vincent,9,2007,New Zealand,South Africa
JM How,76,2007,New Zealand,South Africa
LRPL Taylor,13,2007,New Zealand,South Africa
MS Sinclair,73,2007,New Zealand,South Africa
JDP Oram,34,2007,New Zealand,South Africa
JM How,15,2007,New Zealand,South Africa
SB Styris,60,2007,New Zealand,South Africa
L Vincent,18,2007,New Zealand,South Africa
DL Vettori,9,2007,New Zealand,South Africa
BB McCullum,0,2007,New Zealand,South Africa
LRPL Taylor,3,2007,New Zealand,South Africa
MS Sinclair,1,2007,New Zealand,Bangladesh
BB McCullum,40,2007,New Zealand,Bangladesh
PG Fulton,35,2007,New Zealand,Bangladesh
SB Styris,25,2007,New Zealand,Bangladesh
JM How,88,2007,New Zealand,Bangladesh
LRPL Taylor,8,2007,New Zealand,Bangladesh
JDP Oram,55,2007,New Zealand,Bangladesh
JM How,74,2007,New Zealand,Bangladesh
PG Fulton,83,2007,New Zealand,Bangladesh
SB Styris,41,2007,New Zealand,Bangladesh
BB McCullum,35,2007,New Zealand,Bangladesh
LRPL Taylor,34,2007,New Zealand,Bangladesh
BB McCullum,80,2007,New Zealand,Bangladesh
JM How,7,2007,New Zealand,Bangladesh
JD Ryder,31,2008,New Zealand,England
BB McCullum,42,2008,New Zealand,England
PG Fulton,1,2008,New Zealand,England
SB Styris,0,2008,New Zealand,England
LRPL Taylor,24,2008,New Zealand,England
JM How,28,2008,New Zealand,England
JD Ryder,79,2008,New Zealand,England
BB McCullum,80,2008,New Zealand,England
JDP Oram,88,2008,New Zealand,England
PG Fulton,4,2008,New Zealand,England
JM How,10,2008,New Zealand,England
SB Styris,3,2008,New Zealand,England
PA Hitchcock,11,2008,New Zealand,England
JD Ryder,23,2008,New Zealand,England
DL Vettori,42,2008,New Zealand,England
BB McCullum,4,2008,New Zealand,England
LRPL Taylor,31,2008,New Zealand,England
JD Ryder,24,2008,New Zealand,England
JDP Oram,0,2008,New Zealand,England
BB McCullum,77,2008,New Zealand,England
JM How,24,2008,New Zealand,England
SB Styris,25,2008,New Zealand,England
DR Flynn,0,2008,New Zealand,England
DL Vettori,7,2008,New Zealand,England
LRPL Taylor,41,2008,New Zealand,England
L Ronchi,12,2008,New Zealand,West Indies
L Ronchi,64,2008,New Zealand,West Indies
BB McCullum,0,2009,New Zealand,Australia
GD Elliott,8,2009,New Zealand,Australia
PG Fulton,7,2009,New Zealand,Australia
NT Broom,29,2009,New Zealand,Australia
JS Patel,2,2009,New Zealand,Australia
DL Vettori,7,2009,New Zealand,Australia
TG Southee,3,2009,New Zealand,Australia
MJ Guptill,13,2009,New Zealand,Australia
LRPL Taylor,64,2009,New Zealand,Australia
GD Elliott,61,2009,New Zealand,Australia
PG Fulton,21,2009,New Zealand,Australia
MJ Guptill,8,2009,New Zealand,Australia
NT Broom,26,2009,New Zealand,Australia
BB McCullum,43,2009,New Zealand,Australia
LRPL Taylor,47,2009,New Zealand,Australia
BB McCullum,36,2009,New Zealand,Australia
GD Elliott,115,2009,New Zealand,Australia
PG Fulton,40,2009,New Zealand,Australia
MJ Guptill,6,2009,New Zealand,Australia
NT Broom,15,2009,New Zealand,Australia
JS Patel,9,2009,New Zealand,Australia
DL Vettori,2,2009,New Zealand,Australia
TG Southee,17,2009,New Zealand,Australia
LRPL Taylor,4,2009,New Zealand,Australia
GD Elliott,26,2009,New Zealand,Australia
PG Fulton,5,2009,New Zealand,Australia
MJ Guptill,45,2009,New Zealand,Australia
CD Cumming,0,2009,New Zealand,Australia
NT Broom,11,2009,New Zealand,Australia
TG Southee,7,2009,New Zealand,Australia
DL Vettori,6,2009,New Zealand,Australia
BB McCullum,33,2009,New Zealand,Australia
LRPL Taylor,76,2009,New Zealand,Australia
NT Broom,2,2009,New Zealand,India
JDP Oram,0,2009,New Zealand,India
GD Elliott,11,2009,New Zealand,India
IG Butler,0,2009,New Zealand,India
MJ Guptill,64,2009,New Zealand,India
JD Ryder,11,2009,New Zealand,India
DL Vettori,26,2009,New Zealand,India
BB McCullum,0,2009,New Zealand,India
LRPL Taylor,31,2009,New Zealand,India
JD Ryder,46,2009,New Zealand,India
PD McGlashan,56,2009,New Zealand,India
JDP Oram,1,2009,New Zealand,India
GD Elliott,35,2009,New Zealand,India
MJ Guptill,25,2009,New Zealand,India
BB McCullum,77,2009,New Zealand,India
LRPL Taylor,5,2009,New Zealand,India
MJ Guptill,57,2009,New Zealand,India
JD Ryder,63,2009,New Zealand,India
BB McCullum,2,2009,New Zealand,India
LRPL Taylor,28,2009,New Zealand,India
JDP Oram,7,2009,New Zealand,India
PD McGlashan,7,2009,New Zealand,India
MJ Guptill,1,2009,New Zealand,India
JD Ryder,105,2009,New Zealand,India
GD Elliott,18,2009,New Zealand,India
TG Southee,32,2009,New Zealand,India
IG Butler,24,2009,New Zealand,India
BB McCullum,71,2009,New Zealand,India
LRPL Taylor,7,2009,New Zealand,India
DR Flynn,23,2009,New Zealand,West Indies
JM How,0,2009,New Zealand,West Indies
JD Ryder,14,2009,New Zealand,West Indies
LRPL Taylor,51,2009,New Zealand,West Indies
BB McCullum,18,2009,New Zealand,West Indies
A Nehra,0,2009,New Zealand,West Indies
JD Ryder,0,2009,New Zealand,Sri Lanka
JDP Oram,4,2009,New Zealand,Sri Lanka
GD Elliott,41,2009,New Zealand,Sri Lanka
IG Butler,25,2009,New Zealand,Sri Lanka
SE Bond,1,2009,New Zealand,Sri Lanka
DR Tuffey,2,2009,New Zealand,Sri Lanka
NL McCullum,0,2009,New Zealand,Sri Lanka
LRPL Taylor,2,2009,New Zealand,Sri Lanka
DL Vettori,10,2009,New Zealand,Sri Lanka
BB McCullum,14,2009,New Zealand,Sri Lanka
MJ Guptill,3,2009,New Zealand,Sri Lanka
A Nehra,1,2009,New Zealand,Sri Lanka
NT Broom,21,2009,New Zealand,India
JDP Oram,24,2009,New Zealand,India
SE Bond,10,2009,New Zealand,India
GD Elliott,22,2009,New Zealand,India
IG Butler,6,2009,New Zealand,India
MJ Guptill,22,2009,New Zealand,India
JD Ryder,0,2009,New Zealand,India
DL Vettori,25,2009,New Zealand,India
BB McCullum,3,2009,New Zealand,India
LRPL Taylor,11,2009,New Zealand,India
NT Broom,1,2009,New Zealand,South Africa
GJ Hopkins,13,2009,New Zealand,South Africa
SE Bond,0,2009,New Zealand,South Africa
GD Elliott,39,2009,New Zealand,South Africa
MJ Guptill,21,2009,New Zealand,South Africa
DR Tuffey,4,2009,New Zealand,South Africa
JD Ryder,8,2009,New Zealand,South Africa
DL Vettori,1,2009,New Zealand,South Africa
BB McCullum,44,2009,New Zealand,South Africa
LRPL Taylor,72,2009,New Zealand,South Africa
NT Broom,15,2009,New Zealand,Sri Lanka
GD Elliott,0,2009,New Zealand,Sri Lanka
MJ Guptill,66,2009,New Zealand,Sri Lanka
JD Ryder,74,2009,New Zealand,Sri Lanka
JEC Franklin,28,2009,New Zealand,Sri Lanka
LRPL Taylor,4,2009,New Zealand,Sri Lanka
DL Vettori,48,2009,New Zealand,Sri Lanka
BB McCullum,46,2009,New Zealand,Sri Lanka
BB McCullum,48,2009,New Zealand,England
GD Elliott,3,2009,New Zealand,England
JEC Franklin,2,2009,New Zealand,England
GJ Hopkins,2,2009,New Zealand,England
MJ Guptill,53,2009,New Zealand,England
NT Broom,17,2009,New Zealand,England
DL Vettori,10,2009,New Zealand,England
LRPL Taylor,1,2009,New Zealand,England
MJ Guptill,11,2009,New Zealand,Pakistan
AJ Redmond,31,2009,New Zealand,Pakistan
NT Broom,3,2009,New Zealand,Pakistan
GD Elliott,75,2009,New Zealand,Pakistan
DL Vettori,41,2009,New Zealand,Pakistan
BB McCullum,17,2009,New Zealand,Pakistan
LRPL Taylor,38,2009,New Zealand,Pakistan
IG Butler,6,2009,New Zealand,Australia
SE Bond,3,2009,New Zealand,Australia
JS Patel,16,2009,New Zealand,Australia
GD Elliott,9,2009,New Zealand,Australia
MJ Guptill,40,2009,New Zealand,Australia
NT Broom,37,2009,New Zealand,Australia
JEC Franklin,33,2009,New Zealand,Australia
AJ Redmond,26,2009,New Zealand,Australia
BB McCullum,0,2009,New Zealand,Australia
LRPL Taylor,6,2009,New Zealand,Australia
A Nehra,2,2009,New Zealand,India
A Nehra,7,2009,New Zealand,India
A Nehra,1,2009,New Zealand,India
A Nehra,4,2009,New Zealand,India
JDP Oram,83,2010,New Zealand,Bangladesh
PJ Ingram,69,2010,New Zealand,Bangladesh
MJ Guptill,2,2010,New Zealand,Bangladesh
DR Tuffey,10,2010,New Zealand,Bangladesh
AJ McKay,3,2010,New Zealand,Bangladesh
NT Broom,71,2010,New Zealand,Bangladesh
JEC Franklin,2,2010,New Zealand,Bangladesh
TG Southee,0,2010,New Zealand,Bangladesh
DL Vettori,32,2010,New Zealand,Bangladesh
BB McCullum,0,2010,New Zealand,Bangladesh
LRPL Taylor,51,2010,New Zealand,Bangladesh
MJ Guptill,32,2010,New Zealand,Bangladesh
PJ Ingram,28,2010,New Zealand,Bangladesh
NT Broom,0,2010,New Zealand,Bangladesh
JEC Franklin,20,2010,New Zealand,Bangladesh
DL Vettori,4,2010,New Zealand,Bangladesh
BB McCullum,9,2010,New Zealand,Bangladesh
LRPL Taylor,78,2010,New Zealand,Bangladesh
IG Butler,13,2010,New Zealand,Bangladesh
MJ Guptill,91,2010,New Zealand,Bangladesh
PJ Ingram,25,2010,New Zealand,Bangladesh
JDP Oram,12,2010,New Zealand,Bangladesh
NT Broom,18,2010,New Zealand,Bangladesh
JEC Franklin,19,2010,New Zealand,Bangladesh
DL Vettori,34,2010,New Zealand,Bangladesh
BB McCullum,19,2010,New Zealand,Bangladesh
LRPL Taylor,3,2010,New Zealand,Bangladesh
SE Bond,11,2010,New Zealand,Australia
PJ Ingram,40,2010,New Zealand,Australia
SB Styris,49,2010,New Zealand,Australia
DR Tuffey,12,2010,New Zealand,Australia
NT Broom,19,2010,New Zealand,Australia
JEC Franklin,12,2010,New Zealand,Australia
TG Southee,2,2010,New Zealand,Australia
BB McCullum,45,2010,New Zealand,Australia
MJ Guptill,9,2010,New Zealand,Australia
LRPL Taylor,70,2010,New Zealand,Australia
DL Vettori,70,2010,New Zealand,Australia
SE Bond,6,2010,New Zealand,Australia
PJ Ingram,14,2010,New Zealand,Australia
MJ Guptill,18,2010,New Zealand,Australia
SB Styris,46,2010,New Zealand,Australia
DR Tuffey,20,2010,New Zealand,Australia
NT Broom,0,2010,New Zealand,Australia
JEC Franklin,2,2010,New Zealand,Australia
GJ Hopkins,35,2010,New Zealand,Australia
TG Southee,4,2010,New Zealand,Australia
BB McCullum,24,2010,New Zealand,Australia
GJ Hopkins,45,2010,New Zealand,Australia
SE Bond,11,2010,New Zealand,Australia
PJ Ingram,5,2010,New Zealand,Australia
MJ Guptill,21,2010,New Zealand,Australia
SB Styris,41,2010,New Zealand,Australia
NT Broom,24,2010,New Zealand,Australia
LRPL Taylor,62,2010,New Zealand,Australia
TG Southee,1,2010,New Zealand,Australia
DL Vettori,0,2010,New Zealand,Australia
BB McCullum,23,2010,New Zealand,Australia
MJ Mason,2,2010,New Zealand,Australia
GJ Hopkins,20,2010,New Zealand,Australia
SE Bond,19,2010,New Zealand,Australia
MJ Guptill,30,2010,New Zealand,Australia
SL Stewart,4,2010,New Zealand,Australia
SB Styris,8,2010,New Zealand,Australia
DR Tuffey,34,2010,New Zealand,Australia
JEC Franklin,10,2010,New Zealand,Australia
TG Southee,1,2010,New Zealand,Australia
DL Vettori,12,2010,New Zealand,Australia
BB McCullum,61,2010,New Zealand,Australia
LRPL Taylor,15,2010,New Zealand,Australia
GJ Hopkins,26,2010,New Zealand,Australia
SE Bond,6,2010,New Zealand,Australia
MJ Guptill,7,2010,New Zealand,Australia
SL Stewart,6,2010,New Zealand,Australia
SB Styris,55,2010,New Zealand,Australia
DR Tuffey,36,2010,New Zealand,Australia
NL McCullum,17,2010,New Zealand,Australia
DL Vettori,28,2010,New Zealand,Australia
BB McCullum,1,2010,New Zealand,Australia
LRPL Taylor,30,2010,New Zealand,Australia
JDP Oram,9,2009,New Zealand,Pakistan
IG Butler,4,2009,New Zealand,Pakistan
MJ Guptill,4,2009,New Zealand,Pakistan
SB Styris,5,2009,New Zealand,Pakistan
NL McCullum,0,2009,New Zealand,Pakistan
DL Vettori,38,2009,New Zealand,Pakistan
BB McCullum,21,2009,New Zealand,Pakistan
SE Bond,4,2009,New Zealand,Pakistan
AJ Redmond,52,2009,New Zealand,Pakistan
TG Southee,1,2009,New Zealand,Pakistan
LRPL Taylor,0,2009,New Zealand,Pakistan
JDP Oram,33,2009,New Zealand,Pakistan
SE Bond,10,2009,New Zealand,Pakistan
MJ Guptill,62,2009,New Zealand,Pakistan
SB Styris,9,2009,New Zealand,Pakistan
NT Broom,0,2009,New Zealand,Pakistan
AJ Redmond,6,2009,New Zealand,Pakistan
DL Vettori,30,2009,New Zealand,Pakistan
BB McCullum,131,2009,New Zealand,Pakistan
LRPL Taylor,0,2009,New Zealand,Pakistan
JDP Oram,2,2009,New Zealand,Pakistan
MJ Guptill,8,2009,New Zealand,Pakistan
SB Styris,14,2009,New Zealand,Pakistan
DL Vettori,15,2009,New Zealand,Pakistan
BB McCullum,76,2009,New Zealand,Pakistan
SE Bond,11,2009,New Zealand,Pakistan
NT Broom,0,2009,New Zealand,Pakistan
AJ Redmond,21,2009,New Zealand,Pakistan
TG Southee,4,2009,New Zealand,Pakistan
LRPL Taylor,44,2009,New Zealand,Pakistan
MJ Guptill,39,2011,New Zealand,Kenya
BB McCullum,26,2011,New Zealand,Kenya
MJ Guptill,10,2011,New Zealand,Australia
JM How,22,2011,New Zealand,Australia
SB Styris,0,2011,New Zealand,Australia
JD Ryder,25,2011,New Zealand,Australia
JEC Franklin,0,2011,New Zealand,Australia
NL McCullum,52,2011,New Zealand,Australia
TG Southee,6,2011,New Zealand,Australia
DL Vettori,44,2011,New Zealand,Australia
BB McCullum,16,2011,New Zealand,Australia
LRPL Taylor,7,2011,New Zealand,Australia
MJ Guptill,86,2011,New Zealand,Zimbabwe
BB McCullum,76,2011,New Zealand,Zimbabwe
JDP Oram,25,2011,New Zealand,Pakistan
MJ Guptill,57,2011,New Zealand,Pakistan
JM How,4,2011,New Zealand,Pakistan
SB Styris,28,2011,New Zealand,Pakistan
JEC Franklin,1,2011,New Zealand,Pakistan
NL McCullum,19,2011,New Zealand,Pakistan
BB McCullum,6,2011,New Zealand,Pakistan
LRPL Taylor,131,2011,New Zealand,Pakistan
A Nehra,0,2011,New Zealand,India
MJ Guptill,17,2011,New Zealand,Canada
KS Williamson,34,2011,New Zealand,Canada
SB Styris,35,2011,New Zealand,Canada
JD Ryder,38,2011,New Zealand,Canada
JEC Franklin,31,2011,New Zealand,Canada
NL McCullum,10,2011,New Zealand,Canada
BB McCullum,101,2011,New Zealand,Canada
LRPL Taylor,74,2011,New Zealand,Canada
JDP Oram,20,2011,New Zealand,Sri Lanka
MJ Guptill,13,2011,New Zealand,Sri Lanka
SB Styris,6,2011,New Zealand,Sri Lanka
NL McCullum,4,2011,New Zealand,Sri Lanka
BB McCullum,14,2011,New Zealand,Sri Lanka
KS Williamson,5,2011,New Zealand,Sri Lanka
JD Ryder,19,2011,New Zealand,Sri Lanka
JEC Franklin,20,2011,New Zealand,Sri Lanka
TG Southee,8,2011,New Zealand,Sri Lanka
LRPL Taylor,33,2011,New Zealand,Sri Lanka
JDP Oram,7,2011,New Zealand,South Africa
MJ Guptill,1,2011,New Zealand,South Africa
KS Williamson,38,2011,New Zealand,South Africa
SB Styris,16,2011,New Zealand,South Africa
JD Ryder,83,2011,New Zealand,South Africa
NL McCullum,6,2011,New Zealand,South Africa
DL Vettori,6,2011,New Zealand,South Africa
LJ Woodcock,3,2011,New Zealand,South Africa
BB McCullum,4,2011,New Zealand,South Africa
LRPL Taylor,43,2011,New Zealand,South Africa
JDP Oram,7,2011,New Zealand,Sri Lanka
MJ Guptill,39,2011,New Zealand,Sri Lanka
KS Williamson,22,2011,New Zealand,Sri Lanka
SB Styris,57,2011,New Zealand,Sri Lanka
AJ McKay,0,2011,New Zealand,Sri Lanka
JD Ryder,19,2011,New Zealand,Sri Lanka
NL McCullum,9,2011,New Zealand,Sri Lanka
TG Southee,0,2011,New Zealand,Sri Lanka
DL Vettori,3,2011,New Zealand,Sri Lanka
BB McCullum,13,2011,New Zealand,Sri Lanka
LRPL Taylor,36,2011,New Zealand,Sri Lanka
A Nehra,1,2011,New Zealand,India
S Sreesanth,1,2010,New Zealand,India
A Nehra,4,2010,New Zealand,India
S Sreesanth,4,2010,New Zealand,India
A Nehra,2,2010,New Zealand,India
A Nehra,16,2010,New Zealand,India
S Sreesanth,1,2010,New Zealand,India
JDP Oram,14,2010,New Zealand,India
MJ Guptill,11,2010,New Zealand,India
SB Styris,89,2010,New Zealand,India
AJ McKay,0,2010,New Zealand,India
GJ Hopkins,10,2010,New Zealand,India
GD Elliott,7,2010,New Zealand,India
PJ Ingram,12,2010,New Zealand,India
KS Williamson,0,2010,New Zealand,India
DR Tuffey,19,2010,New Zealand,India
A Nehra,4,2010,New Zealand,India
LRPL Taylor,95,2010,New Zealand,India
DR Tuffey,0,2010,New Zealand,Sri Lanka
GJ Hopkins,11,2010,New Zealand,Sri Lanka
NL McCullum,36,2010,New Zealand,Sri Lanka
MJ Guptill,0,2010,New Zealand,Sri Lanka
KS Williamson,0,2010,New Zealand,Sri Lanka
SB Styris,24,2010,New Zealand,Sri Lanka
AJ McKay,4,2010,New Zealand,Sri Lanka
BJ Watling,55,2010,New Zealand,Sri Lanka
TG Southee,13,2010,New Zealand,Sri Lanka
LRPL Taylor,16,2010,New Zealand,Sri Lanka
MJ Guptill,0,2010,New Zealand,India
SB Styris,1,2010,New Zealand,India
AJ McKay,3,2010,New Zealand,India
TG Southee,10,2010,New Zealand,India
BJ Watling,2,2010,New Zealand,India
GJ Hopkins,0,2010,New Zealand,India
GD Elliott,11,2010,New Zealand,India
KS Williamson,13,2010,New Zealand,India
A Nehra,0,2010,New Zealand,India
NL McCullum,5,2010,New Zealand,India
LRPL Taylor,8,2010,New Zealand,India
A Nehra,2,2010,New Zealand,Sri Lanka
A Nehra,2,2010,New Zealand,Sri Lanka
A Nehra,1,2011,New Zealand,South Africa
A Nehra,1,2011,New Zealand,South Africa
A Nehra,6,2011,New Zealand,South Africa
GJ Hopkins,16,2010,New Zealand,India
NL McCullum,35,2010,New Zealand,India
GD Elliott,5,2010,New Zealand,India
S Sreesanth,4,2010,New Zealand,India
MJ Guptill,30,2010,New Zealand,India
JM How,9,2010,New Zealand,India
KS Williamson,25,2010,New Zealand,India
SB Styris,10,2010,New Zealand,India
A Nehra,0,2010,New Zealand,India
DR Tuffey,4,2010,New Zealand,India
LRPL Taylor,66,2010,New Zealand,India
GJ Hopkins,11,2010,New Zealand,India
MJ Guptill,70,2010,New Zealand,India
JM How,5,2010,New Zealand,India
KS Williamson,29,2010,New Zealand,India
SB Styris,59,2010,New Zealand,India
NL McCullum,12,2010,New Zealand,India
TG Southee,2,2010,New Zealand,India
DL Vettori,31,2010,New Zealand,India
LRPL Taylor,15,2010,New Zealand,India
GJ Hopkins,6,2010,New Zealand,India
MJ Guptill,12,2010,New Zealand,India
KS Williamson,21,2010,New Zealand,India
SB Styris,22,2010,New Zealand,India
JEC Franklin,72,2010,New Zealand,India
NL McCullum,43,2010,New Zealand,India
DL Vettori,3,2010,New Zealand,India
BB McCullum,0,2010,New Zealand,India
LRPL Taylor,4,2010,New Zealand,India
MJ Guptill,30,2010,New Zealand,India
JM How,4,2010,New Zealand,India
SB Styris,46,2010,New Zealand,India
JEC Franklin,98,2010,New Zealand,India
NL McCullum,13,2010,New Zealand,India
DL Vettori,17,2010,New Zealand,India
BB McCullum,42,2010,New Zealand,India
LRPL Taylor,44,2010,New Zealand,India
GD Elliott,0,2010,New Zealand,India
MJ Guptill,0,2010,New Zealand,India
JM How,23,2010,New Zealand,India
SB Styris,24,2010,New Zealand,India
JEC Franklin,17,2010,New Zealand,India
NL McCullum,1,2010,New Zealand,India
TG Southee,0,2010,New Zealand,India
DL Vettori,9,2010,New Zealand,India
BB McCullum,14,2010,New Zealand,India
LRPL Taylor,9,2010,New Zealand,India
MJ Guptill,40,2011,New Zealand,Pakistan
JD Ryder,55,2011,New Zealand,Pakistan
LRPL Taylor,23,2011,New Zealand,Pakistan
JDP Oram,17,2011,New Zealand,Pakistan
JM How,24,2011,New Zealand,Pakistan
KS Williamson,42,2011,New Zealand,Pakistan
MJ Guptill,39,2011,New Zealand,Pakistan
TG Southee,13,2011,New Zealand,Pakistan
LJ Woodcock,11,2011,New Zealand,Pakistan
BB McCullum,12,2011,New Zealand,Pakistan
SB Styris,46,2011,New Zealand,Pakistan
LRPL Taylor,6,2011,New Zealand,Pakistan
KS Williamson,15,2011,New Zealand,Pakistan
MJ Guptill,21,2011,New Zealand,Pakistan
JM How,13,2011,New Zealand,Pakistan
SB Styris,11,2011,New Zealand,Pakistan
JEC Franklin,62,2011,New Zealand,Pakistan
NL McCullum,53,2011,New Zealand,Pakistan
DL Vettori,13,2011,New Zealand,Pakistan
BB McCullum,37,2011,New Zealand,Pakistan
LRPL Taylor,4,2011,New Zealand,Pakistan
JDP Oram,10,2011,New Zealand,Pakistan
JM How,12,2011,New Zealand,Pakistan
JEC Franklin,16,2011,New Zealand,Pakistan
MJ Guptill,65,2011,New Zealand,Pakistan
NL McCullum,14,2011,New Zealand,Pakistan
BB McCullum,9,2011,New Zealand,Pakistan
SB Styris,9,2011,New Zealand,Pakistan
LRPL Taylor,69,2011,New Zealand,Pakistan
MJ Guptill,44,2011,New Zealand,Pakistan
SB Styris,58,2011,New Zealand,Pakistan
JD Ryder,107,2011,New Zealand,Pakistan
JEC Franklin,8,2011,New Zealand,Pakistan
NL McCullum,65,2011,New Zealand,Pakistan
BB McCullum,12,2011,New Zealand,Pakistan
LRPL Taylor,5,2011,New Zealand,Pakistan
SL Stewart,2,2010,New Zealand,Bangladesh
NL McCullum,16,2010,New Zealand,Bangladesh
GD Elliott,0,2010,New Zealand,Bangladesh
JD Ryder,21,2010,New Zealand,Bangladesh
BJ Watling,0,2010,New Zealand,Bangladesh
DL Vettori,24,2010,New Zealand,Bangladesh
TG Southee,1,2010,New Zealand,Bangladesh
BB McCullum,61,2010,New Zealand,Bangladesh
LRPL Taylor,42,2010,New Zealand,Bangladesh
NL McCullum,2,2010,New Zealand,Bangladesh
GD Elliott,2,2010,New Zealand,Bangladesh
SL Stewart,14,2010,New Zealand,Bangladesh
AJ McKay,0,2010,New Zealand,Bangladesh
JD Ryder,33,2010,New Zealand,Bangladesh
BJ Watling,20,2010,New Zealand,Bangladesh
TG Southee,0,2010,New Zealand,Bangladesh
DL Vettori,9,2010,New Zealand,Bangladesh
BB McCullum,0,2010,New Zealand,Bangladesh
LRPL Taylor,62,2010,New Zealand,Bangladesh
KS Williamson,108,2010,New Zealand,Bangladesh
NL McCullum,33,2010,New Zealand,Bangladesh
AJ Redmond,16,2010,New Zealand,Bangladesh
GD Elliott,22,2010,New Zealand,Bangladesh
DR Tuffey,0,2010,New Zealand,Bangladesh
BJ Watling,6,2010,New Zealand,Bangladesh
DL Vettori,8,2010,New Zealand,Bangladesh
BB McCullum,21,2010,New Zealand,Bangladesh
LRPL Taylor,3,2010,New Zealand,Bangladesh
AJ McKay,0,2010,New Zealand,Bangladesh
NL McCullum,4,2010,New Zealand,Bangladesh
DL Vettori,43,2010,New Zealand,Bangladesh
BB McCullum,4,2010,New Zealand,Bangladesh
GD Elliott,59,2010,New Zealand,Bangladesh
KS Williamson,0,2010,New Zealand,Bangladesh
JD Ryder,4,2010,New Zealand,Bangladesh
BJ Watling,1,2010,New Zealand,Bangladesh
LRPL Taylor,3,2010,New Zealand,Bangladesh
DAJ Bracewell,8,2012,New Zealand,Zimbabwe
MJ Guptill,70,2012,New Zealand,Zimbabwe
DG Brownlie,19,2012,New Zealand,Zimbabwe
NL McCullum,30,2012,New Zealand,Zimbabwe
BB McCullum,3,2012,New Zealand,Zimbabwe
AM Ellis,33,2012,New Zealand,Zimbabwe
TWM Latham,24,2012,New Zealand,Zimbabwe
KS Williamson,35,2012,New Zealand,Zimbabwe
RJ Nicol,0,2012,New Zealand,Zimbabwe
TG Southee,3,2012,New Zealand,Zimbabwe
JDP Oram,59,2012,New Zealand,Zimbabwe
TWM Latham,48,2012,New Zealand,Zimbabwe
MJ Guptill,77,2012,New Zealand,Zimbabwe
KS Williamson,4,2012,New Zealand,Zimbabwe
DG Brownlie,2,2012,New Zealand,Zimbabwe
BB McCullum,20,2012,New Zealand,Zimbabwe
RJ Nicol,146,2012,New Zealand,Zimbabwe
AM Ellis,7,2012,New Zealand,Zimbabwe
JDP Oram,25,2012,New Zealand,Zimbabwe
DAJ Bracewell,1,2012,New Zealand,Zimbabwe
MJ Guptill,85,2012,New Zealand,Zimbabwe
KS Williamson,38,2012,New Zealand,Zimbabwe
NL McCullum,21,2012,New Zealand,Zimbabwe
TWM Latham,7,2012,New Zealand,Zimbabwe
BB McCullum,119,2012,New Zealand,Zimbabwe
RJ Nicol,61,2012,New Zealand,Zimbabwe
AM Ellis,5,2012,New Zealand,Zimbabwe
DAJ Bracewell,0,2012,New Zealand,South Africa
MJ Guptill,7,2012,New Zealand,South Africa
KS Williamson,55,2012,New Zealand,South Africa
JD Ryder,6,2012,New Zealand,South Africa
JEC Franklin,32,2012,New Zealand,South Africa
NL McCullum,15,2012,New Zealand,South Africa
TG Southee,4,2012,New Zealand,South Africa
BB McCullum,56,2012,New Zealand,South Africa
RJ Nicol,30,2012,New Zealand,South Africa
AM Ellis,20,2012,New Zealand,South Africa
TS Nethula,0,2012,New Zealand,South Africa
MJ Guptill,58,2012,New Zealand,South Africa
KS Williamson,13,2012,New Zealand,South Africa
AJ McKay,0,2012,New Zealand,South Africa
JD Ryder,0,2012,New Zealand,South Africa
JEC Franklin,6,2012,New Zealand,South Africa
TG Southee,28,2012,New Zealand,South Africa
BB McCullum,85,2012,New Zealand,South Africa
RJ Nicol,11,2012,New Zealand,South Africa
AM Ellis,19,2012,New Zealand,South Africa
MD Bates,13,2012,New Zealand,South Africa
MJ Guptill,7,2012,New Zealand,South Africa
KS Williamson,22,2012,New Zealand,South Africa
AJ McKay,2,2012,New Zealand,South Africa
JEC Franklin,36,2012,New Zealand,South Africa
NL McCullum,10,2012,New Zealand,South Africa
C de Grandhomme,36,2012,New Zealand,South Africa
BB McCullum,47,2012,New Zealand,South Africa
RJ Nicol,12,2012,New Zealand,South Africa
AM Ellis,2,2012,New Zealand,South Africa
RJ Nicol,108,2011,New Zealand,Zimbabwe
MJ Guptill,74,2011,New Zealand,Zimbabwe
BB McCullum,39,2011,New Zealand,Zimbabwe
MJ Guptill,105,2011,New Zealand,Zimbabwe
KS Williamson,14,2011,New Zealand,Zimbabwe
JDP Oram,4,2011,New Zealand,Zimbabwe
JEC Franklin,1,2011,New Zealand,Zimbabwe
LRPL Taylor,11,2011,New Zealand,Zimbabwe
BB McCullum,87,2011,New Zealand,Zimbabwe
BJ Watling,19,2011,New Zealand,Zimbabwe
RJ Nicol,9,2011,New Zealand,Zimbabwe
KS Williamson,100,2011,New Zealand,Zimbabwe
JD Ryder,53,2011,New Zealand,Zimbabwe
NL McCullum,1,2011,New Zealand,Zimbabwe
RJ Nicol,14,2011,New Zealand,Zimbabwe
LRPL Taylor,119,2011,New Zealand,Zimbabwe
BB McCullum,18,2011,New Zealand,Zimbabwe
JDP Oram,32,2012,New Zealand,West Indies
TS Nethula,9,2012,New Zealand,West Indies
MJ Guptill,1,2012,New Zealand,West Indies
KS Williamson,24,2012,New Zealand,West Indies
DR Flynn,12,2012,New Zealand,West Indies
DG Brownlie,1,2012,New Zealand,West Indies
BJ Watling,60,2012,New Zealand,West Indies
TG Southee,9,2012,New Zealand,West Indies
RJ Nicol,14,2012,New Zealand,West Indies
AM Ellis,14,2012,New Zealand,West Indies
TWM Latham,2,2012,New Zealand,West Indies
MJ Guptill,51,2012,New Zealand,West Indies
KS Williamson,58,2012,New Zealand,West Indies
JDP Oram,10,2012,New Zealand,West Indies
DR Flynn,21,2012,New Zealand,West Indies
BJ Watling,72,2012,New Zealand,West Indies
NL McCullum,1,2012,New Zealand,West Indies
TG Southee,2,2012,New Zealand,West Indies
TS Nethula,3,2012,New Zealand,West Indies
RJ Nicol,15,2012,New Zealand,West Indies
JDP Oram,7,2012,New Zealand,West Indies
MJ Guptill,11,2012,New Zealand,West Indies
BJ Watling,40,2012,New Zealand,West Indies
DR Flynn,28,2012,New Zealand,West Indies
TWM Latham,12,2012,New Zealand,West Indies
KS Williamson,9,2012,New Zealand,West Indies
NL McCullum,50,2012,New Zealand,West Indies
TG Southee,17,2012,New Zealand,West Indies
RJ Nicol,59,2012,New Zealand,West Indies
JDP Oram,6,2012,New Zealand,West Indies
DAJ Bracewell,5,2012,New Zealand,West Indies
NL McCullum,11,2012,New Zealand,West Indies
BB McCullum,10,2012,New Zealand,West Indies
TWM Latham,32,2012,New Zealand,West Indies
KS Williamson,3,2012,New Zealand,West Indies
RJ Nicol,35,2012,New Zealand,West Indies
LRPL Taylor,110,2012,New Zealand,West Indies
TG Southee,3,2012,New Zealand,West Indies
MJ Guptill,0,2012,New Zealand,West Indies
DR Flynn,0,2012,New Zealand,West Indies
BB McCullum,33,2012,New Zealand,West Indies
AM Ellis,28,2012,New Zealand,West Indies
TWM Latham,11,2012,New Zealand,West Indies
KS Williamson,69,2012,New Zealand,West Indies
RJ Nicol,2,2012,New Zealand,West Indies
LRPL Taylor,28,2012,New Zealand,West Indies
TG Southee,4,2012,New Zealand,West Indies
MJ Guptill,33,2012,New Zealand,West Indies
BB McCullum,5,2013,New Zealand,England
GD Elliott,27,2013,New Zealand,England
KS Williamson,0,2013,New Zealand,England
MJ Guptill,103,2013,New Zealand,England
JEC Franklin,16,2013,New Zealand,England
L Ronchi,0,2013,New Zealand,England
LRPL Taylor,54,2013,New Zealand,England
BB McCullum,40,2013,New Zealand,England
MJ Guptill,189,2013,New Zealand,England
KS Williamson,55,2013,New Zealand,England
L Ronchi,2,2013,New Zealand,England
LRPL Taylor,60,2013,New Zealand,England
C Munro,0,2013,New Zealand,England
BB McCullum,6,2013,New Zealand,England
MJ McClenaghan,4,2013,New Zealand,England
MJ Guptill,38,2013,New Zealand,England
KS Williamson,19,2013,New Zealand,England
JEC Franklin,7,2013,New Zealand,England
NL McCullum,28,2013,New Zealand,England
TG Southee,15,2013,New Zealand,England
L Ronchi,22,2013,New Zealand,England
LRPL Taylor,71,2013,New Zealand,England
NL McCullum,24,2013,New Zealand,South Africa
MJ McClenaghan,0,2013,New Zealand,South Africa
GD Elliott,1,2013,New Zealand,South Africa
KS Williamson,5,2013,New Zealand,South Africa
JDS Neesham,0,2013,New Zealand,South Africa
JEC Franklin,47,2013,New Zealand,South Africa
RJ Nicol,4,2013,New Zealand,South Africa
BB McCullum,26,2013,New Zealand,South Africa
BJ Watling,45,2013,New Zealand,South Africa
BB McCullum,17,2013,New Zealand,South Africa
NL McCullum,19,2013,New Zealand,South Africa
GD Elliott,48,2013,New Zealand,South Africa
MJ Guptill,0,2013,New Zealand,South Africa
KS Williamson,145,2013,New Zealand,South Africa
JEC Franklin,0,2013,New Zealand,South Africa
BJ Watling,12,2013,New Zealand,South Africa
C Munro,9,2013,New Zealand,South Africa
JDS Neesham,5,2013,New Zealand,South Africa
BB McCullum,13,2013,New Zealand,South Africa
NL McCullum,2,2013,New Zealand,South Africa
GD Elliott,54,2013,New Zealand,South Africa
MJ McClenaghan,2,2013,New Zealand,South Africa
MJ Guptill,5,2013,New Zealand,South Africa
KS Williamson,6,2013,New Zealand,South Africa
JEC Franklin,53,2013,New Zealand,South Africa
BJ Watling,20,2013,New Zealand,South Africa
C Munro,57,2013,New Zealand,South Africa
JDS Neesham,13,2013,New Zealand,South Africa
BB McCullum,69,2013,New Zealand,England
GD Elliott,22,2013,New Zealand,England
KS Williamson,74,2013,New Zealand,England
MJ Guptill,27,2013,New Zealand,England
JEC Franklin,3,2013,New Zealand,England
BJ Watling,2,2013,New Zealand,England
NL McCullum,14,2013,New Zealand,England
LRPL Taylor,22,2013,New Zealand,England
AM Ellis,13,2013,New Zealand,England
NL McCullum,7,2013,New Zealand,England
GD Elliott,23,2013,New Zealand,England
HD Rutherford,11,2013,New Zealand,England
KS Williamson,33,2013,New Zealand,England
JEC Franklin,1,2013,New Zealand,England
BJ Watling,7,2013,New Zealand,England
TG Southee,2,2013,New Zealand,England
BB McCullum,74,2013,New Zealand,England
LRPL Taylor,100,2013,New Zealand,England
NL McCullum,4,2013,New Zealand,England
GD Elliott,24,2013,New Zealand,England
HD Rutherford,2,2013,New Zealand,England
KS Williamson,7,2013,New Zealand,England
JEC Franklin,13,2013,New Zealand,England
BJ Watling,1,2013,New Zealand,England
TG Southee,5,2013,New Zealand,England
BB McCullum,79,2013,New Zealand,England
LRPL Taylor,28,2013,New Zealand,England
AM Ellis,9,2013,New Zealand,England
MJ Guptill,25,2013,New Zealand,Sri Lanka
NL McCullum,32,2013,New Zealand,Sri Lanka
DL Vettori,5,2013,New Zealand,Sri Lanka
BB McCullum,18,2013,New Zealand,Sri Lanka
MJ McClenaghan,1,2013,New Zealand,Sri Lanka
KS Williamson,16,2013,New Zealand,Sri Lanka
JEC Franklin,6,2013,New Zealand,Sri Lanka
TG Southee,13,2013,New Zealand,Sri Lanka
L Ronchi,7,2013,New Zealand,Sri Lanka
LRPL Taylor,0,2013,New Zealand,Sri Lanka
BB McCullum,8,2013,New Zealand,England
CJ Anderson,30,2013,New Zealand,England
MJ Guptill,9,2013,New Zealand,England
KS Williamson,67,2013,New Zealand,England
JEC Franklin,6,2013,New Zealand,England
NL McCullum,13,2013,New Zealand,England
L Ronchi,2,2013,New Zealand,England
LRPL Taylor,3,2013,New Zealand,England
TWM Latham,2,2012,New Zealand,Sri Lanka
JEC Franklin,35,2012,New Zealand,Sri Lanka
BJ Watling,55,2012,New Zealand,Sri Lanka
NL McCullum,16,2012,New Zealand,Sri Lanka
LRPL Taylor,72,2012,New Zealand,Sri Lanka
RJ Nicol,46,2012,New Zealand,Sri Lanka
AM Ellis,4,2012,New Zealand,Sri Lanka
JDP Oram,2,2012,New Zealand,Sri Lanka
NL McCullum,22,2012,New Zealand,Sri Lanka
KS Williamson,5,2012,New Zealand,Sri Lanka
JEC Franklin,26,2012,New Zealand,Sri Lanka
BJ Watling,96,2012,New Zealand,Sri Lanka
LRPL Taylor,7,2012,New Zealand,Sri Lanka
BB McCullum,13,2012,New Zealand,Sri Lanka
RJ Nicol,7,2012,New Zealand,Sri Lanka
NL McCullum,0,2012,New Zealand,Sri Lanka
KS Williamson,21,2012,New Zealand,Sri Lanka
JEC Franklin,21,2012,New Zealand,Sri Lanka
BJ Watling,15,2012,New Zealand,Sri Lanka
AF Milne,12,2012,New Zealand,Sri Lanka
LRPL Taylor,6,2012,New Zealand,Sri Lanka
TG Southee,7,2012,New Zealand,Sri Lanka
BB McCullum,30,2012,New Zealand,Sri Lanka
RJ Nicol,11,2012,New Zealand,Sri Lanka
AM Ellis,0,2012,New Zealand,Sri Lanka
BB McCullum,65,2015,New Zealand,Sri Lanka
GD Elliott,29,2015,New Zealand,Sri Lanka
CJ Anderson,75,2015,New Zealand,Sri Lanka
MJ Guptill,49,2015,New Zealand,Sri Lanka
KS Williamson,57,2015,New Zealand,Sri Lanka
L Ronchi,29,2015,New Zealand,Sri Lanka
LRPL Taylor,14,2015,New Zealand,Sri Lanka
GD Elliott,29,2015,New Zealand,Scotland
KS Williamson,38,2015,New Zealand,Scotland
MJ Guptill,17,2015,New Zealand,Scotland
LRPL Taylor,9,2015,New Zealand,Scotland
L Ronchi,12,2015,New Zealand,Scotland
CJ Anderson,11,2015,New Zealand,Scotland
AF Milne,1,2015,New Zealand,Scotland
BB McCullum,15,2015,New Zealand,Scotland
DL Vettori,8,2015,New Zealand,Scotland
BB McCullum,77,2015,New Zealand,England
KS Williamson,9,2015,New Zealand,England
MJ Guptill,22,2015,New Zealand,England
LRPL Taylor,5,2015,New Zealand,England
MJ Guptill,11,2015,New Zealand,Australia
CJ Anderson,26,2015,New Zealand,Australia
LRPL Taylor,1,2015,New Zealand,Australia
L Ronchi,6,2015,New Zealand,Australia
DL Vettori,2,2015,New Zealand,Australia
BB McCullum,50,2015,New Zealand,Australia
GD Elliott,0,2015,New Zealand,Australia
KS Williamson,45,2015,New Zealand,Australia
TG Southee,0,2015,New Zealand,Australia
AF Milne,0,2015,New Zealand,Australia
GD Elliott,19,2015,New Zealand,Afghanistan
MJ Guptill,57,2015,New Zealand,Afghanistan
KS Williamson,33,2015,New Zealand,Afghanistan
CJ Anderson,7,2015,New Zealand,Afghanistan
BB McCullum,42,2015,New Zealand,Afghanistan
LRPL Taylor,24,2015,New Zealand,Afghanistan
GD Elliott,39,2015,New Zealand,Bangladesh
MJ Guptill,105,2015,New Zealand,Bangladesh
KS Williamson,1,2015,New Zealand,Bangladesh
TG Southee,12,2015,New Zealand,Bangladesh
LRPL Taylor,56,2015,New Zealand,Bangladesh
DL Vettori,16,2015,New Zealand,Bangladesh
CJ Anderson,39,2015,New Zealand,Bangladesh
L Ronchi,9,2015,New Zealand,Bangladesh
BB McCullum,8,2015,New Zealand,Bangladesh
GD Elliott,27,2015,New Zealand,West Indies
CJ Anderson,15,2015,New Zealand,West Indies
MJ Guptill,237,2015,New Zealand,West Indies
KS Williamson,33,2015,New Zealand,West Indies
L Ronchi,9,2015,New Zealand,West Indies
DL Vettori,8,2015,New Zealand,West Indies
BB McCullum,12,2015,New Zealand,West Indies
LRPL Taylor,42,2015,New Zealand,West Indies
DL Vettori,7,2015,New Zealand,South Africa
GD Elliott,84,2015,New Zealand,South Africa
MJ Guptill,34,2015,New Zealand,South Africa
KS Williamson,6,2015,New Zealand,South Africa
CJ Anderson,58,2015,New Zealand,South Africa
L Ronchi,8,2015,New Zealand,South Africa
BB McCullum,59,2015,New Zealand,South Africa
LRPL Taylor,30,2015,New Zealand,South Africa
GD Elliott,83,2015,New Zealand,Australia
KS Williamson,12,2015,New Zealand,Australia
MJ Guptill,15,2015,New Zealand,Australia
CJ Anderson,0,2015,New Zealand,Australia
L Ronchi,0,2015,New Zealand,Australia
TG Southee,11,2015,New Zealand,Australia
DL Vettori,9,2015,New Zealand,Australia
BB McCullum,0,2015,New Zealand,Australia
LRPL Taylor,40,2015,New Zealand,Australia
MJ McClenaghan,3,2013,New Zealand,West Indies
KS Williamson,8,2013,New Zealand,West Indies
MJ Guptill,2,2013,New Zealand,West Indies
CJ Anderson,13,2013,New Zealand,West Indies
JD Ryder,0,2013,New Zealand,West Indies
NL McCullum,47,2013,New Zealand,West Indies
L Ronchi,7,2013,New Zealand,West Indies
BB McCullum,51,2013,New Zealand,West Indies
JDS Neesham,10,2013,New Zealand,West Indies
LRPL Taylor,3,2013,New Zealand,West Indies
CJ Anderson,131,2014,New Zealand,West Indies
MJ Guptill,1,2014,New Zealand,West Indies
JD Ryder,104,2014,New Zealand,West Indies
L Ronchi,3,2014,New Zealand,West Indies
BB McCullum,33,2014,New Zealand,West Indies
LRPL Taylor,9,2014,New Zealand,West Indies
KS Williamson,47,2014,New Zealand,West Indies
MJ Guptill,81,2014,New Zealand,West Indies
CJ Anderson,17,2014,New Zealand,West Indies
JD Ryder,47,2014,New Zealand,West Indies
NL McCullum,9,2014,New Zealand,West Indies
L Ronchi,9,2014,New Zealand,West Indies
BB McCullum,14,2014,New Zealand,West Indies
LRPL Taylor,49,2014,New Zealand,West Indies
MJ McClenaghan,0,2014,New Zealand,West Indies
CJ Anderson,29,2014,New Zealand,West Indies
MJ Guptill,6,2014,New Zealand,West Indies
KS Williamson,16,2014,New Zealand,West Indies
JD Ryder,17,2014,New Zealand,West Indies
NL McCullum,18,2014,New Zealand,West Indies
TG Southee,9,2014,New Zealand,West Indies
L Ronchi,15,2014,New Zealand,West Indies
BB McCullum,6,2014,New Zealand,West Indies
LRPL Taylor,9,2014,New Zealand,West Indies
KS Williamson,71,2014,New Zealand,India
MJ Guptill,8,2014,New Zealand,India
CJ Anderson,68,2014,New Zealand,India
JD Ryder,18,2014,New Zealand,India
NL McCullum,2,2014,New Zealand,India
TG Southee,3,2014,New Zealand,India
L Ronchi,30,2014,New Zealand,India
BB McCullum,30,2014,New Zealand,India
LRPL Taylor,55,2014,New Zealand,India
CJ Anderson,44,2014,New Zealand,India
MJ Guptill,44,2014,New Zealand,India
KS Williamson,77,2014,New Zealand,India
JD Ryder,20,2014,New Zealand,India
NL McCullum,1,2014,New Zealand,India
L Ronchi,18,2014,New Zealand,India
BB McCullum,0,2014,New Zealand,India
LRPL Taylor,57,2014,New Zealand,India
MJ Guptill,35,2014,New Zealand,India
KS Williamson,60,2014,New Zealand,India
JD Ryder,19,2014,New Zealand,India
BB McCullum,49,2014,New Zealand,India
LRPL Taylor,112,2014,New Zealand,India
MJ Guptill,16,2014,New Zealand,India
KS Williamson,88,2014,New Zealand,India
JD Ryder,17,2014,New Zealand,India
L Ronchi,11,2014,New Zealand,India
BB McCullum,23,2014,New Zealand,India
JDS Neesham,34,2014,New Zealand,India
LRPL Taylor,102,2014,New Zealand,India
AP Devcich,22,2013,New Zealand,Bangladesh
MJ McClenaghan,1,2013,New Zealand,Bangladesh
GD Elliott,71,2013,New Zealand,Bangladesh
HD Rutherford,1,2013,New Zealand,Bangladesh
CJ Anderson,46,2013,New Zealand,Bangladesh
NL McCullum,10,2013,New Zealand,Bangladesh
JDS Neesham,0,2013,New Zealand,Bangladesh
BB McCullum,0,2013,New Zealand,Bangladesh
TG Southee,0,2013,New Zealand,Bangladesh
LRPL Taylor,8,2013,New Zealand,Bangladesh
CJ Anderson,37,2013,New Zealand,Bangladesh
NL McCullum,25,2013,New Zealand,Bangladesh
BB McCullum,14,2013,New Zealand,Bangladesh
JDS Neesham,8,2013,New Zealand,Bangladesh
AP Devcich,19,2013,New Zealand,Bangladesh
TWM Latham,0,2013,New Zealand,Bangladesh
GD Elliott,14,2013,New Zealand,Bangladesh
HD Rutherford,1,2013,New Zealand,Bangladesh
TG Southee,0,2013,New Zealand,Bangladesh
LRPL Taylor,45,2013,New Zealand,Bangladesh
AP Devcich,46,2013,New Zealand,Bangladesh
TWM Latham,43,2013,New Zealand,Bangladesh
GD Elliott,3,2013,New Zealand,Bangladesh
CJ Anderson,1,2013,New Zealand,Bangladesh
LRPL Taylor,107,2013,New Zealand,Bangladesh
L Ronchi,13,2013,New Zealand,Bangladesh
C Munro,85,2013,New Zealand,Bangladesh
AP Devcich,1,2013,New Zealand,Sri Lanka
NL McCullum,32,2013,New Zealand,Sri Lanka
TWM Latham,86,2013,New Zealand,Sri Lanka
GD Elliott,7,2013,New Zealand,Sri Lanka
L Ronchi,49,2013,New Zealand,Sri Lanka
C Munro,15,2013,New Zealand,Sri Lanka
RJ Nicol,0,2013,New Zealand,Sri Lanka
JDS Neesham,5,2013,New Zealand,Sri Lanka
AP Devcich,5,2013,New Zealand,Sri Lanka
C Munro,1,2013,New Zealand,Sri Lanka
GD Elliott,3,2013,New Zealand,Sri Lanka
NL McCullum,35,2013,New Zealand,Sri Lanka
TWM Latham,9,2013,New Zealand,Sri Lanka
JDS Neesham,42,2013,New Zealand,Sri Lanka
RJ Nicol,1,2013,New Zealand,Sri Lanka
L Ronchi,23,2013,New Zealand,Sri Lanka
AP Devcich,26,2014,New Zealand,Pakistan
TWM Latham,13,2014,New Zealand,Pakistan
KS Williamson,10,2014,New Zealand,Pakistan
DG Brownlie,14,2014,New Zealand,Pakistan
NL McCullum,13,2014,New Zealand,Pakistan
L Ronchi,23,2014,New Zealand,Pakistan
DL Vettori,27,2014,New Zealand,Pakistan
JDS Neesham,1,2014,New Zealand,Pakistan
LRPL Taylor,105,2014,New Zealand,Pakistan
AP Devcich,58,2014,New Zealand,Pakistan
TWM Latham,3,2014,New Zealand,Pakistan
KS Williamson,70,2014,New Zealand,Pakistan
DG Brownlie,47,2014,New Zealand,Pakistan
L Ronchi,36,2014,New Zealand,Pakistan
CJ Anderson,10,2014,New Zealand,Pakistan
DL Vettori,13,2014,New Zealand,Pakistan
LRPL Taylor,2,2014,New Zealand,Pakistan
AP Devcich,0,2014,New Zealand,Pakistan
TWM Latham,34,2014,New Zealand,Pakistan
MJ McClenaghan,6,2014,New Zealand,Pakistan
KS Williamson,46,2014,New Zealand,Pakistan
MJ Guptill,12,2014,New Zealand,Pakistan
NL McCullum,15,2014,New Zealand,Pakistan
JDS Neesham,2,2014,New Zealand,Pakistan
L Ronchi,41,2014,New Zealand,Pakistan
CJ Anderson,19,2014,New Zealand,Pakistan
LRPL Taylor,31,2014,New Zealand,Pakistan
TWM Latham,14,2014,New Zealand,Pakistan
KS Williamson,123,2014,New Zealand,Pakistan
MJ Guptill,58,2014,New Zealand,Pakistan
DG Brownlie,42,2014,New Zealand,Pakistan
CJ Anderson,23,2014,New Zealand,Pakistan
LRPL Taylor,26,2014,New Zealand,Pakistan
TWM Latham,22,2014,New Zealand,Pakistan
KS Williamson,97,2014,New Zealand,Pakistan
MJ Guptill,8,2014,New Zealand,Pakistan
DG Brownlie,34,2014,New Zealand,Pakistan
L Ronchi,16,2014,New Zealand,Pakistan
LRPL Taylor,88,2014,New Zealand,Pakistan
MJ Santner,15,2015,New Zealand,England
GD Elliott,24,2015,New Zealand,England
MJ Guptill,22,2015,New Zealand,England
KS Williamson,45,2015,New Zealand,England
MJ McClenaghan,2,2015,New Zealand,England
NL McCullum,5,2015,New Zealand,England
L Ronchi,0,2015,New Zealand,England
BB McCullum,10,2015,New Zealand,England
LRPL Taylor,57,2015,New Zealand,England
MJ Santner,15,2015,New Zealand,England
GD Elliott,32,2015,New Zealand,England
MJ Guptill,50,2015,New Zealand,England
KS Williamson,93,2015,New Zealand,England
L Ronchi,33,2015,New Zealand,England
BB McCullum,39,2015,New Zealand,England
LRPL Taylor,119,2015,New Zealand,England
MJ Santner,21,2015,New Zealand,England
BM Wheeler,3,2015,New Zealand,England
GD Elliott,5,2015,New Zealand,England
MJ Guptill,2,2015,New Zealand,England
KS Williamson,118,2015,New Zealand,England
TG Southee,5,2015,New Zealand,England
LRPL Taylor,110,2015,New Zealand,England
L Ronchi,13,2015,New Zealand,England
BB McCullum,11,2015,New Zealand,England
MJ Santner,44,2015,New Zealand,England
BB McCullum,35,2015,New Zealand,England
GD Elliott,55,2015,New Zealand,England
MJ Guptill,53,2015,New Zealand,England
KS Williamson,90,2015,New Zealand,England
TG Southee,1,2015,New Zealand,England
L Ronchi,8,2015,New Zealand,England
BM Wheeler,3,2015,New Zealand,England
LRPL Taylor,42,2015,New Zealand,England
MJ Santner,2,2015,New Zealand,England
BB McCullum,6,2015,New Zealand,England
GD Elliott,35,2015,New Zealand,England
MJ Guptill,67,2015,New Zealand,England
KS Williamson,50,2015,New Zealand,England
TG Southee,18,2015,New Zealand,England
L Ronchi,2,2015,New Zealand,England
BM Wheeler,39,2015,New Zealand,England
LRPL Taylor,47,2015,New Zealand,England
TWM Latham,29,2014,New Zealand,South Africa
MJ Guptill,5,2014,New Zealand,South Africa
CJ Anderson,0,2014,New Zealand,South Africa
DG Brownlie,24,2014,New Zealand,South Africa
NL McCullum,6,2014,New Zealand,South Africa
L Ronchi,99,2014,New Zealand,South Africa
DL Vettori,0,2014,New Zealand,South Africa
BB McCullum,16,2014,New Zealand,South Africa
JDS Neesham,16,2014,New Zealand,South Africa
DL Vettori,1,2014,New Zealand,South Africa
TWM Latham,16,2014,New Zealand,South Africa
MJ McClenaghan,34,2014,New Zealand,South Africa
MJ Guptill,11,2014,New Zealand,South Africa
CJ Anderson,1,2014,New Zealand,South Africa
DG Brownlie,20,2014,New Zealand,South Africa
TG Southee,5,2014,New Zealand,South Africa
L Ronchi,79,2014,New Zealand,South Africa
BB McCullum,12,2014,New Zealand,South Africa
JDS Neesham,10,2014,New Zealand,South Africa
TWM Latham,15,2015,New Zealand,Sri Lanka
BB McCullum,51,2015,New Zealand,Sri Lanka
GD Elliott,1,2015,New Zealand,Sri Lanka
CJ Anderson,81,2015,New Zealand,Sri Lanka
MJ Guptill,0,2015,New Zealand,Sri Lanka
KS Williamson,15,2015,New Zealand,Sri Lanka
NL McCullum,25,2015,New Zealand,Sri Lanka
L Ronchi,17,2015,New Zealand,Sri Lanka
AF Milne,7,2015,New Zealand,Sri Lanka
TWM Latham,5,2015,New Zealand,Sri Lanka
MJ Guptill,10,2015,New Zealand,Sri Lanka
CJ Anderson,5,2015,New Zealand,Sri Lanka
NL McCullum,13,2015,New Zealand,Sri Lanka
LRPL Taylor,34,2015,New Zealand,Sri Lanka
DL Vettori,7,2015,New Zealand,Sri Lanka
BB McCullum,117,2015,New Zealand,Sri Lanka
AF Milne,19,2015,New Zealand,Sri Lanka
DL Vettori,7,2015,New Zealand,Sri Lanka
BB McCullum,11,2015,New Zealand,Sri Lanka
GD Elliott,44,2015,New Zealand,Sri Lanka
CJ Anderson,47,2015,New Zealand,Sri Lanka
MJ Guptill,20,2015,New Zealand,Sri Lanka
KS Williamson,103,2015,New Zealand,Sri Lanka
LRPL Taylor,8,2015,New Zealand,Sri Lanka
L Ronchi,32,2015,New Zealand,Sri Lanka
BB McCullum,25,2015,New Zealand,Sri Lanka
GD Elliott,104,2015,New Zealand,Sri Lanka
KS Williamson,26,2015,New Zealand,Sri Lanka
MJ Guptill,0,2015,New Zealand,Sri Lanka
CJ Anderson,8,2015,New Zealand,Sri Lanka
L Ronchi,170,2015,New Zealand,Sri Lanka
LRPL Taylor,20,2015,New Zealand,Sri Lanka
GD Elliott,21,2015,New Zealand,Sri Lanka
CJ Anderson,40,2015,New Zealand,Sri Lanka
MJ Guptill,28,2015,New Zealand,Sri Lanka
KS Williamson,97,2015,New Zealand,Sri Lanka
L Ronchi,13,2015,New Zealand,Sri Lanka
DL Vettori,3,2015,New Zealand,Sri Lanka
BB McCullum,0,2015,New Zealand,Sri Lanka
LRPL Taylor,96,2015,New Zealand,Sri Lanka
TWM Latham,6,2015,New Zealand,Sri Lanka
MJ McClenaghan,5,2015,New Zealand,Sri Lanka
GD Elliott,24,2015,New Zealand,Sri Lanka
CJ Anderson,29,2015,New Zealand,Sri Lanka
MJ Guptill,0,2015,New Zealand,Sri Lanka
KS Williamson,54,2015,New Zealand,Sri Lanka
TG Southee,1,2015,New Zealand,Sri Lanka
DL Vettori,35,2015,New Zealand,Sri Lanka
L Ronchi,47,2015,New Zealand,Sri Lanka
LRPL Taylor,11,2015,New Zealand,Sri Lanka
BB McCullum,17,2015,New Zealand,Pakistan
GD Elliott,64,2015,New Zealand,Pakistan
MJ Guptill,39,2015,New Zealand,Pakistan
TWM Latham,23,2015,New Zealand,Pakistan
LRPL Taylor,59,2015,New Zealand,Pakistan
GD Elliott,28,2015,New Zealand,Pakistan
KS Williamson,112,2015,New Zealand,Pakistan
MJ Guptill,76,2015,New Zealand,Pakistan
NL McCullum,9,2015,New Zealand,Pakistan
L Ronchi,0,2015,New Zealand,Pakistan
BB McCullum,31,2015,New Zealand,Pakistan
LRPL Taylor,102,2015,New Zealand,Pakistan
MJ McClenaghan,16,2015,New Zealand,South Africa
TWM Latham,60,2015,New Zealand,South Africa
GD Elliott,4,2015,New Zealand,South Africa
MJ Guptill,25,2015,New Zealand,South Africa
KS Williamson,47,2015,New Zealand,South Africa
NL McCullum,10,2015,New Zealand,South Africa
L Ronchi,1,2015,New Zealand,South Africa
C Munro,33,2015,New Zealand,South Africa
JDS Neesham,41,2015,New Zealand,South Africa
AF Milne,15,2015,New Zealand,South Africa
TWM Latham,64,2015,New Zealand,South Africa
MJ Guptill,103,2015,New Zealand,South Africa
KS Williamson,7,2015,New Zealand,South Africa
GH Worker,20,2015,New Zealand,South Africa
TWM Latham,54,2015,New Zealand,South Africa
GD Elliott,20,2015,New Zealand,South Africa
DAJ Bracewell,13,2015,New Zealand,South Africa
MJ Guptill,10,2015,New Zealand,South Africa
KS Williamson,39,2015,New Zealand,South Africa
GH Worker,21,2015,New Zealand,South Africa
IS Sodhi,5,2015,New Zealand,South Africa
L Ronchi,1,2015,New Zealand,South Africa
C Munro,35,2015,New Zealand,South Africa
BM Wheeler,13,2015,New Zealand,South Africa
AF Milne,4,2015,New Zealand,South Africa
TWM Latham,14,2015,New Zealand,Zimbabwe
GD Elliott,43,2015,New Zealand,Zimbabwe
MJ Guptill,11,2015,New Zealand,Zimbabwe
KS Williamson,97,2015,New Zealand,Zimbabwe
JDS Neesham,14,2015,New Zealand,Zimbabwe
LRPL Taylor,112,2015,New Zealand,Zimbabwe
TWM Latham,110,2015,New Zealand,Zimbabwe
MJ Guptill,116,2015,New Zealand,Zimbabwe
TWM Latham,16,2015,New Zealand,Zimbabwe
GD Elliott,36,2015,New Zealand,Zimbabwe
MJ Guptill,42,2015,New Zealand,Zimbabwe
KS Williamson,90,2015,New Zealand,Zimbabwe
NL McCullum,25,2015,New Zealand,Zimbabwe
L Ronchi,7,2015,New Zealand,Zimbabwe
C Munro,9,2015,New Zealand,Zimbabwe
JDS Neesham,37,2015,New Zealand,Zimbabwe
BB McCullum,55,2015,New Zealand,Sri Lanka
MJ Guptill,79,2015,New Zealand,Sri Lanka
LRPL Taylor,5,2015,New Zealand,Sri Lanka
TWM Latham,18,2015,New Zealand,Sri Lanka
HM Nicholls,23,2015,New Zealand,Sri Lanka
MJ Guptill,93,2015,New Zealand,Sri Lanka
TWM Latham,17,2015,New Zealand,Sri Lanka
MJ Santner,38,2015,New Zealand,Sri Lanka
DAJ Bracewell,30,2015,New Zealand,Sri Lanka
MJ Guptill,30,2015,New Zealand,Sri Lanka
KS Williamson,59,2015,New Zealand,Sri Lanka
LRPL Taylor,0,2015,New Zealand,Sri Lanka
L Ronchi,7,2015,New Zealand,Sri Lanka
TG Southee,18,2015,New Zealand,Sri Lanka
TWM Latham,42,2015,New Zealand,Sri Lanka
HM Nicholls,20,2015,New Zealand,Sri Lanka
AF Milne,17,2015,New Zealand,Sri Lanka
MJ Santner,21,2016,New Zealand,Sri Lanka
TWM Latham,0,2016,New Zealand,Sri Lanka
MJ Guptill,102,2016,New Zealand,Sri Lanka
KS Williamson,61,2016,New Zealand,Sri Lanka
L Ronchi,37,2016,New Zealand,Sri Lanka
HM Nicholls,2,2016,New Zealand,Sri Lanka
LRPL Taylor,61,2016,New Zealand,Sri Lanka
MJ Santner,48,2016,New Zealand,Pakistan
MJ Guptill,11,2016,New Zealand,Pakistan
CJ Anderson,10,2016,New Zealand,Pakistan
L Ronchi,5,2016,New Zealand,Pakistan
TWM Latham,11,2016,New Zealand,Pakistan
GD Elliott,0,2016,New Zealand,Pakistan
MJ McClenaghan,31,2016,New Zealand,Pakistan
KS Williamson,10,2016,New Zealand,Pakistan
HM Nicholls,82,2016,New Zealand,Pakistan
MJ Santner,35,2016,New Zealand,Australia
GD Elliott,21,2016,New Zealand,Australia
KS Williamson,0,2016,New Zealand,Australia
MJ Guptill,90,2016,New Zealand,Australia
CJ Anderson,10,2016,New Zealand,Australia
L Ronchi,16,2016,New Zealand,Australia
BB McCullum,44,2016,New Zealand,Australia
HM Nicholls,61,2016,New Zealand,Australia
AF Milne,14,2016,New Zealand,Australia
MJ Santner,45,2016,New Zealand,Australia
GD Elliott,32,2016,New Zealand,Australia
KS Williamson,60,2016,New Zealand,Australia
MJ Guptill,31,2016,New Zealand,Australia
CJ Anderson,16,2016,New Zealand,Australia
L Ronchi,19,2016,New Zealand,Australia
BB McCullum,28,2016,New Zealand,Australia
HM Nicholls,4,2016,New Zealand,Australia
AF Milne,36,2016,New Zealand,Australia
DAJ Bracewell,2,2016,New Zealand,Australia
MJ Guptill,59,2016,New Zealand,Australia
CJ Anderson,27,2016,New Zealand,Australia
L Ronchi,5,2016,New Zealand,Australia
BB McCullum,47,2016,New Zealand,Australia
GD Elliott,50,2016,New Zealand,Australia
IS Sodhi,0,2016,New Zealand,Australia
KS Williamson,18,2016,New Zealand,Australia
HM Nicholls,18,2016,New Zealand,Australia
AF Milne,5,2016,New Zealand,Australia
HM Nicholls,5,2016,New Zealand,Pakistan
MJ Santner,10,2016,New Zealand,Pakistan
GD Elliott,10,2016,New Zealand,Pakistan
KS Williamson,84,2016,New Zealand,Pakistan
MJ Guptill,82,2016,New Zealand,Pakistan
L Ronchi,20,2016,New Zealand,Pakistan
CJ Anderson,35,2016,New Zealand,Pakistan
BB McCullum,0,2016,New Zealand,Pakistan
AF Milne,0,2016,New Zealand,Pakistan
