Babar Azam,33,2017,Pakistan,Australia
Umar Akmal,17,2017,Pakistan,Australia
Azhar Ali,24,2017,Pakistan,Australia
Mohammad Nawaz (3),1,2017,Pakistan,Australia
Mohammad Amir,8,2017,Pakistan,Australia
Hasan Ali,1,2017,Pakistan,Australia
Wahab Riaz,6,2017,Pakistan,Australia
Mohammad Hafeez,4,2017,Pakistan,Australia
Sharjeel Khan,18,2017,Pakistan,Australia
Mohammad Rizwan,21,2017,Pakistan,Australia
B Stanlake,1,2017,Pakistan,Australia
Asad Shafiq,13,2017,Pakistan,Australia
Mohammad Hafeez,72,2017,Pakistan,Australia
Babar Azam,34,2017,Pakistan,Australia
Umar Akmal,18,2017,Pakistan,Australia
Sharjeel Khan,29,2017,Pakistan,Australia
Shoaib Malik,42,2017,Pakistan,Australia
Imad Wasim,9,2017,Pakistan,Australia
Asad Shafiq,5,2017,Pakistan,Australia
Mohammad Hafeez,4,2017,Pakistan,Australia
Babar Azam,84,2017,Pakistan,Australia
Mohammad Amir,4,2017,Pakistan,Australia
Umar Akmal,39,2017,Pakistan,Australia
Sharjeel Khan,50,2017,Pakistan,Australia
Mohammad Rizwan,14,2017,Pakistan,Australia
Shoaib Malik,39,2017,Pakistan,Australia
Imad Wasim,25,2017,Pakistan,Australia
Junaid Khan,0,2017,Pakistan,Australia
Mohammad Hafeez,40,2017,Pakistan,Australia
Babar Azam,31,2017,Pakistan,Australia
Mohammad Amir,5,2017,Pakistan,Australia
Hasan Ali,8,2017,Pakistan,Australia
Umar Akmal,11,2017,Pakistan,Australia
Sharjeel Khan,74,2017,Pakistan,Australia
Mohammad Rizwan,10,2017,Pakistan,Australia
Azhar Ali,7,2017,Pakistan,Australia
Shoaib Malik,47,2017,Pakistan,Australia
Hasan Ali,13,2017,Pakistan,Australia
Mohammad Rizwan,6,2017,Pakistan,Australia
Wahab Riaz,17,2017,Pakistan,Australia
Mohammad Hafeez,3,2017,Pakistan,Australia
Babar Azam,100,2017,Pakistan,Australia
Mohammad Amir,17,2017,Pakistan,Australia
Umar Akmal,46,2017,Pakistan,Australia
Sharjeel Khan,79,2017,Pakistan,Australia
Azhar Ali,6,2017,Pakistan,Australia
Shoaib Malik,10,2017,Pakistan,Australia
MJ Henry,27,2016,Pakistan,Australia
TA Boult,1,2016,Pakistan,Australia
MJ Henry,7,2016,Pakistan,Australia
TA Boult,2,2016,Pakistan,Australia
TA Boult,1,2016,Pakistan,Australia
TA Boult,12,2016,Pakistan,New Zealand
TA Boult,16,2017,Pakistan,New Zealand
TA Boult,1,2017,Pakistan,New Zealand
AU Rashid,33,2016,Pakistan,Bangladesh
TA Boult,5,2016,Pakistan,India
MJ Henry,6,2016,Pakistan,India
TA Boult,1,2016,Pakistan,India
MJ Henry,39,2016,Pakistan,India
TA Boult,1,2016,Pakistan,India
LE Plunkett,26,2017,Pakistan,India
LE Plunkett,1,2017,Pakistan,India
Imad Wasim,24,2016,Pakistan,West Indies
Wahab Riaz,0,2016,Pakistan,West Indies
Babar Azam,120,2016,Pakistan,West Indies
Mohammad Nawaz (3),19,2016,Pakistan,West Indies
Hasan Ali,2,2016,Pakistan,West Indies
Mohammad Amir,3,2016,Pakistan,West Indies
Sarfraz Ahmed,35,2016,Pakistan,West Indies
Sharjeel Khan,54,2016,Pakistan,West Indies
Mohammad Rizwan,11,2016,Pakistan,West Indies
Azhar Ali,0,2016,Pakistan,West Indies
Shoaib Malik,6,2016,Pakistan,West Indies
Imad Wasim,11,2016,Pakistan,West Indies
Sarfraz Ahmed,60,2016,Pakistan,West Indies
Sharjeel Khan,24,2016,Pakistan,West Indies
Mohammad Rizwan,6,2016,Pakistan,West Indies
Azhar Ali,9,2016,Pakistan,West Indies
Shoaib Malik,90,2016,Pakistan,West Indies
Babar Azam,123,2016,Pakistan,West Indies
Imad Wasim,4,2016,Pakistan,West Indies
Sharjeel Khan,38,2016,Pakistan,West Indies
Mohammad Rizwan,4,2016,Pakistan,West Indies
Azhar Ali,101,2016,Pakistan,West Indies
Shoaib Malik,5,2016,Pakistan,West Indies
Mohammad Nawaz (3),4,2016,Pakistan,West Indies
Sarfraz Ahmed,24,2016,Pakistan,West Indies
Babar Azam,117,2016,Pakistan,West Indies
LE Plunkett,3,2006,Pakistan,Ireland
Inzamam-ul-Haq,42,2006,Pakistan,England
Mohammad Hafeez,1,2006,Pakistan,England
Younis Khan,55,2006,Pakistan,England
Mohammad Yousuf,49,2006,Pakistan,England
Shoaib Malik,10,2006,Pakistan,England
Shoaib Akhtar,2,2006,Pakistan,England
Naved-ul-Hasan,7,2006,Pakistan,England
Inzamam-ul-Haq,44,2006,Pakistan,England
Mohammad Hafeez,20,2006,Pakistan,England
Abdul Razzaq,16,2006,Pakistan,England
Kamran Akmal,0,2006,Pakistan,England
Younis Khan,101,2006,Pakistan,England
Mohammad Yousuf,60,2006,Pakistan,England
Shoaib Malik,1,2006,Pakistan,England
Shahid Afridi,0,2006,Pakistan,England
Shoaib Akhtar,10,2006,Pakistan,England
Naved-ul-Hasan,9,2006,Pakistan,England
Inzamam-ul-Haq,47,2006,Pakistan,England
Mohammad Hafeez,8,2006,Pakistan,England
Shahid Afridi,23,2006,Pakistan,England
Kamran Akmal,10,2006,Pakistan,England
Younis Khan,0,2006,Pakistan,England
Mohammad Yousuf,29,2006,Pakistan,England
Abdul Razzaq,75,2006,Pakistan,England
Shoaib Malik,0,2006,Pakistan,England
Iftikhar Anjum,14,2006,Pakistan,England
Naved-ul-Hasan,8,2006,Pakistan,England
Inzamam-ul-Haq,2,2006,Pakistan,England
Mohammad Hafeez,18,2006,Pakistan,England
Mohammad Asif,4,2006,Pakistan,England
Kamran Akmal,4,2006,Pakistan,England
Imran Farhat,15,2006,Pakistan,England
Younis Khan,47,2006,Pakistan,England
Mohammad Yousuf,11,2006,Pakistan,England
Abdul Razzaq,5,2006,Pakistan,England
Shahid Afridi,2,2006,Pakistan,England
LE Plunkett,14,2006,Pakistan,England
LE Plunkett,3,2006,Pakistan,England
LE Plunkett,6,2006,Pakistan,England
LE Plunkett,29,2006,Pakistan,England
LE Plunkett,9,2006,Pakistan,England
SR Clark,15,2006,Pakistan,Australia
NW Bracken,7,2006,Pakistan,Australia
NW Bracken,0,2006,Pakistan,Australia
Salman Butt,101,2006,Pakistan,India
Inzamam-ul-Haq,16,2006,Pakistan,India
Younis Khan,18,2006,Pakistan,India
Kamran Akmal,25,2006,Pakistan,India
Shahid Afridi,17,2006,Pakistan,India
Abdul Razzaq,4,2006,Pakistan,India
Naved-ul-Hasan,11,2006,Pakistan,India
Mohammad Yousuf,17,2006,Pakistan,India
Shoaib Malik,90,2006,Pakistan,India
NW Bracken,13,2006,Pakistan,Australia
Salman Butt,0,2006,Pakistan,India
Naved-ul-Hasan,6,2006,Pakistan,India
Inzamam-ul-Haq,8,2006,Pakistan,India
Umar Gul,17,2006,Pakistan,India
Mohammad Asif,2,2006,Pakistan,India
Shahid Afridi,18,2006,Pakistan,India
Kamran Akmal,14,2006,Pakistan,India
Younis Khan,81,2006,Pakistan,India
Mohammad Yousuf,1,2006,Pakistan,India
Abdul Razzaq,14,2006,Pakistan,India
Shoaib Malik,95,2006,Pakistan,India
Salman Butt,0,2006,Pakistan,India
Naved-ul-Hasan,7,2006,Pakistan,India
Inzamam-ul-Haq,16,2006,Pakistan,India
Yasir Arafat,1,2006,Pakistan,India
Shahid Afridi,19,2006,Pakistan,India
Kamran Akmal,34,2006,Pakistan,India
Younis Khan,16,2006,Pakistan,India
Mohammad Yousuf,1,2006,Pakistan,India
Abdul Razzaq,64,2006,Pakistan,India
Shoaib Malik,108,2006,Pakistan,India
Salman Butt,13,2006,Pakistan,India
Naved-ul-Hasan,13,2006,Pakistan,India
Inzamam-ul-Haq,49,2006,Pakistan,India
Mohammad Asif,6,2006,Pakistan,India
Kamran Akmal,3,2006,Pakistan,India
Imran Farhat,14,2006,Pakistan,India
Younis Khan,0,2006,Pakistan,India
Mohammad Yousuf,25,2006,Pakistan,India
Shoaib Malik,9,2006,Pakistan,India
Abdul Razzaq,1,2006,Pakistan,India
Younis Khan,74,2006,Pakistan,India
Inzamam-ul-Haq,21,2006,Pakistan,India
Yasir Arafat,10,2006,Pakistan,India
Imran Farhat,24,2006,Pakistan,India
Kamran Akmal,25,2006,Pakistan,India
Iftikhar Anjum,6,2006,Pakistan,India
Mohammad Yousuf,67,2006,Pakistan,India
Shoaib Malik,12,2006,Pakistan,India
Abdul Razzaq,24,2006,Pakistan,India
KD Mills,2,2006,Pakistan,New Zealand
LE Plunkett,14,2006,Pakistan,India
LE Plunkett,4,2006,Pakistan,India
LE Plunkett,18,2006,Pakistan,India
LE Plunkett,0,2006,Pakistan,India
LE Plunkett,6,2006,Pakistan,India
NW Bracken,16,2006,Pakistan,South Africa
NW Bracken,10,2006,Pakistan,South Africa
SR Clark,2,2006,Pakistan,South Africa
SR Clark,16,2006,Pakistan,South Africa
NW Bracken,7,2006,Pakistan,South Africa
Younis Khan,4,2006,Pakistan,Sri Lanka
Inzamam-ul-Haq,1,2006,Pakistan,Sri Lanka
Abdul Razzaq,41,2006,Pakistan,Sri Lanka
Kamran Akmal,20,2006,Pakistan,Sri Lanka
Salman Butt,4,2006,Pakistan,Sri Lanka
Mohammad Yousuf,26,2006,Pakistan,Sri Lanka
Shoaib Malik,17,2006,Pakistan,Sri Lanka
Shahid Afridi,2,2006,Pakistan,Sri Lanka
Inzamam-ul-Haq,12,2006,Pakistan,Sri Lanka
Abdul Razzaq,23,2006,Pakistan,Sri Lanka
Imran Farhat,46,2006,Pakistan,Sri Lanka
Shahid Afridi,1,2006,Pakistan,Sri Lanka
Kamran Akmal,9,2006,Pakistan,Sri Lanka
Younis Khan,25,2006,Pakistan,Sri Lanka
Shoaib Malik,46,2006,Pakistan,Sri Lanka
Mohammad Yousuf,53,2006,Pakistan,Sri Lanka
Kamran Akmal,24,2006,Pakistan,India
Inzamam-ul-Haq,40,2006,Pakistan,India
Imran Farhat,30,2006,Pakistan,India
Younis Khan,71,2006,Pakistan,India
Mohammad Yousuf,1,2006,Pakistan,India
Shoaib Malik,12,2006,Pakistan,India
Naved-ul-Hasan,27,2006,Pakistan,India
Mohammad Asif,1,2006,Pakistan,India
Inzamam-ul-Haq,79,2006,Pakistan,India
Kamran Akmal,18,2006,Pakistan,India
Imran Farhat,8,2006,Pakistan,India
Shahid Afridi,0,2006,Pakistan,India
Abdul Razzaq,1,2006,Pakistan,India
Younis Khan,5,2006,Pakistan,India
Iftikhar Anjum,11,2006,Pakistan,India
Mohammad Yousuf,5,2006,Pakistan,India
Shoaib Malik,45,2006,Pakistan,India
Naved-ul-Hasan,11,2007,Pakistan,West Indies
Inzamam-ul-Haq,36,2007,Pakistan,West Indies
Shoaib Malik,62,2007,Pakistan,West Indies
Umar Gul,0,2007,Pakistan,West Indies
Mohammad Hafeez,11,2007,Pakistan,West Indies
Kamran Akmal,0,2007,Pakistan,West Indies
Imran Nazir,6,2007,Pakistan,West Indies
Iftikhar Anjum,11,2007,Pakistan,West Indies
Mohammad Yousuf,37,2007,Pakistan,West Indies
Younis Khan,9,2007,Pakistan,West Indies
LE Plunkett,29,2007,Pakistan,England
Iftikhar Anjum,8,2007,Pakistan,Ireland
Inzamam-ul-Haq,1,2007,Pakistan,Ireland
Imran Nazir,24,2007,Pakistan,Ireland
Mohammad Hafeez,4,2007,Pakistan,Ireland
Kamran Akmal,27,2007,Pakistan,Ireland
Younis Khan,0,2007,Pakistan,Ireland
Azhar Mahmood,2,2007,Pakistan,Ireland
Mohammad Yousuf,15,2007,Pakistan,Ireland
Shoaib Malik,9,2007,Pakistan,Ireland
Umar Gul,1,2007,Pakistan,Ireland
Danish Kaneria,6,2007,Pakistan,Zimbabwe
Imran Nazir,160,2007,Pakistan,Zimbabwe
Younis Khan,28,2007,Pakistan,Zimbabwe
Mohammad Yousuf,3,2007,Pakistan,Zimbabwe
Umar Gul,10,2007,Pakistan,Zimbabwe
Inzamam-ul-Haq,37,2007,Pakistan,Zimbabwe
Shahid Afridi,16,2007,Pakistan,Zimbabwe
Kamran Akmal,15,2007,Pakistan,Zimbabwe
Iftikhar Anjum,32,2007,Pakistan,Zimbabwe
Shoaib Malik,21,2007,Pakistan,Zimbabwe
LE Plunkett,2,2007,Pakistan,West Indies
SR Clark,1,2007,Pakistan,Australia
NW Bracken,0,2007,Pakistan,Australia
SR Clark,1,2007,Pakistan,Australia
NW Bracken,14,2007,Pakistan,Australia
LE Plunkett,0,2007,Pakistan,Australia
SR Clark,15,2007,Pakistan,Australia
LE Plunkett,10,2007,Pakistan,Australia
NW Bracken,21,2007,Pakistan,Australia
LE Plunkett,25,2007,Pakistan,England
LE Plunkett,15,2007,Pakistan,England
NW Bracken,3,2007,Pakistan,Australia
LE Plunkett,8,2007,Pakistan,Australia
NW Bracken,3,2007,Pakistan,Australia
KD Mills,4,2006,Pakistan,New Zealand
Younis Khan,7,2006,Pakistan,Sri Lanka
Abdul Razzaq,38,2006,Pakistan,Sri Lanka
Imran Farhat,53,2006,Pakistan,Sri Lanka
Mohammad Hafeez,22,2006,Pakistan,Sri Lanka
Kamran Akmal,20,2006,Pakistan,Sri Lanka
Mohammad Yousuf,49,2006,Pakistan,Sri Lanka
Shoaib Malik,46,2006,Pakistan,Sri Lanka
Shahid Afridi,1,2006,Pakistan,Sri Lanka
NW Bracken,3,2006,Pakistan,Australia
KD Mills,6,2006,Pakistan,New Zealand
Naved-ul-Hasan,1,2006,Pakistan,New Zealand
Umar Gul,8,2006,Pakistan,New Zealand
Abdul Razzaq,6,2006,Pakistan,New Zealand
Imran Farhat,6,2006,Pakistan,New Zealand
Mohammad Hafeez,43,2006,Pakistan,New Zealand
Kamran Akmal,16,2006,Pakistan,New Zealand
Younis Khan,2,2006,Pakistan,New Zealand
Mohammad Yousuf,71,2006,Pakistan,New Zealand
Shoaib Malik,52,2006,Pakistan,New Zealand
Shahid Afridi,4,2006,Pakistan,New Zealand
Iftikhar Anjum,2,2006,Pakistan,South Africa
Yasir Arafat,27,2006,Pakistan,South Africa
Umar Gul,7,2006,Pakistan,South Africa
Mohammad Hafeez,1,2006,Pakistan,South Africa
Imran Farhat,4,2006,Pakistan,South Africa
Shahid Afridi,14,2006,Pakistan,South Africa
Abdul Razzaq,5,2006,Pakistan,South Africa
Shoaib Malik,0,2006,Pakistan,South Africa
Kamran Akmal,1,2006,Pakistan,South Africa
Younis Khan,7,2006,Pakistan,South Africa
Mohammad Yousuf,5,2006,Pakistan,South Africa
KD Mills,21,2006,Pakistan,Australia
NW Bracken,15,2006,Pakistan,Australia
Naved-ul-Hasan,0,2007,Pakistan,South Africa
Mohammad Hafeez,21,2007,Pakistan,South Africa
Mohammad Asif,2,2007,Pakistan,South Africa
Abdul Razzaq,6,2007,Pakistan,South Africa
Inzamam-ul-Haq,15,2007,Pakistan,South Africa
Kamran Akmal,13,2007,Pakistan,South Africa
Younis Khan,13,2007,Pakistan,South Africa
Mohammad Yousuf,39,2007,Pakistan,South Africa
Shoaib Malik,52,2007,Pakistan,South Africa
Shahid Afridi,17,2007,Pakistan,South Africa
Imran Nazir,57,2007,Pakistan,South Africa
Shahid Afridi,77,2007,Pakistan,South Africa
Inzamam-ul-Haq,13,2007,Pakistan,South Africa
Kamran Akmal,0,2007,Pakistan,South Africa
Younis Khan,93,2007,Pakistan,South Africa
Mohammad Yousuf,101,2007,Pakistan,South Africa
Naved-ul-Hasan,3,2007,Pakistan,South Africa
Inzamam-ul-Haq,45,2007,Pakistan,South Africa
Imran Nazir,0,2007,Pakistan,South Africa
Mohammad Asif,0,2007,Pakistan,South Africa
Kamran Akmal,3,2007,Pakistan,South Africa
Younis Khan,8,2007,Pakistan,South Africa
Abdur Rehman,0,2007,Pakistan,South Africa
Azhar Mahmood,1,2007,Pakistan,South Africa
Mohammad Yousuf,21,2007,Pakistan,South Africa
Abdul Razzaq,1,2007,Pakistan,South Africa
Shoaib Malik,19,2007,Pakistan,South Africa
Iftikhar Anjum,4,2007,Pakistan,South Africa
Naved-ul-Hasan,8,2007,Pakistan,South Africa
Inzamam-ul-Haq,0,2007,Pakistan,South Africa
Imran Nazir,22,2007,Pakistan,South Africa
Mohammad Hafeez,0,2007,Pakistan,South Africa
Mohammad Asif,5,2007,Pakistan,South Africa
Kamran Akmal,22,2007,Pakistan,South Africa
Younis Khan,19,2007,Pakistan,South Africa
Mohammad Yousuf,5,2007,Pakistan,South Africa
Abdul Razzaq,12,2007,Pakistan,South Africa
Shoaib Malik,43,2007,Pakistan,South Africa
NW Bracken,0,2007,Pakistan,New Zealand
SR Clark,2,2006,Pakistan,Australia
Naved-ul-Hasan,1,2006,Pakistan,West Indies
Inzamam-ul-Haq,42,2006,Pakistan,West Indies
Iftikhar Anjum,3,2006,Pakistan,West Indies
Mohammad Hafeez,0,2006,Pakistan,West Indies
Kamran Akmal,22,2006,Pakistan,West Indies
Imran Farhat,17,2006,Pakistan,West Indies
Younis Khan,24,2006,Pakistan,West Indies
Abdur Rehman,7,2006,Pakistan,West Indies
Shoaib Malik,6,2006,Pakistan,West Indies
Abdul Razzaq,17,2006,Pakistan,West Indies
Imran Farhat,58,2006,Pakistan,West Indies
Mohammad Hafeez,31,2006,Pakistan,West Indies
Kamran Akmal,23,2006,Pakistan,West Indies
Mohammad Yousuf,28,2006,Pakistan,West Indies
Shoaib Malik,21,2006,Pakistan,West Indies
Yasir Hameed,71,2006,Pakistan,West Indies
Faisal Iqbal,30,2006,Pakistan,West Indies
Mohammad Hafeez,1,2006,Pakistan,West Indies
Imran Farhat,13,2006,Pakistan,West Indies
Shahid Afridi,1,2006,Pakistan,West Indies
Kamran Akmal,11,2006,Pakistan,West Indies
Naved-ul-Hasan,18,2006,Pakistan,West Indies
Iftikhar Anjum,7,2006,Pakistan,West Indies
Abdul Razzaq,33,2006,Pakistan,West Indies
Shoaib Malik,0,2006,Pakistan,West Indies
Yasir Hameed,41,2006,Pakistan,West Indies
Mohammad Hafeez,92,2006,Pakistan,West Indies
Kamran Akmal,56,2006,Pakistan,West Indies
Shoaib Malik,34,2006,Pakistan,West Indies
Abdul Razzaq,7,2006,Pakistan,West Indies
LE Plunkett,4,2007,Pakistan,England
LE Plunkett,2,2007,Pakistan,England
Mohammad Yousuf,66,2007,Pakistan,Africa XI
Mohammad Yousuf,51,2007,Pakistan,Africa XI
Mohammad Yousuf,2,2007,Pakistan,Africa XI
KD Mills,7,2007,Pakistan,Australia
KD Mills,7,2007,Pakistan,Australia
SR Clark,0,2008,Pakistan,Australia
NW Bracken,1,2008,Pakistan,Australia
NW Bracken,1,2008,Pakistan,Australia
SR Clark,8,2008,Pakistan,Australia
NW Bracken,0,2008,Pakistan,Australia
P Kumar,6,2008,Pakistan,India
NW Bracken,14,2008,Pakistan,Australia
NW Bracken,1,2008,Pakistan,Australia
P Kumar,7,2008,Pakistan,Australia
KD Mills,7,2008,Pakistan,England
KD Mills,47,2008,Pakistan,England
KD Mills,25,2008,Pakistan,England
NW Bracken,3,2007,Pakistan,India
Salman Butt,50,2007,Pakistan,India
Misbah-ul-Haq,27,2007,Pakistan,India
Kamran Akmal,12,2007,Pakistan,India
Younis Khan,25,2007,Pakistan,India
Abdur Rehman,0,2007,Pakistan,India
Mohammad Yousuf,82,2007,Pakistan,India
Shoaib Malik,2,2007,Pakistan,India
Shahid Afridi,31,2007,Pakistan,India
Younis Khan,117,2007,Pakistan,India
Salman Butt,37,2007,Pakistan,India
Misbah-ul-Haq,49,2007,Pakistan,India
Shahid Afridi,29,2007,Pakistan,India
Kamran Akmal,13,2007,Pakistan,India
Sohail Tanvir,14,2007,Pakistan,India
Mohammad Yousuf,12,2007,Pakistan,India
Shoaib Malik,25,2007,Pakistan,India
Shoaib Akhtar,1,2007,Pakistan,India
Salman Butt,129,2007,Pakistan,India
Umar Gul,2,2007,Pakistan,India
Shahid Afridi,12,2007,Pakistan,India
Misbah-ul-Haq,38,2007,Pakistan,India
Kamran Akmal,2,2007,Pakistan,India
Younis Khan,21,2007,Pakistan,India
Abdur Rehman,2,2007,Pakistan,India
Mohammad Yousuf,16,2007,Pakistan,India
Shoaib Malik,12,2007,Pakistan,India
Salman Butt,0,2007,Pakistan,India
Misbah-ul-Haq,40,2007,Pakistan,India
Kamran Akmal,2,2007,Pakistan,India
Younis Khan,68,2007,Pakistan,India
Mohammad Yousuf,99,2007,Pakistan,India
Sohail Tanvir,6,2007,Pakistan,India
Shoaib Malik,31,2007,Pakistan,India
Shahid Afridi,1,2007,Pakistan,India
Salman Butt,36,2007,Pakistan,India
Yasir Hameed,1,2007,Pakistan,India
Sohail Tanvir,3,2007,Pakistan,India
Imran Nazir,20,2007,Pakistan,India
Misbah-ul-Haq,22,2007,Pakistan,India
Fawad Alam,32,2007,Pakistan,India
Mohammad Yousuf,74,2007,Pakistan,India
Shoaib Malik,89,2007,Pakistan,India
P Kumar,12,2007,Pakistan,India
KD Mills,9,2007,Pakistan,South Africa
KD Mills,11,2007,Pakistan,South Africa
Iftikhar Anjum,9,2007,Pakistan,South Africa
Imran Nazir,16,2007,Pakistan,South Africa
Umar Gul,1,2007,Pakistan,South Africa
Mohammad Hafeez,6,2007,Pakistan,South Africa
Misbah-ul-Haq,20,2007,Pakistan,South Africa
Shahid Afridi,47,2007,Pakistan,South Africa
Kamran Akmal,35,2007,Pakistan,South Africa
Younis Khan,12,2007,Pakistan,South Africa
Sohail Tanvir,26,2007,Pakistan,South Africa
Mohammad Yousuf,53,2007,Pakistan,South Africa
Shoaib Malik,18,2007,Pakistan,South Africa
Younis Khan,32,2007,Pakistan,South Africa
Imran Nazir,2,2007,Pakistan,South Africa
Mohammad Yousuf,117,2007,Pakistan,South Africa
Abdur Rehman,2,2007,Pakistan,South Africa
Umar Gul,8,2007,Pakistan,South Africa
Misbah-ul-Haq,21,2007,Pakistan,South Africa
Kamran Akmal,0,2007,Pakistan,South Africa
Iftikhar Anjum,0,2007,Pakistan,South Africa
Sohail Tanvir,4,2007,Pakistan,South Africa
Shoaib Malik,56,2007,Pakistan,South Africa
Shahid Afridi,6,2007,Pakistan,South Africa
Younis Khan,10,2007,Pakistan,South Africa
Yasir Hameed,18,2007,Pakistan,South Africa
Mohammad Yousuf,58,2007,Pakistan,South Africa
Misbah-ul-Haq,29,2007,Pakistan,South Africa
Shoaib Malik,42,2007,Pakistan,South Africa
Shahid Afridi,32,2007,Pakistan,South Africa
Iftikhar Anjum,2,2007,Pakistan,South Africa
Yasir Hameed,10,2007,Pakistan,South Africa
Shahid Afridi,0,2007,Pakistan,South Africa
Kamran Akmal,28,2007,Pakistan,South Africa
Younis Khan,82,2007,Pakistan,South Africa
Abdur Rehman,31,2007,Pakistan,South Africa
Mohammad Yousuf,5,2007,Pakistan,South Africa
Shoaib Malik,45,2007,Pakistan,South Africa
Misbah-ul-Haq,7,2007,Pakistan,South Africa
Umar Gul,1,2007,Pakistan,South Africa
Imran Nazir,17,2007,Pakistan,South Africa
Younis Khan,58,2007,Pakistan,South Africa
Mohammad Yousuf,53,2007,Pakistan,South Africa
Shoaib Malik,23,2007,Pakistan,South Africa
Shoaib Akhtar,0,2007,Pakistan,South Africa
Misbah-ul-Haq,19,2007,Pakistan,South Africa
Kamran Akmal,24,2007,Pakistan,South Africa
Iftikhar Anjum,0,2007,Pakistan,South Africa
Sohail Tanvir,0,2007,Pakistan,South Africa
Abdur Rehman,7,2007,Pakistan,South Africa
Shahid Afridi,9,2007,Pakistan,South Africa
KD Mills,8,2008,Pakistan,New Zealand
Salman Butt,4,2008,Pakistan,Zimbabwe
Misbah-ul-Haq,55,2008,Pakistan,Zimbabwe
Younis Khan,79,2008,Pakistan,Zimbabwe
Mohammad Yousuf,72,2008,Pakistan,Zimbabwe
Nasir Jamshed,61,2008,Pakistan,Zimbabwe
Shoaib Malik,63,2008,Pakistan,Zimbabwe
Shahid Afridi,2,2008,Pakistan,Zimbabwe
Younis Khan,35,2008,Pakistan,Zimbabwe
Misbah-ul-Haq,20,2008,Pakistan,Zimbabwe
Shahid Afridi,43,2008,Pakistan,Zimbabwe
Salman Butt,17,2008,Pakistan,Zimbabwe
Mohammad Yousuf,38,2008,Pakistan,Zimbabwe
Nasir Jamshed,74,2008,Pakistan,Zimbabwe
Shoaib Malik,4,2008,Pakistan,Zimbabwe
Salman Butt,23,2008,Pakistan,Zimbabwe
Sohail Tanvir,2,2008,Pakistan,Zimbabwe
Misbah-ul-Haq,44,2008,Pakistan,Zimbabwe
Kamran Akmal,28,2008,Pakistan,Zimbabwe
Younis Khan,10,2008,Pakistan,Zimbabwe
Mohammad Yousuf,5,2008,Pakistan,Zimbabwe
Nasir Jamshed,32,2008,Pakistan,Zimbabwe
Shoaib Malik,3,2008,Pakistan,Zimbabwe
Shahid Afridi,85,2008,Pakistan,Zimbabwe
Khalid Latif,19,2008,Pakistan,Zimbabwe
Fawad Alam,12,2008,Pakistan,Zimbabwe
Nasir Jamshed,11,2008,Pakistan,Zimbabwe
Shoaib Malik,88,2008,Pakistan,Zimbabwe
Mohammad Yousuf,108,2008,Pakistan,Zimbabwe
Younis Khan,63,2008,Pakistan,Zimbabwe
Fawad Alam,14,2008,Pakistan,Zimbabwe
Misbah-ul-Haq,31,2008,Pakistan,Zimbabwe
Khurram Manzoor,50,2008,Pakistan,Zimbabwe
Nasir Jamshed,19,2008,Pakistan,Zimbabwe
Salman Butt,0,2008,Pakistan,Hong Kong
Younis Khan,67,2008,Pakistan,Hong Kong
Sohail Tanvir,59,2008,Pakistan,Hong Kong
Umar Gul,8,2008,Pakistan,Hong Kong
Shahid Afridi,4,2008,Pakistan,Hong Kong
Iftikhar Anjum,3,2008,Pakistan,Hong Kong
Fawad Alam,63,2008,Pakistan,Hong Kong
Mohammad Yousuf,28,2008,Pakistan,Hong Kong
Shoaib Malik,35,2008,Pakistan,Hong Kong
Misbah-ul-Haq,2,2008,Pakistan,Hong Kong
Sarfraz Ahmed,7,2008,Pakistan,Hong Kong
Salman Butt,35,2008,Pakistan,India
Misbah-ul-Haq,31,2008,Pakistan,India
Younis Khan,59,2008,Pakistan,India
Mohammad Yousuf,30,2008,Pakistan,India
Sohail Tanvir,3,2008,Pakistan,India
Shoaib Malik,125,2008,Pakistan,India
Shahid Afridi,9,2008,Pakistan,India
Wahab Riaz,1,2008,Pakistan,Sri Lanka
Younis Khan,47,2008,Pakistan,Sri Lanka
Salman Butt,0,2008,Pakistan,Sri Lanka
Mansoor Amjad,5,2008,Pakistan,Sri Lanka
Misbah-ul-Haq,76,2008,Pakistan,Sri Lanka
Sarfraz Ahmed,19,2008,Pakistan,Sri Lanka
Sohail Tanvir,9,2008,Pakistan,Sri Lanka
Iftikhar Anjum,7,2008,Pakistan,Sri Lanka
Mohammad Yousuf,19,2008,Pakistan,Sri Lanka
Shoaib Malik,52,2008,Pakistan,Sri Lanka
Shahid Afridi,0,2008,Pakistan,Sri Lanka
YK Pathan,0,2008,Pakistan,India
Salman Butt,36,2008,Pakistan,India
Misbah-ul-Haq,70,2008,Pakistan,India
Younis Khan,123,2008,Pakistan,India
Mohammad Yousuf,21,2008,Pakistan,India
Nasir Jamshed,53,2008,Pakistan,India
P Kumar,1,2008,Pakistan,India
Salman Butt,56,2008,Pakistan,Bangladesh
Nasir Jamshed,52,2008,Pakistan,Bangladesh
Nazmul Hossain,0,2008,Pakistan,Australia
Nazmul Hossain,0,2008,Pakistan,Australia
P Kumar,2,2008,Pakistan,Sri Lanka
Salman Butt,33,2008,Pakistan,Bangladesh
Misbah-ul-Haq,38,2008,Pakistan,Bangladesh
Younis Khan,1,2008,Pakistan,Bangladesh
Mohammad Yousuf,108,2008,Pakistan,Bangladesh
Nasir Jamshed,20,2008,Pakistan,Bangladesh
Shoaib Malik,85,2008,Pakistan,Bangladesh
Shahid Afridi,27,2008,Pakistan,Bangladesh
Salman Butt,76,2008,Pakistan,Bangladesh
Younis Khan,13,2008,Pakistan,Bangladesh
Nasir Jamshed,21,2008,Pakistan,Bangladesh
Shoaib Malik,4,2008,Pakistan,Bangladesh
Mohammad Yousuf,32,2008,Pakistan,Bangladesh
Salman Butt,132,2008,Pakistan,Bangladesh
Fawad Alam,2,2008,Pakistan,Bangladesh
Bazid Khan,2,2008,Pakistan,Bangladesh
Misbah-ul-Haq,10,2008,Pakistan,Bangladesh
Kamran Akmal,100,2008,Pakistan,Bangladesh
Iftikhar Anjum,5,2008,Pakistan,Bangladesh
Mohammad Yousuf,2,2008,Pakistan,Bangladesh
Sohail Tanvir,1,2008,Pakistan,Bangladesh
Shoaib Malik,33,2008,Pakistan,Bangladesh
Shahid Afridi,13,2008,Pakistan,Bangladesh
Salman Butt,74,2008,Pakistan,Bangladesh
Bazid Khan,51,2008,Pakistan,Bangladesh
Fawad Alam,5,2008,Pakistan,Bangladesh
Kamran Akmal,36,2008,Pakistan,Bangladesh
Mohammad Yousuf,37,2008,Pakistan,Bangladesh
Younis Khan,69,2008,Pakistan,Bangladesh
Mohammad Yousuf,22,2008,Pakistan,Bangladesh
Umar Gul,1,2008,Pakistan,Bangladesh
Misbah-ul-Haq,35,2008,Pakistan,Bangladesh
Salman Butt,136,2008,Pakistan,Bangladesh
Wahab Riaz,3,2008,Pakistan,Bangladesh
Kamran Akmal,10,2008,Pakistan,Bangladesh
Mohammad Asif,5,2008,Pakistan,Bangladesh
Naumanullah,5,2008,Pakistan,Bangladesh
Shoaib Malik,27,2008,Pakistan,Bangladesh
Shahid Afridi,4,2008,Pakistan,Bangladesh
Salman Butt,70,2008,Pakistan,Bangladesh
Sohail Tanvir,2,2008,Pakistan,Bangladesh
Wahab Riaz,0,2008,Pakistan,Bangladesh
Shahid Afridi,20,2008,Pakistan,Bangladesh
Kamran Akmal,25,2008,Pakistan,Bangladesh
Fawad Alam,2,2008,Pakistan,Bangladesh
Mohammad Yousuf,59,2008,Pakistan,Bangladesh
Shoaib Malik,9,2008,Pakistan,Bangladesh
Misbah-ul-Haq,39,2008,Pakistan,Bangladesh
Umar Gul,0,2008,Pakistan,Bangladesh
YK Pathan,3,2008,Pakistan,India
Salman Butt,9,2008,Pakistan,India
Iftikhar Anjum,16,2008,Pakistan,India
Umar Gul,7,2008,Pakistan,India
Misbah-ul-Haq,24,2008,Pakistan,India
Shahid Afridi,23,2008,Pakistan,India
Kamran Akmal,38,2008,Pakistan,India
Younis Khan,0,2008,Pakistan,India
Sohail Tanvir,6,2008,Pakistan,India
Mohammad Yousuf,11,2008,Pakistan,India
Shoaib Malik,53,2008,Pakistan,India
Wahab Riaz,0,2008,Pakistan,India
P Kumar,6,2008,Pakistan,India
Salman Butt,129,2008,Pakistan,India
YK Pathan,25,2008,Pakistan,India
Misbah-ul-Haq,33,2008,Pakistan,India
Kamran Akmal,15,2008,Pakistan,India
Younis Khan,108,2008,Pakistan,India
Shoaib Malik,11,2008,Pakistan,India
Shahid Afridi,10,2008,Pakistan,India
P Kumar,5,2008,Pakistan,India
AU Rashid,31,2009,Pakistan,England
AU Rashid,4,2009,Pakistan,England
AU Rashid,18,2009,Pakistan,England
NW Bracken,5,2009,Pakistan,South Africa
NW Bracken,0,2009,Pakistan,South Africa
NW Bracken,12,2009,Pakistan,Australia
NW Bracken,6,2009,Pakistan,Australia
NW Bracken,5,2009,Pakistan,Australia
KD Mills,26,2009,Pakistan,Australia
NW Bracken,0,2009,Pakistan,Australia
KD Mills,2,2009,Pakistan,Australia
NW Bracken,3,2009,Pakistan,Australia
KD Mills,23,2009,Pakistan,Australia
YK Pathan,0,2008,Pakistan,India
YK Pathan,50,2008,Pakistan,India
YK Pathan,12,2008,Pakistan,India
YK Pathan,6,2008,Pakistan,India
P Kumar,2,2008,Pakistan,Sri Lanka
YK Pathan,20,2009,Pakistan,New Zealand
KD Mills,0,2009,Pakistan,New Zealand
YK Pathan,0,2009,Pakistan,New Zealand
P Kumar,6,2009,Pakistan,New Zealand
YK Pathan,1,2009,Pakistan,New Zealand
KD Mills,54,2009,Pakistan,New Zealand
Salman Butt,24,2008,Pakistan,West Indies
Younis Khan,56,2008,Pakistan,West Indies
Misbah-ul-Haq,7,2008,Pakistan,West Indies
Shahid Afridi,4,2008,Pakistan,West Indies
Kamran Akmal,24,2008,Pakistan,West Indies
Khurram Manzoor,69,2008,Pakistan,West Indies
Fawad Alam,26,2008,Pakistan,West Indies
Shoaib Malik,66,2008,Pakistan,West Indies
Iftikhar Anjum,7,2008,Pakistan,West Indies
Saeed Ajmal,4,2008,Pakistan,West Indies
Younis Khan,34,2008,Pakistan,West Indies
Umar Gul,13,2008,Pakistan,West Indies
Misbah-ul-Haq,52,2008,Pakistan,West Indies
Shoaib Malik,10,2008,Pakistan,West Indies
Salman Butt,7,2008,Pakistan,West Indies
Kamran Akmal,45,2008,Pakistan,West Indies
Khurram Manzoor,0,2008,Pakistan,West Indies
Sohail Tanvir,26,2008,Pakistan,West Indies
Shahid Afridi,28,2008,Pakistan,West Indies
YK Pathan,40,2009,Pakistan,West Indies
YK Pathan,0,2009,Pakistan,West Indies
P Kumar,1,2009,Pakistan,West Indies
YK Pathan,1,2009,Pakistan,West Indies
Nazmul Hossain,3,2009,Pakistan,Bangladesh
AU Rashid,7,2009,Pakistan,Ireland
Salman Butt,100,2009,Pakistan,Sri Lanka
Shoaib Malik,11,2009,Pakistan,Sri Lanka
Khurram Manzoor,83,2009,Pakistan,Sri Lanka
Younis Khan,20,2009,Pakistan,Sri Lanka
Younis Khan,4,2009,Pakistan,Sri Lanka
Salman Butt,62,2009,Pakistan,Sri Lanka
Umar Gul,0,2009,Pakistan,Sri Lanka
Misbah-ul-Haq,1,2009,Pakistan,Sri Lanka
Kamran Akmal,6,2009,Pakistan,Sri Lanka
Shoaib Akhtar,1,2009,Pakistan,Sri Lanka
Khurram Manzoor,1,2009,Pakistan,Sri Lanka
Iftikhar Anjum,5,2009,Pakistan,Sri Lanka
Sohail Tanvir,1,2009,Pakistan,Sri Lanka
Shoaib Malik,54,2009,Pakistan,Sri Lanka
Shahid Afridi,14,2009,Pakistan,Sri Lanka
Khurram Manzoor,3,2009,Pakistan,Sri Lanka
Salman Butt,0,2009,Pakistan,Sri Lanka
Umar Gul,27,2009,Pakistan,Sri Lanka
Misbah-ul-Haq,0,2009,Pakistan,Sri Lanka
Saeed Ajmal,2,2009,Pakistan,Sri Lanka
Kamran Akmal,9,2009,Pakistan,Sri Lanka
Younis Khan,4,2009,Pakistan,Sri Lanka
Iftikhar Anjum,0,2009,Pakistan,Sri Lanka
Sohail Khan,4,2009,Pakistan,Sri Lanka
Shoaib Malik,19,2009,Pakistan,Sri Lanka
Shahid Afridi,0,2009,Pakistan,Sri Lanka
YK Pathan,21,2009,Pakistan,Sri Lanka
P Kumar,15,2009,Pakistan,Sri Lanka
YK Pathan,59,2009,Pakistan,Sri Lanka
YK Pathan,0,2009,Pakistan,Sri Lanka
YK Pathan,3,2009,Pakistan,Sri Lanka
Nasir Jamshed,9,2009,Pakistan,Australia
SR Clark,2,2009,Pakistan,Australia
Salman Butt,5,2009,Pakistan,Australia
Umar Gul,8,2009,Pakistan,Australia
Kamran Akmal,48,2009,Pakistan,Australia
Misbah-ul-Haq,30,2009,Pakistan,Australia
NW Bracken,1,2009,Pakistan,Australia
Younis Khan,11,2009,Pakistan,Australia
Shoaib Malik,24,2009,Pakistan,Australia
Shahid Afridi,24,2009,Pakistan,Australia
Salman Butt,57,2009,Pakistan,Australia
Shoaib Akhtar,25,2009,Pakistan,Australia
Iftikhar Anjum,1,2009,Pakistan,Australia
Ahmed Shehzad,4,2009,Pakistan,Australia
Shahid Afridi,41,2009,Pakistan,Australia
Saeed Ajmal,0,2009,Pakistan,Australia
Kamran Akmal,19,2009,Pakistan,Australia
Younis Khan,28,2009,Pakistan,Australia
Umar Gul,10,2009,Pakistan,Australia
Misbah-ul-Haq,12,2009,Pakistan,Australia
Shoaib Malik,7,2009,Pakistan,Australia
Salman Butt,48,2009,Pakistan,Australia
Ahmed Shehzad,40,2009,Pakistan,Australia
Umar Gul,0,2009,Pakistan,Australia
Yasir Arafat,3,2009,Pakistan,Australia
Kamran Akmal,8,2009,Pakistan,Australia
Misbah-ul-Haq,9,2009,Pakistan,Australia
Saeed Ajmal,0,2009,Pakistan,Australia
NW Bracken,2,2009,Pakistan,Australia
Younis Khan,0,2009,Pakistan,Australia
Shoaib Malik,30,2009,Pakistan,Australia
Shahid Afridi,6,2009,Pakistan,Australia
Sohail Tanvir,11,2009,Pakistan,Australia
Salman Butt,2,2009,Pakistan,Australia
Shoaib Akhtar,2,2009,Pakistan,Australia
Yasir Arafat,23,2009,Pakistan,Australia
Ahmed Shehzad,43,2009,Pakistan,Australia
Misbah-ul-Haq,34,2009,Pakistan,Australia
Saeed Ajmal,0,2009,Pakistan,Australia
Kamran Akmal,1,2009,Pakistan,Australia
Younis Khan,7,2009,Pakistan,Australia
Sohail Tanvir,9,2009,Pakistan,Australia
Shoaib Malik,27,2009,Pakistan,Australia
Shahid Afridi,40,2009,Pakistan,Australia
Kamran Akmal,116,2009,Pakistan,Australia
Younis Khan,27,2009,Pakistan,Australia
Ahmed Shehzad,19,2009,Pakistan,Australia
Misbah-ul-Haq,76,2009,Pakistan,Australia
Mohammad Amir,23,2009,Pakistan,Sri Lanka
Abdul Razzaq,17,2009,Pakistan,Sri Lanka
Shahid Afridi,27,2009,Pakistan,Sri Lanka
Misbah-ul-Haq,9,2009,Pakistan,Sri Lanka
Kamran Akmal,20,2009,Pakistan,Sri Lanka
Umar Gul,33,2009,Pakistan,Sri Lanka
Younis Khan,12,2009,Pakistan,Sri Lanka
Fawad Alam,31,2009,Pakistan,Sri Lanka
Mohammad Yousuf,4,2009,Pakistan,Sri Lanka
Shoaib Malik,9,2009,Pakistan,Sri Lanka
Saeed Ajmal,16,2009,Pakistan,Sri Lanka
Umar Gul,14,2009,Pakistan,Sri Lanka
Mohammad Amir,24,2009,Pakistan,Sri Lanka
Shahid Afridi,7,2009,Pakistan,Sri Lanka
Umar Akmal,18,2009,Pakistan,Sri Lanka
Kamran Akmal,13,2009,Pakistan,Sri Lanka
Younis Khan,23,2009,Pakistan,Sri Lanka
Fawad Alam,10,2009,Pakistan,Sri Lanka
Nasir Jamshed,0,2009,Pakistan,Sri Lanka
Abdul Razzaq,17,2009,Pakistan,Sri Lanka
Shoaib Malik,0,2009,Pakistan,Sri Lanka
Naved-ul-Hasan,30,2009,Pakistan,Sri Lanka
Mohammad Amir,4,2009,Pakistan,Sri Lanka
Shahid Afridi,32,2009,Pakistan,Sri Lanka
Umar Akmal,66,2009,Pakistan,Sri Lanka
Kamran Akmal,45,2009,Pakistan,Sri Lanka
Younis Khan,44,2009,Pakistan,Sri Lanka
Fawad Alam,13,2009,Pakistan,Sri Lanka
Nasir Jamshed,1,2009,Pakistan,Sri Lanka
Abdul Razzaq,30,2009,Pakistan,Sri Lanka
Shoaib Malik,12,2009,Pakistan,Sri Lanka
Imran Nazir,23,2009,Pakistan,Sri Lanka
Misbah-ul-Haq,9,2009,Pakistan,Sri Lanka
Umar Akmal,102,2009,Pakistan,Sri Lanka
Kamran Akmal,57,2009,Pakistan,Sri Lanka
Younis Khan,89,2009,Pakistan,Sri Lanka
Mohammad Yousuf,6,2009,Pakistan,Sri Lanka
Shahid Afridi,2,2009,Pakistan,Sri Lanka
Naved-ul-Hasan,33,2009,Pakistan,Sri Lanka
Imran Nazir,35,2009,Pakistan,Sri Lanka
Misbah-ul-Haq,73,2009,Pakistan,Sri Lanka
Umar Akmal,6,2009,Pakistan,Sri Lanka
Kamran Akmal,0,2009,Pakistan,Sri Lanka
Younis Khan,76,2009,Pakistan,Sri Lanka
Mohammad Yousuf,43,2009,Pakistan,Sri Lanka
Shahid Afridi,5,2009,Pakistan,Sri Lanka
YK Pathan,1,2009,Pakistan,Sri Lanka
KD Mills,6,2009,Pakistan,India
YK Pathan,0,2009,Pakistan,Sri Lanka
Salman Butt,72,2010,Pakistan,Australia
Naved-ul-Hasan,8,2010,Pakistan,Australia
Saeed Ajmal,2,2010,Pakistan,Australia
Mohammad Amir,0,2010,Pakistan,Australia
Mohammad Asif,0,2010,Pakistan,Australia
Umar Akmal,23,2010,Pakistan,Australia
Kamran Akmal,34,2010,Pakistan,Australia
Younis Khan,46,2010,Pakistan,Australia
Mohammad Yousuf,2,2010,Pakistan,Australia
Shoaib Malik,28,2010,Pakistan,Australia
Shahid Afridi,48,2010,Pakistan,Australia
Salman Butt,2,2010,Pakistan,Australia
Saeed Ajmal,3,2010,Pakistan,Australia
Umar Gul,1,2010,Pakistan,Australia
Mohammad Amir,4,2010,Pakistan,Australia
Shahid Afridi,9,2010,Pakistan,Australia
Umar Akmal,0,2010,Pakistan,Australia
Kamran Akmal,16,2010,Pakistan,Australia
Naved-ul-Hasan,27,2010,Pakistan,Australia
Younis Khan,0,2010,Pakistan,Australia
Mohammad Yousuf,58,2010,Pakistan,Australia
Shoaib Malik,2,2010,Pakistan,Australia
Salman Butt,34,2010,Pakistan,Australia
Saeed Ajmal,8,2010,Pakistan,Australia
Fawad Alam,33,2010,Pakistan,Australia
Mohammad Asif,1,2010,Pakistan,Australia
Umar Gul,0,2010,Pakistan,Australia
Umar Akmal,59,2010,Pakistan,Australia
Kamran Akmal,1,2010,Pakistan,Australia
Naved-ul-Hasan,33,2010,Pakistan,Australia
Younis Khan,12,2010,Pakistan,Australia
Mohammad Yousuf,11,2010,Pakistan,Australia
Shahid Afridi,40,2010,Pakistan,Australia
Salman Butt,0,2010,Pakistan,Australia
Saeed Ajmal,7,2010,Pakistan,Australia
Fawad Alam,21,2010,Pakistan,Australia
Mohammad Asif,0,2010,Pakistan,Australia
Umar Akmal,38,2010,Pakistan,Australia
Kamran Akmal,17,2010,Pakistan,Australia
Naved-ul-Hasan,0,2010,Pakistan,Australia
Younis Khan,6,2010,Pakistan,Australia
Mohammad Yousuf,10,2010,Pakistan,Australia
Iftikhar Anjum,5,2010,Pakistan,Australia
Shahid Afridi,29,2010,Pakistan,Australia
Salman Butt,0,2010,Pakistan,Australia
Khalid Latif,0,2010,Pakistan,Australia
Naved-ul-Hasan,8,2010,Pakistan,Australia
Fawad Alam,63,2010,Pakistan,Australia
Sarfraz Ahmed,6,2010,Pakistan,Australia
Umar Akmal,67,2010,Pakistan,Australia
Younis Khan,3,2010,Pakistan,Australia
Iftikhar Anjum,16,2010,Pakistan,Australia
Shoaib Malik,36,2010,Pakistan,Australia
Shahid Afridi,1,2010,Pakistan,Australia
Nazmul Hossain,1,2009,Pakistan,Zimbabwe
Umar Akmal,41,2009,Pakistan,West Indies
Imran Nazir,5,2009,Pakistan,West Indies
Misbah-ul-Haq,6,2009,Pakistan,West Indies
Kamran Akmal,5,2009,Pakistan,West Indies
Shahid Afridi,17,2009,Pakistan,West Indies
Mohammad Yousuf,23,2009,Pakistan,West Indies
Shoaib Malik,23,2009,Pakistan,West Indies
KD Mills,0,2009,Pakistan,South Africa
Naved-ul-Hasan,11,2009,Pakistan,India
YK Pathan,5,2009,Pakistan,India
Imran Nazir,20,2009,Pakistan,India
Mohammad Amir,0,2009,Pakistan,India
Shahid Afridi,4,2009,Pakistan,India
Umar Akmal,0,2009,Pakistan,India
Kamran Akmal,19,2009,Pakistan,India
Younis Khan,20,2009,Pakistan,India
Mohammad Yousuf,87,2009,Pakistan,India
Shoaib Malik,128,2009,Pakistan,India
Umar Gul,0,2009,Pakistan,India
KD Mills,18,2009,Pakistan,New Zealand
Naved-ul-Hasan,7,2009,Pakistan,Australia
Misbah-ul-Haq,41,2009,Pakistan,Australia
Umar Akmal,2,2009,Pakistan,Australia
Kamran Akmal,44,2009,Pakistan,Australia
Younis Khan,18,2009,Pakistan,Australia
Mohammad Yousuf,45,2009,Pakistan,Australia
Shoaib Malik,27,2009,Pakistan,Australia
Shahid Afridi,15,2009,Pakistan,Australia
Naved-ul-Hasan,8,2009,Pakistan,New Zealand
Saeed Ajmal,14,2009,Pakistan,New Zealand
Imran Nazir,28,2009,Pakistan,New Zealand
Mohammad Amir,19,2009,Pakistan,New Zealand
Shahid Afridi,4,2009,Pakistan,New Zealand
Umar Akmal,55,2009,Pakistan,New Zealand
Kamran Akmal,24,2009,Pakistan,New Zealand
Younis Khan,15,2009,Pakistan,New Zealand
Mohammad Yousuf,45,2009,Pakistan,New Zealand
Shoaib Malik,2,2009,Pakistan,New Zealand
Umar Gul,6,2009,Pakistan,New Zealand
KD Mills,12,2009,Pakistan,Australia
P Kumar,40,2009,Pakistan,India
P Kumar,1,2009,Pakistan,India
P Kumar,16,2009,Pakistan,India
P Kumar,9,2009,Pakistan,India
P Kumar,54,2009,Pakistan,India
Nazmul Hossain,1,2009,Pakistan,Bangladesh
Mohammad Irfan,3,2010,Pakistan,England
Umar Akmal,43,2010,Pakistan,England
Shoaib Akhtar,0,2010,Pakistan,England
Asad Shafiq,19,2010,Pakistan,England
Mohammad Hafeez,30,2010,Pakistan,England
Kamran Akmal,53,2010,Pakistan,England
Fawad Alam,39,2010,Pakistan,England
Mohammad Yousuf,8,2010,Pakistan,England
Umar Gul,18,2010,Pakistan,England
Saeed Ajmal,9,2010,Pakistan,England
Shahid Afridi,19,2010,Pakistan,England
Saeed Ajmal,4,2010,Pakistan,England
Asad Shafiq,50,2010,Pakistan,England
Mohammad Hafeez,43,2010,Pakistan,England
Umar Akmal,28,2010,Pakistan,England
Kamran Akmal,74,2010,Pakistan,England
Fawad Alam,20,2010,Pakistan,England
Mohammad Yousuf,46,2010,Pakistan,England
Umar Gul,3,2010,Pakistan,England
Shahid Afridi,9,2010,Pakistan,England
Asad Shafiq,40,2010,Pakistan,England
Saeed Ajmal,2,2010,Pakistan,England
Fawad Alam,64,2010,Pakistan,England
Mohammad Yousuf,16,2010,Pakistan,England
Abdul Razzaq,31,2010,Pakistan,England
Umar Gul,14,2010,Pakistan,England
Shoaib Akhtar,6,2010,Pakistan,England
Umar Akmal,14,2010,Pakistan,England
Mohammad Hafeez,1,2010,Pakistan,England
Kamran Akmal,5,2010,Pakistan,England
Shahid Afridi,34,2010,Pakistan,England
Asad Shafiq,11,2010,Pakistan,England
Mohammad Hafeez,64,2010,Pakistan,England
Shahid Afridi,37,2010,Pakistan,England
Umar Akmal,21,2010,Pakistan,England
Kamran Akmal,28,2010,Pakistan,England
Fawad Alam,29,2010,Pakistan,England
Mohammad Yousuf,3,2010,Pakistan,England
Abdul Razzaq,44,2010,Pakistan,England
Umar Gul,5,2010,Pakistan,England
Shoaib Akhtar,0,2010,Pakistan,England
Saeed Ajmal,2,2010,Pakistan,England
Asad Shafiq,0,2010,Pakistan,England
Umar Gul,6,2010,Pakistan,England
Mohammad Hafeez,29,2010,Pakistan,England
Umar Akmal,19,2010,Pakistan,England
Kamran Akmal,41,2010,Pakistan,England
Fawad Alam,1,2010,Pakistan,England
Mohammad Yousuf,20,2010,Pakistan,England
Abdul Razzaq,11,2010,Pakistan,England
Shahid Afridi,0,2010,Pakistan,England
Saeed Ajmal,0,2009,Pakistan,New Zealand
Younis Khan,0,2009,Pakistan,New Zealand
Mohammad Yousuf,30,2009,Pakistan,New Zealand
Abdul Razzaq,26,2009,Pakistan,New Zealand
Umar Gul,0,2009,Pakistan,New Zealand
Salman Butt,0,2009,Pakistan,New Zealand
Khalid Latif,64,2009,Pakistan,New Zealand
Umar Akmal,9,2009,Pakistan,New Zealand
Mohammad Amir,0,2009,Pakistan,New Zealand
Kamran Akmal,67,2009,Pakistan,New Zealand
Shahid Afridi,70,2009,Pakistan,New Zealand
Salman Butt,59,2009,Pakistan,New Zealand
Khalid Latif,45,2009,Pakistan,New Zealand
KD Mills,4,2009,Pakistan,New Zealand
Shoaib Malik,26,2009,Pakistan,New Zealand
Abdul Razzaq,35,2009,Pakistan,New Zealand
Umar Gul,4,2009,Pakistan,New Zealand
Saeed Ajmal,3,2009,Pakistan,New Zealand
Kamran Akmal,4,2009,Pakistan,New Zealand
Mohammad Yousuf,18,2009,Pakistan,New Zealand
Younis Khan,19,2009,Pakistan,New Zealand
Shahid Afridi,0,2009,Pakistan,New Zealand
Mohammad Amir,12,2009,Pakistan,New Zealand
KD Mills,4,2009,Pakistan,New Zealand
Umar Akmal,12,2009,Pakistan,New Zealand
Younis Khan,3,2009,Pakistan,New Zealand
Abdul Razzaq,0,2009,Pakistan,New Zealand
Umar Gul,6,2009,Pakistan,New Zealand
Salman Butt,25,2009,Pakistan,New Zealand
Khalid Latif,19,2009,Pakistan,New Zealand
Saeed Ajmal,33,2009,Pakistan,New Zealand
Mohammad Amir,73,2009,Pakistan,New Zealand
Kamran Akmal,4,2009,Pakistan,New Zealand
Shoaib Malik,11,2009,Pakistan,New Zealand
Shahid Afridi,5,2009,Pakistan,New Zealand
P Kumar,5,2009,Pakistan,India
YK Pathan,8,2011,Pakistan,Bangladesh
Ahmed Shehzad,1,2011,Pakistan,Kenya
Mohammad Hafeez,9,2011,Pakistan,Kenya
Misbah-ul-Haq,65,2011,Pakistan,Kenya
Umar Akmal,71,2011,Pakistan,Kenya
Kamran Akmal,55,2011,Pakistan,Kenya
Younis Khan,50,2011,Pakistan,Kenya
Abdur Rehman,5,2011,Pakistan,Kenya
Abdul Razzaq,8,2011,Pakistan,Kenya
Shahid Afridi,7,2011,Pakistan,Kenya
Ahmed Shehzad,13,2011,Pakistan,Sri Lanka
Mohammad Hafeez,32,2011,Pakistan,Sri Lanka
Umar Akmal,10,2011,Pakistan,Sri Lanka
Kamran Akmal,39,2011,Pakistan,Sri Lanka
Younis Khan,72,2011,Pakistan,Sri Lanka
Abdul Razzaq,3,2011,Pakistan,Sri Lanka
Misbah-ul-Haq,83,2011,Pakistan,Sri Lanka
Shahid Afridi,16,2011,Pakistan,Sri Lanka
Ahmed Shehzad,12,2011,Pakistan,Canada
Shahid Afridi,20,2011,Pakistan,Canada
Saeed Ajmal,0,2011,Pakistan,Canada
Younis Khan,6,2011,Pakistan,Canada
Abdul Razzaq,8,2011,Pakistan,Canada
Umar Gul,2,2011,Pakistan,Canada
Umar Akmal,48,2011,Pakistan,Canada
Wahab Riaz,0,2011,Pakistan,Canada
Mohammad Hafeez,11,2011,Pakistan,Canada
Misbah-ul-Haq,37,2011,Pakistan,Canada
Kamran Akmal,16,2011,Pakistan,Canada
YK Pathan,30,2011,Pakistan,India
Shoaib Akhtar,0,2011,Pakistan,New Zealand
Umar Akmal,38,2011,Pakistan,New Zealand
KD Mills,7,2011,Pakistan,New Zealand
Ahmed Shehzad,10,2011,Pakistan,New Zealand
Mohammad Hafeez,5,2011,Pakistan,New Zealand
Kamran Akmal,8,2011,Pakistan,New Zealand
Umar Gul,34,2011,Pakistan,New Zealand
Younis Khan,0,2011,Pakistan,New Zealand
Abdur Rehman,1,2011,Pakistan,New Zealand
Misbah-ul-Haq,7,2011,Pakistan,New Zealand
Abdul Razzaq,62,2011,Pakistan,New Zealand
Shahid Afridi,17,2011,Pakistan,New Zealand
YK Pathan,11,2011,Pakistan,India
YK Pathan,0,2011,Pakistan,India
Ahmed Shehzad,8,2011,Pakistan,Zimbabwe
Asad Shafiq,78,2011,Pakistan,Zimbabwe
Mohammad Hafeez,49,2011,Pakistan,Zimbabwe
Younis Khan,13,2011,Pakistan,Zimbabwe
Shahid Afridi,3,2011,Pakistan,Zimbabwe
Mohammad Hafeez,5,2011,Pakistan,Australia
Kamran Akmal,23,2011,Pakistan,Australia
Umar Akmal,44,2011,Pakistan,Australia
Asad Shafiq,46,2011,Pakistan,Australia
Abdul Razzaq,20,2011,Pakistan,Australia
Misbah-ul-Haq,0,2011,Pakistan,Australia
Younis Khan,31,2011,Pakistan,Australia
Shahid Afridi,2,2011,Pakistan,Australia
LL Tsotsobe,4,2011,Pakistan,Bangladesh
YK Pathan,11,2011,Pakistan,India
Kamran Akmal,47,2011,Pakistan,West Indies
Mohammad Hafeez,61,2011,Pakistan,West Indies
Wahab Riaz,8,2011,Pakistan,India
Younis Khan,13,2011,Pakistan,India
Umar Akmal,29,2011,Pakistan,India
Umar Gul,2,2011,Pakistan,India
Asad Shafiq,30,2011,Pakistan,India
Mohammad Hafeez,43,2011,Pakistan,India
Misbah-ul-Haq,56,2011,Pakistan,India
Kamran Akmal,19,2011,Pakistan,India
Abdul Razzaq,3,2011,Pakistan,India
Saeed Ajmal,1,2011,Pakistan,India
Shahid Afridi,19,2011,Pakistan,India
LL Tsotsobe,4,2010,Pakistan,West Indies
YK Pathan,18,2010,Pakistan,India
P Kumar,13,2010,Pakistan,India
YK Pathan,36,2010,Pakistan,India
YK Pathan,5,2010,Pakistan,India
LE Plunkett,20,2011,Pakistan,Australia
YK Pathan,11,2010,Pakistan,Zimbabwe
YK Pathan,15,2010,Pakistan,Zimbabwe
YK Pathan,44,2010,Pakistan,India
Umar Akmal,30,2010,Pakistan,Sri Lanka
Mohammad Asif,0,2010,Pakistan,Sri Lanka
Abdul Razzaq,26,2010,Pakistan,Sri Lanka
Salman Butt,0,2010,Pakistan,Sri Lanka
Shoaib Akhtar,1,2010,Pakistan,Sri Lanka
Shahzaib Hasan,11,2010,Pakistan,Sri Lanka
Mohammad Amir,5,2010,Pakistan,Sri Lanka
Umar Amin,7,2010,Pakistan,Sri Lanka
Kamran Akmal,14,2010,Pakistan,Sri Lanka
Shoaib Malik,8,2010,Pakistan,Sri Lanka
Shahid Afridi,109,2010,Pakistan,Sri Lanka
Salman Butt,74,2010,Pakistan,India
Shoaib Akhtar,3,2010,Pakistan,India
Saeed Ajmal,0,2010,Pakistan,India
Mohammad Amir,3,2010,Pakistan,India
Imran Farhat,25,2010,Pakistan,India
Shahid Afridi,32,2010,Pakistan,India
Umar Akmal,21,2010,Pakistan,India
Kamran Akmal,51,2010,Pakistan,India
Umar Amin,5,2010,Pakistan,India
Abdul Razzaq,3,2010,Pakistan,India
P Kumar,3,2010,Pakistan,India
Shoaib Malik,39,2010,Pakistan,India
Shahzaib Hasan,50,2010,Pakistan,Bangladesh
Asad Shafiq,17,2010,Pakistan,Bangladesh
Imran Farhat,66,2010,Pakistan,Bangladesh
Umar Akmal,50,2010,Pakistan,Bangladesh
Kamran Akmal,23,2010,Pakistan,Bangladesh
Umar Amin,22,2010,Pakistan,Bangladesh
Abdur Rehman,1,2010,Pakistan,Bangladesh
Abdul Razzaq,21,2010,Pakistan,Bangladesh
Shahid Afridi,124,2010,Pakistan,Bangladesh
P Kumar,0,2010,Pakistan,Sri Lanka
KD Mills,9,2010,Pakistan,India
P Kumar,1,2010,Pakistan,India
KD Mills,11,2010,Pakistan,Sri Lanka
KD Mills,52,2010,Pakistan,India
P Kumar,6,2010,Pakistan,India
P Kumar,0,2010,Pakistan,Sri Lanka
P Kumar,14,2010,Pakistan,Sri Lanka
Shoaib Akhtar,6,2010,Pakistan,South Africa
Asad Shafiq,19,2010,Pakistan,South Africa
Umar Gul,3,2010,Pakistan,South Africa
Mohammad Hafeez,68,2010,Pakistan,South Africa
Misbah-ul-Haq,14,2010,Pakistan,South Africa
Saeed Ajmal,3,2010,Pakistan,South Africa
Zulqarnain Haider,12,2010,Pakistan,South Africa
Younis Khan,54,2010,Pakistan,South Africa
Fawad Alam,9,2010,Pakistan,South Africa
Abdul Razzaq,2,2010,Pakistan,South Africa
Shahid Afridi,1,2010,Pakistan,South Africa
Wahab Riaz,0,2010,Pakistan,South Africa
Fawad Alam,48,2010,Pakistan,South Africa
Asad Shafiq,1,2010,Pakistan,South Africa
Abdul Razzaq,109,2010,Pakistan,South Africa
Mohammad Hafeez,30,2010,Pakistan,South Africa
Saeed Ajmal,1,2010,Pakistan,South Africa
Zulqarnain Haider,6,2010,Pakistan,South Africa
Shoaib Akhtar,0,2010,Pakistan,South Africa
Younis Khan,18,2010,Pakistan,South Africa
Misbah-ul-Haq,17,2010,Pakistan,South Africa
Shahid Afridi,49,2010,Pakistan,South Africa
Asad Shafiq,43,2010,Pakistan,South Africa
Younis Khan,0,2010,Pakistan,South Africa
Fawad Alam,59,2010,Pakistan,South Africa
Mohammad Hafeez,4,2010,Pakistan,South Africa
Imran Farhat,47,2010,Pakistan,South Africa
Zulqarnain Haider,11,2010,Pakistan,South Africa
Shoaib Akhtar,1,2010,Pakistan,South Africa
Abdul Razzaq,12,2010,Pakistan,South Africa
Wahab Riaz,21,2010,Pakistan,South Africa
Saeed Ajmal,2,2010,Pakistan,South Africa
Shahid Afridi,7,2010,Pakistan,South Africa
Wahab Riaz,18,2010,Pakistan,South Africa
Asad Shafiq,36,2010,Pakistan,South Africa
Fawad Alam,6,2010,Pakistan,South Africa
Mohammad Hafeez,42,2010,Pakistan,South Africa
Imran Farhat,2,2010,Pakistan,South Africa
Zulqarnain Haider,19,2010,Pakistan,South Africa
Abdur Rehman,0,2010,Pakistan,South Africa
Younis Khan,73,2010,Pakistan,South Africa
Abdul Razzaq,33,2010,Pakistan,South Africa
Shahid Afridi,29,2010,Pakistan,South Africa
Wahab Riaz,9,2010,Pakistan,South Africa
Umar Akmal,60,2010,Pakistan,South Africa
Shahzaib Hasan,39,2010,Pakistan,South Africa
Fawad Alam,1,2010,Pakistan,South Africa
Mohammad Hafeez,59,2010,Pakistan,South Africa
Shoaib Akhtar,1,2010,Pakistan,South Africa
Abdur Rehman,9,2010,Pakistan,South Africa
Younis Khan,3,2010,Pakistan,South Africa
Mohammad Yousuf,3,2010,Pakistan,South Africa
Abdul Razzaq,39,2010,Pakistan,South Africa
Shahid Afridi,24,2010,Pakistan,South Africa
LL Tsotsobe,1,2011,Pakistan,South Africa
LL Tsotsobe,1,2011,Pakistan,South Africa
LL Tsotsobe,0,2011,Pakistan,South Africa
YK Pathan,59,2011,Pakistan,South Africa
YK Pathan,2,2011,Pakistan,South Africa
LL Tsotsobe,0,2011,Pakistan,South Africa
YK Pathan,105,2011,Pakistan,South Africa
YK Pathan,29,2010,Pakistan,India
KD Mills,32,2010,Pakistan,India
KD Mills,13,2010,Pakistan,India
KD Mills,15,2010,Pakistan,India
YK Pathan,123,2010,Pakistan,India
KD Mills,1,2010,Pakistan,India
KD Mills,4,2010,Pakistan,India
Shoaib Akhtar,1,2011,Pakistan,New Zealand
Asad Shafiq,4,2011,Pakistan,New Zealand
Mohammad Hafeez,0,2011,Pakistan,New Zealand
Misbah-ul-Haq,50,2011,Pakistan,New Zealand
Umar Akmal,0,2011,Pakistan,New Zealand
Kamran Akmal,8,2011,Pakistan,New Zealand
Younis Khan,24,2011,Pakistan,New Zealand
Abdur Rehman,0,2011,Pakistan,New Zealand
Sohail Tanvir,6,2011,Pakistan,New Zealand
Abdul Razzaq,6,2011,Pakistan,New Zealand
Shahid Afridi,15,2011,Pakistan,New Zealand
KD Mills,17,2011,Pakistan,New Zealand
Wahab Riaz,1,2011,Pakistan,New Zealand
Ahmed Shehzad,0,2011,Pakistan,New Zealand
Mohammad Hafeez,115,2011,Pakistan,New Zealand
Misbah-ul-Haq,35,2011,Pakistan,New Zealand
Umar Akmal,44,2011,Pakistan,New Zealand
Kamran Akmal,6,2011,Pakistan,New Zealand
Younis Khan,12,2011,Pakistan,New Zealand
Abdul Razzaq,5,2011,Pakistan,New Zealand
Shahid Afridi,65,2011,Pakistan,New Zealand
Wahab Riaz,0,2011,Pakistan,New Zealand
Umar Akmal,10,2011,Pakistan,New Zealand
Ahmed Shehzad,42,2011,Pakistan,New Zealand
Mohammad Hafeez,12,2011,Pakistan,New Zealand
Kamran Akmal,20,2011,Pakistan,New Zealand
Misbah-ul-Haq,93,2011,Pakistan,New Zealand
Younis Khan,42,2011,Pakistan,New Zealand
Sohail Tanvir,14,2011,Pakistan,New Zealand
Abdul Razzaq,23,2011,Pakistan,New Zealand
Shahid Afridi,4,2011,Pakistan,New Zealand
KD Mills,4,2011,Pakistan,New Zealand
Wahab Riaz,2,2011,Pakistan,New Zealand
Ahmed Shehzad,115,2011,Pakistan,New Zealand
Mohammad Hafeez,14,2011,Pakistan,New Zealand
Misbah-ul-Haq,25,2011,Pakistan,New Zealand
Abdul Razzaq,3,2011,Pakistan,New Zealand
Umar Akmal,32,2011,Pakistan,New Zealand
Kamran Akmal,17,2011,Pakistan,New Zealand
Younis Khan,21,2011,Pakistan,New Zealand
Umar Gul,1,2011,Pakistan,New Zealand
Shahid Afridi,24,2011,Pakistan,New Zealand
Shoaib Akhtar,2,2011,Pakistan,New Zealand
Umar Akmal,8,2011,Pakistan,New Zealand
Asad Shafiq,26,2011,Pakistan,New Zealand
Ahmed Shehzad,6,2011,Pakistan,New Zealand
Mohammad Hafeez,21,2011,Pakistan,New Zealand
Kamran Akmal,89,2011,Pakistan,New Zealand
Umar Gul,1,2011,Pakistan,New Zealand
Younis Khan,16,2011,Pakistan,New Zealand
Sohail Tanvir,30,2011,Pakistan,New Zealand
Abdul Razzaq,1,2011,Pakistan,New Zealand
Shahid Afridi,44,2011,Pakistan,New Zealand
P Kumar,0,2011,Pakistan,England
P Kumar,1,2011,Pakistan,England
KD Mills,22,2010,Pakistan,Bangladesh
KD Mills,26,2010,Pakistan,Bangladesh
KD Mills,8,2010,Pakistan,Bangladesh
KD Mills,33,2010,Pakistan,Bangladesh
Asad Shafiq,61,2011,Pakistan,West Indies
Ahmed Shehzad,22,2011,Pakistan,West Indies
Mohammad Hafeez,54,2011,Pakistan,West Indies
Misbah-ul-Haq,73,2011,Pakistan,West Indies
Umar Akmal,17,2011,Pakistan,West Indies
Asad Shafiq,23,2011,Pakistan,West Indies
Ahmed Shehzad,102,2011,Pakistan,West Indies
Mohammad Hafeez,32,2011,Pakistan,West Indies
Misbah-ul-Haq,43,2011,Pakistan,West Indies
Asad Shafiq,0,2011,Pakistan,West Indies
Umar Akmal,30,2011,Pakistan,West Indies
Ahmed Shehzad,0,2011,Pakistan,West Indies
Mohammad Hafeez,5,2011,Pakistan,West Indies
Misbah-ul-Haq,62,2011,Pakistan,West Indies
Hammad Azam,36,2011,Pakistan,West Indies
Mohammad Salman,3,2011,Pakistan,West Indies
Wahab Riaz,17,2011,Pakistan,West Indies
Shahid Afridi,11,2011,Pakistan,West Indies
Junaid Khan,1,2011,Pakistan,West Indies
Asad Shafiq,71,2011,Pakistan,West Indies
Ahmed Shehzad,6,2011,Pakistan,West Indies
Hammad Azam,1,2011,Pakistan,West Indies
Mohammad Hafeez,121,2011,Pakistan,West Indies
Saeed Ajmal,5,2011,Pakistan,West Indies
Tanvir Ahmed,18,2011,Pakistan,West Indies
Usman Salahuddin,5,2011,Pakistan,West Indies
Mohammad Salman,0,2011,Pakistan,West Indies
Misbah-ul-Haq,5,2011,Pakistan,West Indies
Shahid Afridi,8,2011,Pakistan,West Indies
Junaid Khan,1,2011,Pakistan,West Indies
Taufeeq Umar,3,2011,Pakistan,West Indies
Saeed Ajmal,5,2011,Pakistan,West Indies
Wahab Riaz,0,2011,Pakistan,West Indies
Ahmed Shehzad,9,2011,Pakistan,West Indies
Mohammad Hafeez,55,2011,Pakistan,West Indies
Misbah-ul-Haq,1,2011,Pakistan,West Indies
Umar Akmal,24,2011,Pakistan,West Indies
Usman Salahuddin,8,2011,Pakistan,West Indies
Mohammad Salman,19,2011,Pakistan,West Indies
Shahid Afridi,9,2011,Pakistan,West Indies
YK Pathan,10,2011,Pakistan,West Indies
YK Pathan,1,2011,Pakistan,West Indies
P Kumar,25,2011,Pakistan,West Indies
YK Pathan,1,2011,Pakistan,West Indies
P Kumar,6,2011,Pakistan,West Indies
YK Pathan,30,2011,Pakistan,West Indies
LL Tsotsobe,4,2011,Pakistan,South Africa
P Kumar,15,2012,Pakistan,Australia
P Kumar,1,2012,Pakistan,Australia
KD Mills,7,2012,Pakistan,New Zealand
KD Mills,4,2012,Pakistan,New Zealand
KD Mills,0,2012,Pakistan,New Zealand
KD Mills,5,2012,Pakistan,New Zealand
P Kumar,1,2011,Pakistan,India
P Kumar,16,2011,Pakistan,India
Saeed Ajmal,1,2011,Pakistan,Zimbabwe
Mohammad Hafeez,26,2011,Pakistan,Zimbabwe
Imran Farhat,0,2011,Pakistan,Zimbabwe
Misbah-ul-Haq,54,2011,Pakistan,Zimbabwe
Umar Akmal,36,2011,Pakistan,Zimbabwe
Younis Khan,78,2011,Pakistan,Zimbabwe
Adnan Akmal,27,2011,Pakistan,Zimbabwe
Sohail Tanvir,17,2011,Pakistan,Zimbabwe
Shoaib Malik,2,2011,Pakistan,Zimbabwe
Imran Farhat,75,2011,Pakistan,Zimbabwe
Mohammad Hafeez,139,2011,Pakistan,Zimbabwe
Imran Farhat,37,2011,Pakistan,Zimbabwe
Asad Shafiq,51,2011,Pakistan,Zimbabwe
Mohammad Hafeez,23,2011,Pakistan,Zimbabwe
Misbah-ul-Haq,29,2011,Pakistan,Zimbabwe
Younis Khan,81,2011,Pakistan,Zimbabwe
Adnan Akmal,24,2011,Pakistan,Zimbabwe
Shoaib Malik,14,2011,Pakistan,Zimbabwe
Imran Farhat,50,2011,Pakistan,Sri Lanka
Mohammad Hafeez,5,2011,Pakistan,Sri Lanka
Younis Khan,56,2011,Pakistan,Sri Lanka
Sarfraz Ahmed,4,2011,Pakistan,Sri Lanka
Aizaz Cheema,6,2011,Pakistan,Sri Lanka
Umar Akmal,91,2011,Pakistan,Sri Lanka
Umar Gul,0,2011,Pakistan,Sri Lanka
Mohammad Hafeez,4,2011,Pakistan,Sri Lanka
Imran Farhat,3,2011,Pakistan,Sri Lanka
Misbah-ul-Haq,21,2011,Pakistan,Sri Lanka
Shahid Afridi,29,2011,Pakistan,Sri Lanka
Younis Khan,0,2011,Pakistan,Sri Lanka
Abdul Razzaq,11,2011,Pakistan,Sri Lanka
Saeed Ajmal,8,2011,Pakistan,Sri Lanka
Sarfraz Ahmed,24,2011,Pakistan,Sri Lanka
Umar Gul,0,2011,Pakistan,Sri Lanka
Mohammad Hafeez,83,2011,Pakistan,Sri Lanka
Imran Farhat,70,2011,Pakistan,Sri Lanka
Shahid Afridi,15,2011,Pakistan,Sri Lanka
Umar Akmal,7,2011,Pakistan,Sri Lanka
Younis Khan,42,2011,Pakistan,Sri Lanka
Sohail Tanvir,10,2011,Pakistan,Sri Lanka
Abdul Razzaq,6,2011,Pakistan,Sri Lanka
Misbah-ul-Haq,7,2011,Pakistan,Sri Lanka
Sarfraz Ahmed,3,2011,Pakistan,Sri Lanka
Aizaz Cheema,3,2011,Pakistan,Sri Lanka
Imran Farhat,10,2011,Pakistan,Sri Lanka
Saeed Ajmal,20,2011,Pakistan,Sri Lanka
Younis Khan,18,2011,Pakistan,Sri Lanka
Umar Gul,7,2011,Pakistan,Sri Lanka
Sarfraz Ahmed,10,2011,Pakistan,Sri Lanka
Umar Akmal,2,2011,Pakistan,Sri Lanka
Mohammad Hafeez,27,2011,Pakistan,Sri Lanka
Misbah-ul-Haq,16,2011,Pakistan,Sri Lanka
Shoaib Malik,2,2011,Pakistan,Sri Lanka
Shahid Afridi,75,2011,Pakistan,Sri Lanka
Asad Shafiq,26,2011,Pakistan,Sri Lanka
Mohammad Hafeez,14,2011,Pakistan,Sri Lanka
Umar Akmal,61,2011,Pakistan,Sri Lanka
Younis Khan,34,2011,Pakistan,Sri Lanka
Sohail Tanvir,1,2011,Pakistan,Sri Lanka
Shoaib Malik,0,2011,Pakistan,Sri Lanka
Misbah-ul-Haq,66,2011,Pakistan,Sri Lanka
Shahid Afridi,4,2011,Pakistan,Sri Lanka
Wahab Riaz,8,2012,Pakistan,England
Umar Akmal,22,2012,Pakistan,England
Umar Gul,2,2012,Pakistan,England
Asad Shafiq,0,2012,Pakistan,England
Mohammad Hafeez,5,2012,Pakistan,England
Imran Farhat,10,2012,Pakistan,England
Misbah-ul-Haq,14,2012,Pakistan,England
Saeed Ajmal,5,2012,Pakistan,England
Younis Khan,15,2012,Pakistan,England
Shahid Afridi,28,2012,Pakistan,England
Shoaib Malik,7,2012,Pakistan,England
Aizaz Cheema,1,2012,Pakistan,England
Mohammad Hafeez,26,2012,Pakistan,England
Imran Farhat,47,2012,Pakistan,England
Misbah-ul-Haq,47,2012,Pakistan,England
Umar Akmal,21,2012,Pakistan,England
Younis Khan,5,2012,Pakistan,England
Abdur Rehman,1,2012,Pakistan,England
Azhar Ali,31,2012,Pakistan,England
Umar Gul,5,2012,Pakistan,England
Saeed Ajmal,7,2012,Pakistan,England
Shahid Afridi,18,2012,Pakistan,England
Aizaz Cheema,5,2012,Pakistan,England
Saeed Ajmal,4,2012,Pakistan,England
Asad Shafiq,18,2012,Pakistan,England
Mohammad Hafeez,29,2012,Pakistan,England
Imran Farhat,9,2012,Pakistan,England
Misbah-ul-Haq,1,2012,Pakistan,England
Umar Akmal,50,2012,Pakistan,England
Adnan Akmal,9,2012,Pakistan,England
Azhar Ali,5,2012,Pakistan,England
Umar Gul,27,2012,Pakistan,England
Shahid Afridi,51,2012,Pakistan,England
Asad Shafiq,65,2012,Pakistan,England
Saeed Ajmal,1,2012,Pakistan,England
Adnan Akmal,2,2012,Pakistan,England
Mohammad Hafeez,1,2012,Pakistan,England
Misbah-ul-Haq,46,2012,Pakistan,England
Umar Akmal,12,2012,Pakistan,England
Abdur Rehman,12,2012,Pakistan,England
Azhar Ali,58,2012,Pakistan,England
Shoaib Malik,23,2012,Pakistan,England
Shahid Afridi,9,2012,Pakistan,England
LL Tsotsobe,0,2012,Pakistan,England
Saeed Ajmal,8,2012,Pakistan,Bangladesh
Asad Shafiq,4,2012,Pakistan,Bangladesh
Mohammad Hafeez,89,2012,Pakistan,Bangladesh
Shahid Afridi,0,2012,Pakistan,Bangladesh
Umar Akmal,21,2012,Pakistan,Bangladesh
Younis Khan,12,2012,Pakistan,Bangladesh
Nasir Jamshed,54,2012,Pakistan,Bangladesh
Umar Gul,39,2012,Pakistan,Bangladesh
Misbah-ul-Haq,8,2012,Pakistan,Bangladesh
Sarfraz Ahmed,19,2012,Pakistan,Bangladesh
Umar Akmal,77,2012,Pakistan,Sri Lanka
Mohammad Hafeez,11,2012,Pakistan,Sri Lanka
Misbah-ul-Haq,72,2012,Pakistan,Sri Lanka
Hammad Azam,4,2012,Pakistan,Sri Lanka
Younis Khan,2,2012,Pakistan,Sri Lanka
Nasir Jamshed,18,2012,Pakistan,Sri Lanka
Hammad Azam,4,2012,Pakistan,India
Misbah-ul-Haq,4,2012,Pakistan,India
Umar Akmal,28,2012,Pakistan,India
Mohammad Hafeez,105,2012,Pakistan,India
Younis Khan,52,2012,Pakistan,India
Nasir Jamshed,112,2012,Pakistan,India
Umar Gul,0,2012,Pakistan,India
Shahid Afridi,9,2012,Pakistan,India
Mohammad Hafeez,40,2012,Pakistan,Bangladesh
Aizaz Cheema,9,2012,Pakistan,Bangladesh
Saeed Ajmal,4,2012,Pakistan,Bangladesh
Hammad Azam,30,2012,Pakistan,Bangladesh
Shahid Afridi,32,2012,Pakistan,Bangladesh
Umar Akmal,30,2012,Pakistan,Bangladesh
Younis Khan,1,2012,Pakistan,Bangladesh
Nasir Jamshed,9,2012,Pakistan,Bangladesh
Umar Gul,4,2012,Pakistan,Bangladesh
Misbah-ul-Haq,13,2012,Pakistan,Bangladesh
Sarfraz Ahmed,46,2012,Pakistan,Bangladesh
Sarfraz Ahmed,2,2011,Pakistan,Bangladesh
Younis Khan,2,2011,Pakistan,Bangladesh
Umar Akmal,7,2011,Pakistan,Bangladesh
Mohammad Hafeez,22,2011,Pakistan,Bangladesh
Misbah-ul-Haq,16,2011,Pakistan,Bangladesh
Imran Farhat,12,2011,Pakistan,Bangladesh
Shahid Afridi,24,2011,Pakistan,Bangladesh
Mohammad Hafeez,32,2011,Pakistan,Bangladesh
Imran Farhat,4,2011,Pakistan,Bangladesh
Shahid Afridi,42,2011,Pakistan,Bangladesh
Umar Akmal,59,2011,Pakistan,Bangladesh
Younis Khan,37,2011,Pakistan,Bangladesh
Shoaib Malik,17,2011,Pakistan,Bangladesh
Misbah-ul-Haq,37,2011,Pakistan,Bangladesh
Sarfraz Ahmed,12,2011,Pakistan,Bangladesh
Asad Shafiq,7,2011,Pakistan,Bangladesh
Saeed Ajmal,3,2011,Pakistan,Bangladesh
Younis Khan,26,2011,Pakistan,Bangladesh
Abdur Rehman,4,2011,Pakistan,Bangladesh
Umar Gul,0,2011,Pakistan,Bangladesh
Misbah-ul-Haq,47,2011,Pakistan,Bangladesh
Umar Akmal,57,2011,Pakistan,Bangladesh
Mohammad Hafeez,0,2011,Pakistan,Bangladesh
Sohail Tanvir,8,2011,Pakistan,Bangladesh
Shoaib Malik,0,2011,Pakistan,Bangladesh
Shahid Afridi,9,2011,Pakistan,Bangladesh
Asad Shafiq,20,2012,Pakistan,Afghanistan
Imran Farhat,52,2012,Pakistan,Afghanistan
Mohammad Hafeez,8,2012,Pakistan,Afghanistan
Younis Khan,70,2012,Pakistan,Afghanistan
Misbah-ul-Haq,40,2012,Pakistan,Afghanistan
KD Mills,1,2012,Pakistan,West Indies
KD Mills,6,2012,Pakistan,West Indies
KD Mills,2,2012,Pakistan,West Indies
TA Boult,1,2012,Pakistan,West Indies
TA Boult,1,2012,Pakistan,West Indies
KD Mills,1,2012,Pakistan,West Indies
TA Boult,5,2012,Pakistan,West Indies
Umar Akmal,36,2012,Pakistan,Sri Lanka
Mohammad Hafeez,37,2012,Pakistan,Sri Lanka
Misbah-ul-Haq,30,2012,Pakistan,Sri Lanka
Younis Khan,5,2012,Pakistan,Sri Lanka
Azhar Ali,3,2012,Pakistan,Sri Lanka
Shahid Afridi,2,2012,Pakistan,Sri Lanka
Saeed Ajmal,4,2012,Pakistan,Sri Lanka
Umar Gul,14,2012,Pakistan,Sri Lanka
Misbah-ul-Haq,27,2012,Pakistan,Sri Lanka
Umar Akmal,3,2012,Pakistan,Sri Lanka
Sarfraz Ahmed,20,2012,Pakistan,Sri Lanka
Younis Khan,4,2012,Pakistan,Sri Lanka
Sohail Tanvir,3,2012,Pakistan,Sri Lanka
Azhar Ali,96,2012,Pakistan,Sri Lanka
Mohammad Hafeez,14,2012,Pakistan,Sri Lanka
Shahid Afridi,17,2012,Pakistan,Sri Lanka
Umar Akmal,0,2012,Pakistan,Sri Lanka
Asad Shafiq,25,2012,Pakistan,Sri Lanka
Mohammad Hafeez,0,2012,Pakistan,Sri Lanka
Misbah-ul-Haq,57,2012,Pakistan,Sri Lanka
Sarfraz Ahmed,0,2012,Pakistan,Sri Lanka
Younis Khan,1,2012,Pakistan,Sri Lanka
Sohail Tanvir,0,2012,Pakistan,Sri Lanka
Azhar Ali,81,2012,Pakistan,Sri Lanka
Umar Gul,0,2012,Pakistan,Sri Lanka
Saeed Ajmal,12,2012,Pakistan,Sri Lanka
Shahid Afridi,0,2012,Pakistan,Sri Lanka
Asad Shafiq,38,2012,Pakistan,Sri Lanka
Imran Farhat,56,2012,Pakistan,Sri Lanka
Mohammad Hafeez,6,2012,Pakistan,Sri Lanka
Umar Akmal,55,2012,Pakistan,Sri Lanka
Azhar Ali,30,2012,Pakistan,Sri Lanka
Sohail Tanvir,11,2012,Pakistan,Sri Lanka
Umar Gul,2,2012,Pakistan,Sri Lanka
Misbah-ul-Haq,32,2012,Pakistan,Sri Lanka
Shahid Afridi,9,2012,Pakistan,Sri Lanka
KD Mills,28,2013,Pakistan,England
LL Tsotsobe,0,2013,Pakistan,England
LL Tsotsobe,0,2013,Pakistan,South Africa
KD Mills,26,2013,Pakistan,South Africa
LL Tsotsobe,9,2013,Pakistan,South Africa
KD Mills,15,2013,Pakistan,South Africa
KD Mills,7,2013,Pakistan,South Africa
Junaid Khan,0,2013,Pakistan,South Africa
Asad Shafiq,5,2013,Pakistan,South Africa
Umar Gul,2,2013,Pakistan,South Africa
Mohammad Hafeez,25,2013,Pakistan,South Africa
Misbah-ul-Haq,38,2013,Pakistan,South Africa
Shahid Afridi,34,2013,Pakistan,South Africa
Kamran Akmal,2,2013,Pakistan,South Africa
Nasir Jamshed,25,2013,Pakistan,South Africa
Younis Khan,30,2013,Pakistan,South Africa
Saeed Ajmal,0,2013,Pakistan,South Africa
Shoaib Malik,19,2013,Pakistan,South Africa
Mohammad Hafeez,31,2013,Pakistan,South Africa
Kamran Akmal,18,2013,Pakistan,South Africa
Younis Khan,32,2013,Pakistan,South Africa
Nasir Jamshed,10,2013,Pakistan,South Africa
Misbah-ul-Haq,57,2013,Pakistan,South Africa
Shoaib Malik,35,2013,Pakistan,South Africa
Junaid Khan,9,2013,Pakistan,South Africa
Wahab Riaz,45,2013,Pakistan,South Africa
Mohammad Hafeez,57,2013,Pakistan,South Africa
Misbah-ul-Haq,28,2013,Pakistan,South Africa
Shahid Afridi,88,2013,Pakistan,South Africa
Kamran Akmal,30,2013,Pakistan,South Africa
Mohammad Irfan,0,2013,Pakistan,South Africa
Nasir Jamshed,10,2013,Pakistan,South Africa
Younis Khan,19,2013,Pakistan,South Africa
Saeed Ajmal,8,2013,Pakistan,South Africa
Shoaib Malik,4,2013,Pakistan,South Africa
LL Tsotsobe,5,2013,Pakistan,South Africa
Wahab Riaz,0,2013,Pakistan,South Africa
Imran Farhat,93,2013,Pakistan,South Africa
Mohammad Hafeez,0,2013,Pakistan,South Africa
Saeed Ajmal,5,2013,Pakistan,South Africa
Kamran Akmal,11,2013,Pakistan,South Africa
Younis Khan,6,2013,Pakistan,South Africa
Shoaib Malik,19,2013,Pakistan,South Africa
Misbah-ul-Haq,80,2013,Pakistan,South Africa
Shahid Afridi,4,2013,Pakistan,South Africa
Junaid Khan,25,2013,Pakistan,South Africa
Wahab Riaz,12,2013,Pakistan,South Africa
Mohammad Hafeez,5,2013,Pakistan,South Africa
Imran Farhat,13,2013,Pakistan,South Africa
Misbah-ul-Haq,24,2013,Pakistan,South Africa
Saeed Ajmal,1,2013,Pakistan,South Africa
Kamran Akmal,48,2013,Pakistan,South Africa
Mohammad Irfan,4,2013,Pakistan,South Africa
Younis Khan,29,2013,Pakistan,South Africa
Shoaib Malik,28,2013,Pakistan,South Africa
Shahid Afridi,0,2013,Pakistan,South Africa
KD Mills,3,2013,Pakistan,New Zealand
TA Boult,1,2013,Pakistan,New Zealand
KD Mills,2,2013,Pakistan,New Zealand
Aizaz Cheema,2,2012,Pakistan,Australia
Nasir Jamshed,23,2012,Pakistan,Australia
Saeed Ajmal,8,2012,Pakistan,Australia
Asad Shafiq,56,2012,Pakistan,Australia
Mohammad Hafeez,4,2012,Pakistan,Australia
Misbah-ul-Haq,26,2012,Pakistan,Australia
Umar Akmal,52,2012,Pakistan,Australia
Kamran Akmal,4,2012,Pakistan,Australia
Azhar Ali,5,2012,Pakistan,Australia
Sohail Tanvir,1,2012,Pakistan,Australia
Shahid Afridi,0,2012,Pakistan,Australia
Nasir Jamshed,97,2012,Pakistan,Australia
Asad Shafiq,9,2012,Pakistan,Australia
Mohammad Hafeez,23,2012,Pakistan,Australia
Misbah-ul-Haq,35,2012,Pakistan,Australia
Azhar Ali,59,2012,Pakistan,Australia
Asad Shafiq,27,2012,Pakistan,Australia
Abdur Rehman,12,2012,Pakistan,Australia
Mohammad Hafeez,78,2012,Pakistan,Australia
Misbah-ul-Haq,25,2012,Pakistan,Australia
Umar Akmal,0,2012,Pakistan,Australia
Kamran Akmal,2,2012,Pakistan,Australia
Nasir Jamshed,48,2012,Pakistan,Australia
Azhar Ali,27,2012,Pakistan,Australia
Shahid Afridi,7,2012,Pakistan,Australia
LL Tsotsobe,3,2013,Pakistan,India
Junaid Khan,0,2013,Pakistan,West Indies
Asad Shafiq,0,2013,Pakistan,West Indies
Wahab Riaz,6,2013,Pakistan,West Indies
Mohammad Hafeez,4,2013,Pakistan,West Indies
Imran Farhat,2,2013,Pakistan,West Indies
Misbah-ul-Haq,96,2013,Pakistan,West Indies
Saeed Ajmal,2,2013,Pakistan,West Indies
Kamran Akmal,2,2013,Pakistan,West Indies
Mohammad Irfan,2,2013,Pakistan,West Indies
Nasir Jamshed,50,2013,Pakistan,West Indies
Shoaib Malik,0,2013,Pakistan,West Indies
KD Mills,3,2013,Pakistan,New Zealand
Junaid Khan,4,2013,Pakistan,South Africa
Kamran Akmal,0,2013,Pakistan,South Africa
Wahab Riaz,13,2013,Pakistan,South Africa
Imran Farhat,2,2013,Pakistan,South Africa
Mohammad Hafeez,7,2013,Pakistan,South Africa
Saeed Ajmal,5,2013,Pakistan,South Africa
Umar Amin,16,2013,Pakistan,South Africa
Nasir Jamshed,42,2013,Pakistan,South Africa
Shoaib Malik,8,2013,Pakistan,South Africa
Misbah-ul-Haq,55,2013,Pakistan,South Africa
Junaid Khan,0,2013,Pakistan,India
Asad Shafiq,41,2013,Pakistan,India
Wahab Riaz,0,2013,Pakistan,India
Mohammad Hafeez,27,2013,Pakistan,India
Umar Amin,27,2013,Pakistan,India
Misbah-ul-Haq,22,2013,Pakistan,India
Saeed Ajmal,5,2013,Pakistan,India
Kamran Akmal,21,2013,Pakistan,India
Mohammad Irfan,0,2013,Pakistan,India
Nasir Jamshed,2,2013,Pakistan,India
Shoaib Malik,17,2013,Pakistan,India
KD Mills,5,2013,Pakistan,England
Mohammad Hafeez,0,2012,Pakistan,India
Misbah-ul-Haq,16,2012,Pakistan,India
Younis Khan,58,2012,Pakistan,India
Nasir Jamshed,101,2012,Pakistan,India
Azhar Ali,9,2012,Pakistan,India
Shoaib Malik,34,2012,Pakistan,India
Mohammad Hafeez,76,2013,Pakistan,India
Misbah-ul-Haq,2,2013,Pakistan,India
Saeed Ajmal,7,2013,Pakistan,India
Kamran Akmal,0,2013,Pakistan,India
Mohammad Irfan,0,2013,Pakistan,India
Younis Khan,10,2013,Pakistan,India
Nasir Jamshed,106,2013,Pakistan,India
Azhar Ali,2,2013,Pakistan,India
Shoaib Malik,24,2013,Pakistan,India
Umar Gul,17,2013,Pakistan,India
Junaid Khan,0,2013,Pakistan,India
Saeed Ajmal,1,2013,Pakistan,India
Younis Khan,6,2013,Pakistan,India
Nasir Jamshed,34,2013,Pakistan,India
Umar Gul,11,2013,Pakistan,India
Umar Akmal,25,2013,Pakistan,India
Mohammad Hafeez,21,2013,Pakistan,India
Misbah-ul-Haq,39,2013,Pakistan,India
Kamran Akmal,0,2013,Pakistan,India
Mohammad Irfan,0,2013,Pakistan,India
Shoaib Malik,5,2013,Pakistan,India
Asad Shafiq,9,2013,Pakistan,Scotland
Ehsan Adil,5,2013,Pakistan,Scotland
Mohammad Hafeez,18,2013,Pakistan,Scotland
Umar Amin,3,2013,Pakistan,Scotland
Misbah-ul-Haq,83,2013,Pakistan,Scotland
Saeed Ajmal,28,2013,Pakistan,Scotland
Kamran Akmal,12,2013,Pakistan,Scotland
Imran Farhat,46,2013,Pakistan,Scotland
Nasir Jamshed,20,2013,Pakistan,Scotland
Junaid Khan,2,2013,Pakistan,Ireland
Abdur Rehman,7,2013,Pakistan,Ireland
Asad Shafiq,4,2013,Pakistan,Ireland
Wahab Riaz,47,2013,Pakistan,Ireland
Mohammad Hafeez,2,2013,Pakistan,Ireland
Imran Farhat,5,2013,Pakistan,Ireland
Misbah-ul-Haq,24,2013,Pakistan,Ireland
Nasir Jamshed,0,2013,Pakistan,Ireland
Shoaib Malik,43,2013,Pakistan,Ireland
Kamran Akmal,81,2013,Pakistan,Ireland
LL Tsotsobe,3,2013,Pakistan,Sri Lanka
LL Tsotsobe,3,2013,Pakistan,Sri Lanka
Asad Shafiq,0,2013,Pakistan,West Indies
Ahmed Shehzad,5,2013,Pakistan,West Indies
Saeed Ajmal,15,2013,Pakistan,West Indies
Asad Ali,11,2013,Pakistan,West Indies
Nasir Jamshed,6,2013,Pakistan,West Indies
Umar Akmal,19,2013,Pakistan,West Indies
Wahab Riaz,7,2013,Pakistan,West Indies
Mohammad Hafeez,1,2013,Pakistan,West Indies
Misbah-ul-Haq,52,2013,Pakistan,West Indies
Mohammad Irfan,4,2013,Pakistan,West Indies
Shahid Afridi,76,2013,Pakistan,West Indies
Asad Shafiq,10,2013,Pakistan,West Indies
Umar Akmal,50,2013,Pakistan,West Indies
Ahmed Shehzad,19,2013,Pakistan,West Indies
Mohammad Hafeez,20,2013,Pakistan,West Indies
Misbah-ul-Haq,17,2013,Pakistan,West Indies
Asad Ali,2,2013,Pakistan,West Indies
Nasir Jamshed,54,2013,Pakistan,West Indies
Wahab Riaz,3,2013,Pakistan,West Indies
Saeed Ajmal,1,2013,Pakistan,West Indies
Shahid Afridi,5,2013,Pakistan,West Indies
Umar Akmal,29,2013,Pakistan,West Indies
Ahmed Shehzad,14,2013,Pakistan,West Indies
Mohammad Hafeez,59,2013,Pakistan,West Indies
Misbah-ul-Haq,53,2013,Pakistan,West Indies
Nasir Jamshed,22,2013,Pakistan,West Indies
Shahid Afridi,7,2013,Pakistan,West Indies
Haris Sohail,17,2013,Pakistan,West Indies
Ahmed Shehzad,64,2013,Pakistan,West Indies
Mohammad Hafeez,11,2013,Pakistan,West Indies
Misbah-ul-Haq,63,2013,Pakistan,West Indies
Nasir Jamshed,23,2013,Pakistan,West Indies
Saeed Ajmal,1,2013,Pakistan,West Indies
Shahid Afridi,13,2013,Pakistan,West Indies
Umar Akmal,37,2013,Pakistan,West Indies
LL Tsotsobe,16,2013,Pakistan,South Africa
Ahmed Shehzad,58,2013,Pakistan,South Africa
Umar Akmal,18,2013,Pakistan,South Africa
Nasir Jamshed,0,2013,Pakistan,South Africa
Saeed Ajmal,1,2013,Pakistan,South Africa
Wahab Riaz,0,2013,Pakistan,South Africa
Mohammad Hafeez,28,2013,Pakistan,South Africa
Umar Amin,20,2013,Pakistan,South Africa
Misbah-ul-Haq,31,2013,Pakistan,South Africa
Mohammad Irfan,2,2013,Pakistan,South Africa
Sohail Tanvir,2,2013,Pakistan,South Africa
Shahid Afridi,9,2013,Pakistan,South Africa
LL Tsotsobe,4,2013,Pakistan,South Africa
Ahmed Shehzad,58,2013,Pakistan,South Africa
Saeed Ajmal,0,2013,Pakistan,South Africa
Nasir Jamshed,1,2013,Pakistan,South Africa
Umar Akmal,18,2013,Pakistan,South Africa
Wahab Riaz,18,2013,Pakistan,South Africa
Mohammad Hafeez,26,2013,Pakistan,South Africa
Umar Amin,14,2013,Pakistan,South Africa
Misbah-ul-Haq,25,2013,Pakistan,South Africa
Mohammad Irfan,0,2013,Pakistan,South Africa
Sohail Tanvir,9,2013,Pakistan,South Africa
Shahid Afridi,26,2013,Pakistan,South Africa
LL Tsotsobe,0,2013,Pakistan,South Africa
Wahab Riaz,33,2013,Pakistan,South Africa
Asad Shafiq,11,2013,Pakistan,South Africa
Ahmed Shehzad,32,2013,Pakistan,South Africa
Mohammad Hafeez,15,2013,Pakistan,South Africa
Umar Amin,13,2013,Pakistan,South Africa
Misbah-ul-Haq,19,2013,Pakistan,South Africa
Umar Akmal,7,2013,Pakistan,South Africa
Sohail Tanvir,31,2013,Pakistan,South Africa
Saeed Ajmal,1,2013,Pakistan,South Africa
Shahid Afridi,6,2013,Pakistan,South Africa
Mohammad Irfan,4,2013,Pakistan,South Africa
Sohaib Maqsood,56,2013,Pakistan,South Africa
Junaid Khan,4,2013,Pakistan,South Africa
Asad Shafiq,1,2013,Pakistan,South Africa
Ahmed Shehzad,43,2013,Pakistan,South Africa
Mohammad Hafeez,33,2013,Pakistan,South Africa
Misbah-ul-Haq,65,2013,Pakistan,South Africa
Umar Akmal,22,2013,Pakistan,South Africa
Mohammad Irfan,2,2013,Pakistan,South Africa
Sohail Tanvir,1,2013,Pakistan,South Africa
Saeed Ajmal,0,2013,Pakistan,South Africa
Shahid Afridi,3,2013,Pakistan,South Africa
Junaid Khan,1,2013,Pakistan,South Africa
Ahmed Shehzad,2,2013,Pakistan,South Africa
Umar Amin,5,2013,Pakistan,South Africa
Mohammad Hafeez,6,2013,Pakistan,South Africa
Umar Akmal,30,2013,Pakistan,South Africa
Sohaib Maqsood,53,2013,Pakistan,South Africa
Mohammad Irfan,0,2013,Pakistan,South Africa
Sohail Tanvir,15,2013,Pakistan,South Africa
Misbah-ul-Haq,18,2013,Pakistan,South Africa
Saeed Ajmal,1,2013,Pakistan,South Africa
Shahid Afridi,9,2013,Pakistan,South Africa
Younis Khan,6,2015,Pakistan,India
Haris Sohail,36,2015,Pakistan,India
Sohaib Maqsood,0,2015,Pakistan,India
Yasir Shah,13,2015,Pakistan,India
Wahab Riaz,4,2015,Pakistan,India
Ahmed Shehzad,47,2015,Pakistan,India
Misbah-ul-Haq,76,2015,Pakistan,India
Umar Akmal,0,2015,Pakistan,India
Mohammad Irfan,1,2015,Pakistan,India
Sohail Khan,7,2015,Pakistan,India
Shahid Afridi,22,2015,Pakistan,India
Umar Akmal,59,2015,Pakistan,West Indies
Haris Sohail,0,2015,Pakistan,West Indies
Sohaib Maqsood,50,2015,Pakistan,West Indies
Wahab Riaz,3,2015,Pakistan,West Indies
Ahmed Shehzad,1,2015,Pakistan,West Indies
Misbah-ul-Haq,7,2015,Pakistan,West Indies
Younis Khan,0,2015,Pakistan,West Indies
Sohail Khan,1,2015,Pakistan,West Indies
Nasir Jamshed,0,2015,Pakistan,West Indies
Shahid Afridi,28,2015,Pakistan,West Indies
Mohammad Irfan,2,2015,Pakistan,West Indies
TA Boult,0,2015,Pakistan,New Zealand
Haris Sohail,27,2015,Pakistan,Zimbabwe
Sohaib Maqsood,21,2015,Pakistan,Zimbabwe
Wahab Riaz,54,2015,Pakistan,Zimbabwe
Ahmed Shehzad,0,2015,Pakistan,Zimbabwe
Misbah-ul-Haq,73,2015,Pakistan,Zimbabwe
Umar Akmal,33,2015,Pakistan,Zimbabwe
Nasir Jamshed,1,2015,Pakistan,Zimbabwe
Sohail Khan,6,2015,Pakistan,Zimbabwe
Shahid Afridi,0,2015,Pakistan,Zimbabwe
Haris Sohail,70,2015,Pakistan,United Arab Emirates
Sohaib Maqsood,45,2015,Pakistan,United Arab Emirates
Wahab Riaz,6,2015,Pakistan,United Arab Emirates
Ahmed Shehzad,93,2015,Pakistan,United Arab Emirates
Misbah-ul-Haq,65,2015,Pakistan,United Arab Emirates
Umar Akmal,19,2015,Pakistan,United Arab Emirates
Nasir Jamshed,4,2015,Pakistan,United Arab Emirates
Shahid Afridi,21,2015,Pakistan,United Arab Emirates
Wahab Riaz,0,2015,Pakistan,South Africa
Younis Khan,37,2015,Pakistan,South Africa
Sohaib Maqsood,8,2015,Pakistan,South Africa
Ahmed Shehzad,18,2015,Pakistan,South Africa
Umar Akmal,13,2015,Pakistan,South Africa
Rahat Ali,1,2015,Pakistan,South Africa
Sohail Khan,3,2015,Pakistan,South Africa
Sarfraz Ahmed,49,2015,Pakistan,South Africa
Misbah-ul-Haq,56,2015,Pakistan,South Africa
Mohammad Irfan,1,2015,Pakistan,South Africa
Shahid Afridi,22,2015,Pakistan,South Africa
Umar Akmal,20,2015,Pakistan,Ireland
Haris Sohail,3,2015,Pakistan,Ireland
Ahmed Shehzad,63,2015,Pakistan,Ireland
Misbah-ul-Haq,39,2015,Pakistan,Ireland
Sarfraz Ahmed,101,2015,Pakistan,Ireland
Ehsan Adil,15,2015,Pakistan,Australia
Haris Sohail,41,2015,Pakistan,Australia
Sohaib Maqsood,29,2015,Pakistan,Australia
Wahab Riaz,16,2015,Pakistan,Australia
Ahmed Shehzad,5,2015,Pakistan,Australia
Sarfraz Ahmed,10,2015,Pakistan,Australia
Umar Akmal,20,2015,Pakistan,Australia
Rahat Ali,6,2015,Pakistan,Australia
Sohail Khan,4,2015,Pakistan,Australia
Misbah-ul-Haq,34,2015,Pakistan,Australia
Shahid Afridi,23,2015,Pakistan,Australia
TA Boult,0,2015,Pakistan,Australia
MJ Henry,0,2015,Pakistan,Australia
Sohaib Maqsood,73,2013,Pakistan,Sri Lanka
Ahmed Shehzad,11,2013,Pakistan,Sri Lanka
Mohammad Hafeez,122,2013,Pakistan,Sri Lanka
Umar Akmal,9,2013,Pakistan,Sri Lanka
Sharjeel Khan,61,2013,Pakistan,Sri Lanka
Bilawal Bhatti,1,2013,Pakistan,Sri Lanka
Shahid Afridi,34,2013,Pakistan,Sri Lanka
Sohaib Maqsood,18,2013,Pakistan,Sri Lanka
Ahmed Shehzad,124,2013,Pakistan,Sri Lanka
Mohammad Hafeez,32,2013,Pakistan,Sri Lanka
Sharjeel Khan,7,2013,Pakistan,Sri Lanka
Misbah-ul-Haq,59,2013,Pakistan,Sri Lanka
Shahid Afridi,30,2013,Pakistan,Sri Lanka
Sohaib Maqsood,21,2013,Pakistan,Sri Lanka
Ahmed Shehzad,81,2013,Pakistan,Sri Lanka
Mohammad Hafeez,140,2013,Pakistan,Sri Lanka
Umar Akmal,23,2013,Pakistan,Sri Lanka
Sharjeel Khan,2,2013,Pakistan,Sri Lanka
Misbah-ul-Haq,40,2013,Pakistan,Sri Lanka
Shahid Afridi,2,2013,Pakistan,Sri Lanka
Sohaib Maqsood,46,2013,Pakistan,Sri Lanka
Ahmed Shehzad,44,2013,Pakistan,Sri Lanka
Mohammad Hafeez,113,2013,Pakistan,Sri Lanka
Sharjeel Khan,13,2013,Pakistan,Sri Lanka
Junaid Khan,0,2013,Pakistan,Sri Lanka
Saeed Ajmal,8,2013,Pakistan,Sri Lanka
Sohaib Maqsood,7,2013,Pakistan,Sri Lanka
Ahmed Shehzad,17,2013,Pakistan,Sri Lanka
Mohammad Hafeez,41,2013,Pakistan,Sri Lanka
Misbah-ul-Haq,51,2013,Pakistan,Sri Lanka
Anwar Ali,41,2013,Pakistan,Sri Lanka
Umar Akmal,20,2013,Pakistan,Sri Lanka
Sharjeel Khan,18,2013,Pakistan,Sri Lanka
Abdur Rehman,1,2013,Pakistan,Sri Lanka
Umar Gul,8,2013,Pakistan,Sri Lanka
Haris Sohail,2,2013,Pakistan,Zimbabwe
Ahmed Shehzad,24,2013,Pakistan,Zimbabwe
Mohammad Hafeez,70,2013,Pakistan,Zimbabwe
Umar Amin,1,2013,Pakistan,Zimbabwe
Sarfraz Ahmed,7,2013,Pakistan,Zimbabwe
Saeed Ajmal,3,2013,Pakistan,Zimbabwe
Nasir Jamshed,27,2013,Pakistan,Zimbabwe
Misbah-ul-Haq,83,2013,Pakistan,Zimbabwe
Shahid Afridi,11,2013,Pakistan,Zimbabwe
Ahmed Shehzad,5,2013,Pakistan,Zimbabwe
Mohammad Hafeez,136,2013,Pakistan,Zimbabwe
Misbah-ul-Haq,3,2013,Pakistan,Zimbabwe
Umar Amin,59,2013,Pakistan,Zimbabwe
Nasir Jamshed,32,2013,Pakistan,Zimbabwe
Shahid Afridi,39,2013,Pakistan,Zimbabwe
Ahmed Shehzad,54,2013,Pakistan,Zimbabwe
Mohammad Hafeez,26,2013,Pakistan,Zimbabwe
Sarfraz Ahmed,22,2013,Pakistan,Zimbabwe
Umar Amin,33,2013,Pakistan,Zimbabwe
Abdur Rehman,0,2013,Pakistan,Zimbabwe
Nasir Jamshed,38,2013,Pakistan,Zimbabwe
Misbah-ul-Haq,67,2013,Pakistan,Zimbabwe
Shahid Afridi,7,2013,Pakistan,Zimbabwe
KD Mills,3,2013,Pakistan,New Zealand
KD Mills,26,2014,Pakistan,New Zealand
KD Mills,2,2014,Pakistan,New Zealand
KD Mills,27,2013,Pakistan,Bangladesh
Junaid Khan,0,2013,Pakistan,South Africa
Saeed Ajmal,3,2013,Pakistan,South Africa
Sohaib Maqsood,22,2013,Pakistan,South Africa
Ahmed Shehzad,35,2013,Pakistan,South Africa
Mohammad Hafeez,5,2013,Pakistan,South Africa
Misbah-ul-Haq,13,2013,Pakistan,South Africa
Anwar Ali,43,2013,Pakistan,South Africa
Umar Akmal,0,2013,Pakistan,South Africa
Bilawal Bhatti,39,2013,Pakistan,South Africa
Nasir Jamshed,24,2013,Pakistan,South Africa
Shahid Afridi,26,2013,Pakistan,South Africa
Junaid Khan,1,2013,Pakistan,South Africa
Saeed Ajmal,0,2013,Pakistan,South Africa
Sohaib Maqsood,42,2013,Pakistan,South Africa
Ahmed Shehzad,102,2013,Pakistan,South Africa
Mohammad Hafeez,8,2013,Pakistan,South Africa
Misbah-ul-Haq,12,2013,Pakistan,South Africa
Anwar Ali,7,2013,Pakistan,South Africa
Umar Akmal,42,2013,Pakistan,South Africa
Bilawal Bhatti,21,2013,Pakistan,South Africa
Nasir Jamshed,2,2013,Pakistan,South Africa
Shahid Afridi,11,2013,Pakistan,South Africa
Saeed Ajmal,0,2013,Pakistan,South Africa
Sohaib Maqsood,25,2013,Pakistan,South Africa
Asad Shafiq,1,2013,Pakistan,South Africa
Ahmed Shehzad,0,2013,Pakistan,South Africa
Umar Amin,25,2013,Pakistan,South Africa
Misbah-ul-Haq,79,2013,Pakistan,South Africa
Anwar Ali,1,2013,Pakistan,South Africa
Umar Akmal,5,2013,Pakistan,South Africa
Abdur Rehman,22,2013,Pakistan,South Africa
Bilawal Bhatti,1,2013,Pakistan,South Africa
Sohail Tanvir,6,2013,Pakistan,South Africa
Bilawal Bhatti,18,2014,Pakistan,Sri Lanka
Umar Akmal,74,2014,Pakistan,Sri Lanka
Sohaib Maqsood,17,2014,Pakistan,Sri Lanka
Junaid Khan,1,2014,Pakistan,Sri Lanka
Ahmed Shehzad,28,2014,Pakistan,Sri Lanka
Mohammad Hafeez,18,2014,Pakistan,Sri Lanka
Misbah-ul-Haq,73,2014,Pakistan,Sri Lanka
Sharjeel Khan,26,2014,Pakistan,Sri Lanka
Umar Gul,2,2014,Pakistan,Sri Lanka
Saeed Ajmal,10,2014,Pakistan,Sri Lanka
Shahid Afridi,4,2014,Pakistan,Sri Lanka
Saeed Ajmal,1,2014,Pakistan,Afghanistan
Sohaib Maqsood,13,2014,Pakistan,Afghanistan
Ahmed Shehzad,50,2014,Pakistan,Afghanistan
Mohammad Hafeez,10,2014,Pakistan,Afghanistan
Anwar Ali,21,2014,Pakistan,Afghanistan
Umar Akmal,102,2014,Pakistan,Afghanistan
Sharjeel Khan,25,2014,Pakistan,Afghanistan
Umar Gul,15,2014,Pakistan,Afghanistan
Shahid Afridi,6,2014,Pakistan,Afghanistan
Junaid Khan,1,2014,Pakistan,India
Mohammad Talha,0,2014,Pakistan,India
Umar Akmal,4,2014,Pakistan,India
Sohaib Maqsood,38,2014,Pakistan,India
Ahmed Shehzad,42,2014,Pakistan,India
Mohammad Hafeez,75,2014,Pakistan,India
Misbah-ul-Haq,1,2014,Pakistan,India
Sharjeel Khan,25,2014,Pakistan,India
Shahid Afridi,34,2014,Pakistan,India
Umar Gul,12,2014,Pakistan,India
Saeed Ajmal,0,2014,Pakistan,India
Umar Akmal,14,2014,Pakistan,Bangladesh
Sohaib Maqsood,2,2014,Pakistan,Bangladesh
Fawad Alam,74,2014,Pakistan,Bangladesh
Ahmed Shehzad,103,2014,Pakistan,Bangladesh
Mohammad Hafeez,52,2014,Pakistan,Bangladesh
Misbah-ul-Haq,4,2014,Pakistan,Bangladesh
Abdur Rehman,8,2014,Pakistan,Bangladesh
Shahid Afridi,59,2014,Pakistan,Bangladesh
Ahmed Shehzad,5,2014,Pakistan,Sri Lanka
Mohammad Hafeez,3,2014,Pakistan,Sri Lanka
Misbah-ul-Haq,65,2014,Pakistan,Sri Lanka
Umar Akmal,59,2014,Pakistan,Sri Lanka
Sharjeel Khan,8,2014,Pakistan,Sri Lanka
Fawad Alam,114,2014,Pakistan,Sri Lanka
Mohammad Irfan,12,2014,Pakistan,Australia
Anwar Ali,8,2014,Pakistan,Australia
Zulfiqar Babar,12,2014,Pakistan,Australia
Wahab Riaz,5,2014,Pakistan,Australia
Asad Shafiq,13,2014,Pakistan,Australia
Ahmed Shehzad,4,2014,Pakistan,Australia
Misbah-ul-Haq,0,2014,Pakistan,Australia
Umar Akmal,46,2014,Pakistan,Australia
Fawad Alam,7,2014,Pakistan,Australia
Shahid Afridi,5,2014,Pakistan,Australia
Sarfraz Ahmed,34,2014,Pakistan,Australia
Asad Shafiq,29,2014,Pakistan,Australia
Zulfiqar Babar,6,2014,Pakistan,Australia
Wahab Riaz,2,2014,Pakistan,Australia
Ahmed Shehzad,61,2014,Pakistan,Australia
Raza Hasan,0,2014,Pakistan,Australia
Umar Akmal,5,2014,Pakistan,Australia
Sarfraz Ahmed,65,2014,Pakistan,Australia
Mohammad Irfan,0,2014,Pakistan,Australia
Fawad Alam,20,2014,Pakistan,Australia
Misbah-ul-Haq,15,2014,Pakistan,Australia
Shahid Afridi,2,2014,Pakistan,Australia
Sohaib Maqsood,34,2014,Pakistan,Australia
Zulfiqar Babar,14,2014,Pakistan,Australia
Asad Shafiq,50,2014,Pakistan,Australia
Ahmed Shehzad,26,2014,Pakistan,Australia
Fawad Alam,0,2014,Pakistan,Australia
Sarfraz Ahmed,32,2014,Pakistan,Australia
Umar Amin,19,2014,Pakistan,Australia
Anwar Ali,14,2014,Pakistan,Australia
Mohammad Irfan,0,2014,Pakistan,Australia
Sohail Tanvir,10,2014,Pakistan,Australia
Shahid Afridi,6,2014,Pakistan,Australia
Wahab Riaz,9,2014,Pakistan,New Zealand
Haris Sohail,85,2014,Pakistan,New Zealand
Asad Shafiq,5,2014,Pakistan,New Zealand
Ahmed Shehzad,28,2014,Pakistan,New Zealand
Mohammad Hafeez,6,2014,Pakistan,New Zealand
Misbah-ul-Haq,13,2014,Pakistan,New Zealand
Shahid Afridi,61,2014,Pakistan,New Zealand
Younis Khan,4,2014,Pakistan,New Zealand
Sarfraz Ahmed,26,2014,Pakistan,New Zealand
Asad Shafiq,1,2014,Pakistan,New Zealand
Haris Sohail,33,2014,Pakistan,New Zealand
Wahab Riaz,14,2014,Pakistan,New Zealand
Ahmed Shehzad,0,2014,Pakistan,New Zealand
Mohammad Hafeez,76,2014,Pakistan,New Zealand
Sarfraz Ahmed,23,2014,Pakistan,New Zealand
Younis Khan,6,2014,Pakistan,New Zealand
Sohail Tanvir,14,2014,Pakistan,New Zealand
Misbah-ul-Haq,47,2014,Pakistan,New Zealand
Shahid Afridi,27,2014,Pakistan,New Zealand
MJ Henry,1,2014,Pakistan,New Zealand
Haris Sohail,39,2014,Pakistan,New Zealand
Asad Shafiq,23,2014,Pakistan,New Zealand
Ahmed Shehzad,113,2014,Pakistan,New Zealand
Mohammad Hafeez,33,2014,Pakistan,New Zealand
Shahid Afridi,55,2014,Pakistan,New Zealand
Umar Akmal,0,2014,Pakistan,New Zealand
Younis Khan,35,2014,Pakistan,New Zealand
Sohail Tanvir,17,2014,Pakistan,New Zealand
Sarfraz Ahmed,30,2014,Pakistan,New Zealand
Haris Sohail,13,2014,Pakistan,New Zealand
Ahmed Shehzad,0,2014,Pakistan,New Zealand
Mohammad Hafeez,3,2014,Pakistan,New Zealand
Sarfraz Ahmed,18,2014,Pakistan,New Zealand
Anwar Ali,20,2014,Pakistan,New Zealand
Umar Akmal,29,2014,Pakistan,New Zealand
Younis Khan,103,2014,Pakistan,New Zealand
Sohail Tanvir,11,2014,Pakistan,New Zealand
Nasir Jamshed,30,2014,Pakistan,New Zealand
Shahid Afridi,49,2014,Pakistan,New Zealand
Zulfiqar Babar,2,2014,Pakistan,New Zealand
Haris Sohail,65,2014,Pakistan,New Zealand
Asad Shafiq,7,2014,Pakistan,New Zealand
Ahmed Shehzad,54,2014,Pakistan,New Zealand
Shahid Afridi,13,2014,Pakistan,New Zealand
Anwar Ali,18,2014,Pakistan,New Zealand
Umar Akmal,6,2014,Pakistan,New Zealand
Mohammad Irfan,0,2014,Pakistan,New Zealand
Younis Khan,12,2014,Pakistan,New Zealand
Nasir Jamshed,0,2014,Pakistan,New Zealand
Sarfraz Ahmed,26,2014,Pakistan,New Zealand
AU Rashid,69,2015,Pakistan,England
LE Plunkett,13,2015,Pakistan,England
MJ Henry,0,2015,Pakistan,England
AU Rashid,34,2015,Pakistan,England
LE Plunkett,44,2015,Pakistan,England
AU Rashid,0,2015,Pakistan,England
MJ Henry,12,2015,Pakistan,England
AU Rashid,12,2015,Pakistan,England
AU Rashid,11,2015,Pakistan,England
LE Plunkett,24,2015,Pakistan,England
AU Rashid,2,2015,Pakistan,England
AU Rashid,1,2015,Pakistan,England
LE Plunkett,1,2015,Pakistan,England
LE Plunkett,17,2015,Pakistan,England
AU Rashid,35,2015,Pakistan,England
Sohaib Maqsood,89,2014,Pakistan,Sri Lanka
Ahmed Shehzad,49,2014,Pakistan,Sri Lanka
Mohammad Hafeez,21,2014,Pakistan,Sri Lanka
Umar Akmal,15,2014,Pakistan,Sri Lanka
Misbah-ul-Haq,13,2014,Pakistan,Sri Lanka
Younis Khan,3,2014,Pakistan,Sri Lanka
Fawad Alam,62,2014,Pakistan,Sri Lanka
Shahid Afridi,14,2014,Pakistan,Sri Lanka
Mohammad Irfan,1,2014,Pakistan,Sri Lanka
Junaid Khan,1,2014,Pakistan,Sri Lanka
Sohaib Maqsood,9,2014,Pakistan,Sri Lanka
Wahab Riaz,5,2014,Pakistan,Sri Lanka
Ahmed Shehzad,56,2014,Pakistan,Sri Lanka
Mohammad Hafeez,62,2014,Pakistan,Sri Lanka
Umar Akmal,1,2014,Pakistan,Sri Lanka
Sharjeel Khan,9,2014,Pakistan,Sri Lanka
Misbah-ul-Haq,36,2014,Pakistan,Sri Lanka
Fawad Alam,30,2014,Pakistan,Sri Lanka
Shahid Afridi,17,2014,Pakistan,Sri Lanka
Saeed Ajmal,6,2014,Pakistan,Sri Lanka
Sohaib Maqsood,7,2014,Pakistan,Sri Lanka
Wahab Riaz,0,2014,Pakistan,Sri Lanka
Ahmed Shehzad,10,2014,Pakistan,Sri Lanka
Mohammad Hafeez,1,2014,Pakistan,Sri Lanka
Misbah-ul-Haq,18,2014,Pakistan,Sri Lanka
Umar Akmal,7,2014,Pakistan,Sri Lanka
Sharjeel Khan,0,2014,Pakistan,Sri Lanka
Mohammad Irfan,5,2014,Pakistan,Sri Lanka
Fawad Alam,38,2014,Pakistan,Sri Lanka
Shahid Afridi,2,2014,Pakistan,Sri Lanka
KD Mills,1,2014,Pakistan,New Zealand
TA Boult,21,2014,Pakistan,New Zealand
TA Boult,10,2014,Pakistan,New Zealand
TA Boult,13,2015,Pakistan,New Zealand
MJ Henry,20,2015,Pakistan,New Zealand
KD Mills,30,2015,Pakistan,New Zealand
Ehsan Adil,6,2015,Pakistan,New Zealand
Haris Sohail,23,2015,Pakistan,New Zealand
Ahmed Shehzad,15,2015,Pakistan,New Zealand
Mohammad Hafeez,0,2015,Pakistan,New Zealand
Shahid Afridi,67,2015,Pakistan,New Zealand
Umar Akmal,13,2015,Pakistan,New Zealand
Mohammad Irfan,1,2015,Pakistan,New Zealand
Younis Khan,9,2015,Pakistan,New Zealand
Bilawal Bhatti,0,2015,Pakistan,New Zealand
Misbah-ul-Haq,58,2015,Pakistan,New Zealand
Sarfraz Ahmed,5,2015,Pakistan,New Zealand
Ehsan Adil,1,2015,Pakistan,New Zealand
Haris Sohail,6,2015,Pakistan,New Zealand
Ahmed Shehzad,55,2015,Pakistan,New Zealand
Mohammad Hafeez,86,2015,Pakistan,New Zealand
Misbah-ul-Haq,45,2015,Pakistan,New Zealand
Umar Akmal,4,2015,Pakistan,New Zealand
Sarfraz Ahmed,13,2015,Pakistan,New Zealand
Mohammad Irfan,0,2015,Pakistan,New Zealand
Younis Khan,11,2015,Pakistan,New Zealand
Bilawal Bhatti,9,2015,Pakistan,New Zealand
Shahid Afridi,11,2015,Pakistan,New Zealand
AU Rashid,2,2016,Pakistan,South Africa
AU Rashid,13,2016,Pakistan,South Africa
AU Rashid,39,2016,Pakistan,South Africa
AU Rashid,9,2016,Pakistan,South Africa
Saad Nasim,0,2015,Pakistan,Bangladesh
Haris Sohail,51,2015,Pakistan,Bangladesh
Mohammad Hafeez,4,2015,Pakistan,Bangladesh
Saeed Ajmal,0,2015,Pakistan,Bangladesh
Mohammad Rizwan,67,2015,Pakistan,Bangladesh
Fawad Alam,14,2015,Pakistan,Bangladesh
Rahat Ali,1,2015,Pakistan,Bangladesh
Azhar Ali,72,2015,Pakistan,Bangladesh
Wahab Riaz,8,2015,Pakistan,Bangladesh
Sarfraz Ahmed,24,2015,Pakistan,Bangladesh
Wahab Riaz,51,2015,Pakistan,Bangladesh
Haris Sohail,44,2015,Pakistan,Bangladesh
Saad Nasim,77,2015,Pakistan,Bangladesh
Mohammad Hafeez,0,2015,Pakistan,Bangladesh
Mohammad Rizwan,13,2015,Pakistan,Bangladesh
Fawad Alam,0,2015,Pakistan,Bangladesh
Azhar Ali,36,2015,Pakistan,Bangladesh
Sarfraz Ahmed,7,2015,Pakistan,Bangladesh
Junaid Khan,4,2015,Pakistan,Bangladesh
Wahab Riaz,7,2015,Pakistan,Bangladesh
Haris Sohail,52,2015,Pakistan,Bangladesh
Zulfiqar Babar,1,2015,Pakistan,Bangladesh
Saad Nasim,22,2015,Pakistan,Bangladesh
Mohammad Hafeez,4,2015,Pakistan,Bangladesh
Sami Aslam,45,2015,Pakistan,Bangladesh
Mohammad Rizwan,4,2015,Pakistan,Bangladesh
Fawad Alam,4,2015,Pakistan,Bangladesh
Azhar Ali,101,2015,Pakistan,Bangladesh
Umar Gul,0,2015,Pakistan,Bangladesh
Mohammad Rizwan,20,2015,Pakistan,Sri Lanka
Ahmed Shehzad,29,2015,Pakistan,Sri Lanka
Babar Azam,25,2015,Pakistan,Sri Lanka
Mohammad Hafeez,103,2015,Pakistan,Sri Lanka
Azhar Ali,21,2015,Pakistan,Sri Lanka
Shoaib Malik,55,2015,Pakistan,Sri Lanka
Yasir Shah,1,2015,Pakistan,Sri Lanka
Ahmed Shehzad,30,2015,Pakistan,Sri Lanka
Babar Azam,12,2015,Pakistan,Sri Lanka
Mohammad Hafeez,9,2015,Pakistan,Sri Lanka
Anwar Ali,29,2015,Pakistan,Sri Lanka
Mohammad Rizwan,52,2015,Pakistan,Sri Lanka
Azhar Ali,79,2015,Pakistan,Sri Lanka
Shoaib Malik,51,2015,Pakistan,Sri Lanka
Sarfraz Ahmed,7,2015,Pakistan,Sri Lanka
Ahmed Shehzad,44,2015,Pakistan,Sri Lanka
Mohammad Hafeez,54,2015,Pakistan,Sri Lanka
Mohammad Rizwan,35,2015,Pakistan,Sri Lanka
Azhar Ali,49,2015,Pakistan,Sri Lanka
Shoaib Malik,42,2015,Pakistan,Sri Lanka
Sarfraz Ahmed,77,2015,Pakistan,Sri Lanka
Ahmed Shehzad,95,2015,Pakistan,Sri Lanka
Mohammad Hafeez,70,2015,Pakistan,Sri Lanka
Azhar Ali,33,2015,Pakistan,Sri Lanka
Shoaib Malik,29,2015,Pakistan,Sri Lanka
Sarfraz Ahmed,17,2015,Pakistan,Sri Lanka
Mohammad Irfan,4,2015,Pakistan,Sri Lanka
Anwar Ali,11,2015,Pakistan,Sri Lanka
Imad Wasim,15,2015,Pakistan,Sri Lanka
Yasir Shah,9,2015,Pakistan,Sri Lanka
Ahmed Shehzad,18,2015,Pakistan,Sri Lanka
Mohammad Hafeez,37,2015,Pakistan,Sri Lanka
Rahat Ali,0,2015,Pakistan,Sri Lanka
Azhar Ali,35,2015,Pakistan,Sri Lanka
Shoaib Malik,11,2015,Pakistan,Sri Lanka
Sarfraz Ahmed,27,2015,Pakistan,Sri Lanka
Mohammad Rizwan,29,2015,Pakistan,Sri Lanka
Haris Sohail,89,2015,Pakistan,Zimbabwe
Azhar Ali,79,2015,Pakistan,Zimbabwe
Shoaib Malik,112,2015,Pakistan,Zimbabwe
Mohammad Hafeez,86,2015,Pakistan,Zimbabwe
Asad Shafiq,39,2015,Pakistan,Zimbabwe
Haris Sohail,52,2015,Pakistan,Zimbabwe
Mohammad Hafeez,15,2015,Pakistan,Zimbabwe
Azhar Ali,102,2015,Pakistan,Zimbabwe
Shoaib Malik,36,2015,Pakistan,Zimbabwe
Sarfraz Ahmed,22,2015,Pakistan,Zimbabwe
Bilal Asif,2,2015,Pakistan,England
AU Rashid,7,2015,Pakistan,England
Mohammad Hafeez,102,2015,Pakistan,England
Babar Azam,62,2015,Pakistan,England
Younis Khan,9,2015,Pakistan,England
Azhar Ali,8,2015,Pakistan,England
Shoaib Malik,26,2015,Pakistan,England
Mohammad Irfan,0,2015,Pakistan,England
Wahab Riaz,5,2015,Pakistan,England
Iftikhar Ahmed,5,2015,Pakistan,England
Yasir Shah,16,2015,Pakistan,England
Mohammad Hafeez,0,2015,Pakistan,England
Babar Azam,4,2015,Pakistan,England
Anwar Ali,23,2015,Pakistan,England
Azhar Ali,22,2015,Pakistan,England
Shoaib Malik,13,2015,Pakistan,England
Sarfraz Ahmed,64,2015,Pakistan,England
Mohammad Rizwan,17,2015,Pakistan,England
Iftikhar Ahmed,3,2015,Pakistan,England
Zafar Gohar,15,2015,Pakistan,England
Wahab Riaz,33,2015,Pakistan,England
Mohammad Hafeez,45,2015,Pakistan,England
Babar Azam,22,2015,Pakistan,England
Anwar Ali,7,2015,Pakistan,England
Mohammad Irfan,0,2015,Pakistan,England
Azhar Ali,36,2015,Pakistan,England
Shoaib Malik,16,2015,Pakistan,England
Sarfraz Ahmed,26,2015,Pakistan,England
Mohammad Rizwan,1,2015,Pakistan,England
Mohammad Irfan,0,2015,Pakistan,England
Wahab Riaz,1,2015,Pakistan,England
Yasir Shah,5,2015,Pakistan,England
Ahmed Shehzad,13,2015,Pakistan,England
Mohammad Hafeez,37,2015,Pakistan,England
Babar Azam,51,2015,Pakistan,England
Anwar Ali,24,2015,Pakistan,England
Azhar Ali,44,2015,Pakistan,England
Shoaib Malik,52,2015,Pakistan,England
Sarfraz Ahmed,24,2015,Pakistan,England
Mohammad Rizwan,11,2015,Pakistan,England
LE Plunkett,9,2016,Pakistan,England
Imad Wasim,0,2016,Pakistan,Ireland
Mohammad Hafeez,37,2016,Pakistan,Ireland
Babar Azam,29,2016,Pakistan,Ireland
Sharjeel Khan,152,2016,Pakistan,Ireland
Azhar Ali,1,2016,Pakistan,Ireland
Shoaib Malik,57,2016,Pakistan,Ireland
Mohammad Nawaz (3),53,2016,Pakistan,Ireland
Sarfraz Ahmed,2,2016,Pakistan,Ireland
Imad Wasim,17,2016,Pakistan,England
Mohammad Hafeez,11,2016,Pakistan,England
Babar Azam,40,2016,Pakistan,England
Sharjeel Khan,16,2016,Pakistan,England
Azhar Ali,82,2016,Pakistan,England
Shoaib Malik,17,2016,Pakistan,England
Mohammad Nawaz (3),17,2016,Pakistan,England
Sarfraz Ahmed,55,2016,Pakistan,England
Hasan Ali,0,2016,Pakistan,England
Yasir Shah,0,2016,Pakistan,England
Wahab Riaz,6,2016,Pakistan,England
Imad Wasim,63,2016,Pakistan,England
Babar Azam,30,2016,Pakistan,England
Mohammad Amir,6,2016,Pakistan,England
Sharjeel Khan,0,2016,Pakistan,England
Sami Aslam,1,2016,Pakistan,England
Azhar Ali,0,2016,Pakistan,England
Shoaib Malik,28,2016,Pakistan,England
Sarfraz Ahmed,105,2016,Pakistan,England
Hasan Ali,4,2016,Pakistan,England
Wahab Riaz,14,2016,Pakistan,England
Yasir Shah,26,2016,Pakistan,England
Mohammad Amir,58,2016,Pakistan,England
Babar Azam,9,2016,Pakistan,England
Sharjeel Khan,58,2016,Pakistan,England
Sami Aslam,8,2016,Pakistan,England
Azhar Ali,13,2016,Pakistan,England
Shoaib Malik,1,2016,Pakistan,England
Mohammad Nawaz (3),34,2016,Pakistan,England
Sarfraz Ahmed,38,2016,Pakistan,England
Hasan Ali,9,2016,Pakistan,England
Imad Wasim,57,2016,Pakistan,England
Babar Azam,12,2016,Pakistan,England
Sharjeel Khan,16,2016,Pakistan,England
Mohammad Rizwan,6,2016,Pakistan,England
Sami Aslam,24,2016,Pakistan,England
Azhar Ali,80,2016,Pakistan,England
Umar Gul,6,2016,Pakistan,England
Mohammad Nawaz (3),13,2016,Pakistan,England
Sarfraz Ahmed,12,2016,Pakistan,England
Imad Wasim,16,2016,Pakistan,England
Mohammad Nawaz (3),2,2016,Pakistan,England
Babar Azam,31,2016,Pakistan,England
Sarfraz Ahmed,90,2016,Pakistan,England
Sharjeel Khan,10,2016,Pakistan,England
Azhar Ali,33,2016,Pakistan,England
Shoaib Malik,77,2016,Pakistan,England
Mohammad Rizwan,34,2016,Pakistan,England
Imad Wasim,1,2016,Pakistan,New Zealand
Sohaib Maqsood,10,2016,Pakistan,New Zealand
Babar Azam,62,2016,Pakistan,New Zealand
Mohammad Amir,0,2016,Pakistan,New Zealand
TA Boult,4,2016,Pakistan,New Zealand
Sarfraz Ahmed,30,2016,Pakistan,New Zealand
Ahmed Shehzad,13,2016,Pakistan,New Zealand
Wahab Riaz,5,2016,Pakistan,New Zealand
Mohammad Hafeez,42,2016,Pakistan,New Zealand
Anwar Ali,16,2016,Pakistan,New Zealand
Mohammad Irfan,0,2016,Pakistan,New Zealand
MJ Henry,48,2016,Pakistan,New Zealand
Azhar Ali,19,2016,Pakistan,New Zealand
MJ Henry,5,2016,Pakistan,New Zealand
TA Boult,2,2016,Pakistan,New Zealand
MJ Henry,0,2016,Pakistan,New Zealand
MJ Henry,0,2016,Pakistan,New Zealand
Wahab Riaz,11,2016,Pakistan,New Zealand
Ahmed Shehzad,12,2016,Pakistan,New Zealand
Mohammad Amir,1,2016,Pakistan,New Zealand
Babar Azam,83,2016,Pakistan,New Zealand
Mohammad Hafeez,76,2016,Pakistan,New Zealand
Mohammad Irfan,0,2016,Pakistan,New Zealand
Rahat Ali,0,2016,Pakistan,New Zealand
Azhar Ali,3,2016,Pakistan,New Zealand
Shoaib Malik,32,2016,Pakistan,New Zealand
Sarfraz Ahmed,41,2016,Pakistan,New Zealand
Mohammad Rizwan,16,2016,Pakistan,New Zealand
Imad Wasim,61,2015,Pakistan,Zimbabwe
Aamer Yamin,1,2015,Pakistan,Zimbabwe
Ahmed Shehzad,12,2015,Pakistan,Zimbabwe
Mohammad Hafeez,10,2015,Pakistan,Zimbabwe
Mohammad Rizwan,75,2015,Pakistan,Zimbabwe
Azhar Ali,11,2015,Pakistan,Zimbabwe
Shoaib Malik,31,2015,Pakistan,Zimbabwe
Sarfraz Ahmed,44,2015,Pakistan,Zimbabwe
Asad Shafiq,1,2015,Pakistan,Zimbabwe
Aamer Yamin,62,2015,Pakistan,Zimbabwe
Bilal Asif,0,2015,Pakistan,Zimbabwe
Mohammad Hafeez,27,2015,Pakistan,Zimbabwe
Mohammad Rizwan,8,2015,Pakistan,Zimbabwe
Yasir Shah,32,2015,Pakistan,Zimbabwe
Azhar Ali,1,2015,Pakistan,Zimbabwe
Shoaib Malik,96,2015,Pakistan,Zimbabwe
Wahab Riaz,3,2015,Pakistan,Zimbabwe
Sarfraz Ahmed,9,2015,Pakistan,Zimbabwe
Asad Shafiq,38,2015,Pakistan,Zimbabwe
Bilal Asif,38,2015,Pakistan,Zimbabwe
Ahmed Shehzad,32,2015,Pakistan,Zimbabwe
Mohammad Hafeez,13,2015,Pakistan,Zimbabwe
Shoaib Malik,34,2015,Pakistan,Zimbabwe
