R Ashwin,1,2017,South Africa,India
HH Gibbs,16,2006,South Africa,Australia
MV Boucher,63,2006,South Africa,Australia
JM Kemp,29,2006,South Africa,Australia
JH Kallis,0,2006,South Africa,Australia
GC Smith,12,2006,South Africa,Australia
AG Prince,19,2006,South Africa,Australia
AJ Hall,1,2006,South Africa,Australia
SM Pollock,46,2006,South Africa,Australia
MV Boucher,5,2006,South Africa,Australia
HH Gibbs,39,2006,South Africa,Australia
J Botha,15,2006,South Africa,Australia
AG Prince,21,2006,South Africa,Australia
GC Smith,9,2006,South Africa,Australia
JM Kemp,3,2006,South Africa,Australia
GJP Kruger,0,2006,South Africa,Australia
JJ van der Wath,0,2006,South Africa,Australia
MV Boucher,0,2006,South Africa,Australia
HH Gibbs,33,2006,South Africa,Australia
J Botha,46,2006,South Africa,Australia
AJ Hall,19,2006,South Africa,Australia
JM Kemp,20,2006,South Africa,Australia
GC Smith,0,2006,South Africa,Australia
SM Pollock,16,2006,South Africa,Australia
JJ van der Wath,8,2006,South Africa,Australia
JA Rudolph,19,2006,South Africa,Australia
AG Prince,24,2006,South Africa,Australia
MV Boucher,76,2006,South Africa,Australia
JM Kemp,28,2006,South Africa,Australia
GC Smith,6,2006,South Africa,Australia
HH Gibbs,46,2006,South Africa,Australia
JJ van der Wath,37,2006,South Africa,Australia
JA Rudolph,31,2006,South Africa,Australia
AG Prince,25,2006,South Africa,Australia
MV Boucher,62,2006,South Africa,Sri Lanka
J Botha,2,2006,South Africa,Sri Lanka
AJ Hall,4,2006,South Africa,Sri Lanka
JM Kemp,10,2006,South Africa,Sri Lanka
GC Smith,3,2006,South Africa,Sri Lanka
HH Gibbs,7,2006,South Africa,Sri Lanka
SM Pollock,4,2006,South Africa,Sri Lanka
GJP Kruger,0,2006,South Africa,Sri Lanka
JA Rudolph,53,2006,South Africa,Sri Lanka
AG Prince,29,2006,South Africa,Sri Lanka
HH Gibbs,68,2006,South Africa,Sri Lanka
JM Kemp,6,2006,South Africa,Sri Lanka
GC Smith,28,2006,South Africa,Sri Lanka
SM Pollock,8,2006,South Africa,Sri Lanka
JJ van der Wath,0,2006,South Africa,Sri Lanka
JA Rudolph,11,2006,South Africa,Sri Lanka
MV Boucher,30,2006,South Africa,Sri Lanka
JM Kemp,6,2006,South Africa,Sri Lanka
GC Smith,41,2006,South Africa,Sri Lanka
AG Prince,20,2006,South Africa,Sri Lanka
JA Rudolph,25,2006,South Africa,Sri Lanka
HH Gibbs,4,2006,South Africa,Sri Lanka
HH Gibbs,0,2006,South Africa,Sri Lanka
MV Boucher,24,2006,South Africa,Sri Lanka
SM Pollock,15,2006,South Africa,Sri Lanka
AJ Hall,18,2006,South Africa,Sri Lanka
J Botha,17,2006,South Africa,Sri Lanka
AG Prince,22,2006,South Africa,Sri Lanka
GC Smith,67,2006,South Africa,Sri Lanka
JM Kemp,0,2006,South Africa,Sri Lanka
JJ van der Wath,0,2006,South Africa,Sri Lanka
AB Agarkar,3,2006,South Africa,Pakistan
MV Boucher,4,2006,South Africa,Australia
HH Gibbs,0,2006,South Africa,Australia
AB de Villiers,43,2006,South Africa,Australia
JM Kemp,24,2006,South Africa,Australia
GC Smith,119,2006,South Africa,Australia
MV Boucher,42,2006,South Africa,Australia
AB de Villiers,18,2006,South Africa,Australia
AJ Hall,4,2006,South Africa,Australia
GC Smith,24,2006,South Africa,Australia
JM Kemp,51,2006,South Africa,Australia
RJ Peterson,4,2006,South Africa,Australia
HH Gibbs,66,2006,South Africa,Australia
SM Pollock,38,2006,South Africa,Australia
MV Boucher,5,2006,South Africa,Australia
HH Gibbs,16,2006,South Africa,Australia
AB de Villiers,68,2006,South Africa,Australia
JM Kemp,0,2006,South Africa,Australia
GC Smith,10,2006,South Africa,Australia
RJ Peterson,3,2006,South Africa,Australia
AJ Hall,5,2006,South Africa,Australia
R Telemachus,29,2006,South Africa,Australia
M Ntini,1,2006,South Africa,Australia
SM Pollock,69,2006,South Africa,Australia
MV Boucher,19,2006,South Africa,Australia
JM Kemp,1,2006,South Africa,Australia
AB de Villiers,38,2006,South Africa,Australia
JH Kallis,21,2006,South Africa,Australia
R Telemachus,0,2006,South Africa,Australia
GC Smith,1,2006,South Africa,Australia
HH Gibbs,1,2006,South Africa,Australia
SM Pollock,53,2006,South Africa,Australia
MV Boucher,50,2006,South Africa,Australia
AB de Villiers,14,2006,South Africa,Australia
JH Kallis,20,2006,South Africa,Australia
JM Kemp,13,2006,South Africa,Australia
GC Smith,90,2006,South Africa,Australia
HH Gibbs,175,2006,South Africa,Australia
R Telemachus,12,2006,South Africa,Australia
AJ Hall,7,2006,South Africa,Australia
M Ntini,1,2006,South Africa,Australia
JJ van der Wath,35,2006,South Africa,Australia
AB Agarkar,2,2006,South Africa,West Indies
AB Agarkar,8,2006,South Africa,West Indies
AB Agarkar,0,2006,South Africa,West Indies
AB Agarkar,21,2006,South Africa,West Indies
AB Agarkar,12,2006,South Africa,India
MV Boucher,75,2007,South Africa,Netherlands
AB de Villiers,0,2007,South Africa,Netherlands
JH Kallis,128,2007,South Africa,Netherlands
HH Gibbs,72,2007,South Africa,Netherlands
GC Smith,67,2007,South Africa,Netherlands
AB Agarkar,0,2007,South Africa,Bangladesh
AB de Villiers,62,2007,South Africa,Scotland
JM Kemp,12,2007,South Africa,Scotland
GC Smith,91,2007,South Africa,Scotland
AG Prince,21,2007,South Africa,Scotland
AB Agarkar,10,2007,South Africa,India
MV Boucher,22,2007,South Africa,Australia
HH Gibbs,17,2007,South Africa,Australia
AB de Villiers,92,2007,South Africa,Australia
JH Kallis,48,2007,South Africa,Australia
JM Kemp,1,2007,South Africa,Australia
GC Smith,74,2007,South Africa,Australia
SM Pollock,7,2007,South Africa,Australia
M Ntini,7,2007,South Africa,Australia
AJ Hall,8,2007,South Africa,Australia
AG Prince,1,2007,South Africa,Australia
AJ Hall,0,2007,South Africa,Sri Lanka
SM Pollock,13,2007,South Africa,Sri Lanka
AB de Villiers,0,2007,South Africa,Sri Lanka
JH Kallis,86,2007,South Africa,Sri Lanka
HH Gibbs,31,2007,South Africa,Sri Lanka
RJ Peterson,4,2007,South Africa,Sri Lanka
M Ntini,0,2007,South Africa,Sri Lanka
GC Smith,59,2007,South Africa,Sri Lanka
JM Kemp,5,2007,South Africa,Sri Lanka
MV Boucher,0,2007,South Africa,Sri Lanka
JH Kallis,66,2007,South Africa,Ireland
AB de Villiers,0,2007,South Africa,Ireland
GC Smith,41,2007,South Africa,Ireland
HH Gibbs,6,2007,South Africa,Ireland
AG Prince,47,2007,South Africa,Ireland
MV Boucher,12,2007,South Africa,Bangladesh
AB de Villiers,15,2007,South Africa,Bangladesh
JH Kallis,32,2007,South Africa,Bangladesh
JM Kemp,7,2007,South Africa,Bangladesh
GC Smith,12,2007,South Africa,Bangladesh
SM Pollock,17,2007,South Africa,Bangladesh
M Ntini,8,2007,South Africa,Bangladesh
A Nel,1,2007,South Africa,Bangladesh
HH Gibbs,56,2007,South Africa,Bangladesh
AG Prince,1,2007,South Africa,Bangladesh
MV Boucher,52,2007,South Africa,West Indies
JH Kallis,81,2007,South Africa,West Indies
GC Smith,7,2007,South Africa,West Indies
AB de Villiers,146,2007,South Africa,West Indies
HH Gibbs,61,2007,South Africa,West Indies
MV Boucher,16,2007,South Africa,New Zealand
HH Gibbs,60,2007,South Africa,New Zealand
AB de Villiers,0,2007,South Africa,New Zealand
AJ Hall,17,2007,South Africa,New Zealand
JH Kallis,22,2007,South Africa,New Zealand
GC Smith,1,2007,South Africa,New Zealand
SM Pollock,21,2007,South Africa,New Zealand
RJ Peterson,8,2007,South Africa,New Zealand
AG Prince,37,2007,South Africa,New Zealand
JH Kallis,17,2007,South Africa,England
AB de Villiers,42,2007,South Africa,England
GC Smith,89,2007,South Africa,England
MV Boucher,0,2007,South Africa,Australia
SM Pollock,5,2007,South Africa,Australia
AB de Villiers,15,2007,South Africa,Australia
AJ Hall,3,2007,South Africa,Australia
JH Kallis,5,2007,South Africa,Australia
GC Smith,2,2007,South Africa,Australia
JM Kemp,49,2007,South Africa,Australia
A Nel,8,2007,South Africa,Australia
HH Gibbs,39,2007,South Africa,Australia
AG Prince,0,2007,South Africa,Australia
MV Boucher,23,2006,South Africa,India
HH Gibbs,2,2006,South Africa,India
LE Bosman,22,2006,South Africa,India
AB de Villiers,41,2006,South Africa,India
JH Kallis,119,2006,South Africa,India
AB Agarkar,6,2006,South Africa,India
GC Smith,1,2006,South Africa,India
JM Kemp,8,2006,South Africa,India
A Nel,22,2006,South Africa,India
SM Pollock,0,2006,South Africa,India
MV Boucher,4,2006,South Africa,India
JM Kemp,100,2006,South Africa,India
LE Bosman,6,2006,South Africa,India
AJ Hall,56,2006,South Africa,India
JH Kallis,0,2006,South Africa,India
AB Agarkar,6,2006,South Africa,India
GC Smith,0,2006,South Africa,India
SM Pollock,33,2006,South Africa,India
AB de Villiers,29,2006,South Africa,India
HH Gibbs,35,2006,South Africa,India
MV Boucher,29,2006,South Africa,India
HH Gibbs,93,2006,South Africa,India
LE Bosman,0,2006,South Africa,India
AJ Hall,13,2006,South Africa,India
JH Kallis,49,2006,South Africa,India
GC Smith,0,2006,South Africa,India
JM Kemp,0,2006,South Africa,India
AB Agarkar,6,2006,South Africa,India
A Nel,0,2006,South Africa,India
AB de Villiers,13,2006,South Africa,India
SM Pollock,37,2006,South Africa,India
AB de Villiers,92,2006,South Africa,India
GC Smith,79,2006,South Africa,India
SM Pollock,16,2006,South Africa,India
JH Kallis,8,2006,South Africa,New Zealand
MV Boucher,8,2006,South Africa,New Zealand
SM Pollock,1,2006,South Africa,New Zealand
HH Gibbs,0,2006,South Africa,New Zealand
RJ Peterson,0,2006,South Africa,New Zealand
M Ntini,1,2006,South Africa,New Zealand
AJ Hall,13,2006,South Africa,New Zealand
A Nel,0,2006,South Africa,New Zealand
GC Smith,42,2006,South Africa,New Zealand
JM Kemp,26,2006,South Africa,New Zealand
MV Boucher,29,2006,South Africa,Sri Lanka
HH Gibbs,16,2006,South Africa,Sri Lanka
AB de Villiers,54,2006,South Africa,Sri Lanka
JH Kallis,43,2006,South Africa,Sri Lanka
SM Pollock,21,2006,South Africa,Sri Lanka
RJ Peterson,22,2006,South Africa,Sri Lanka
A Nel,0,2006,South Africa,Sri Lanka
M Ntini,1,2006,South Africa,Sri Lanka
GC Smith,10,2006,South Africa,Sri Lanka
JM Kemp,7,2006,South Africa,Sri Lanka
AB Agarkar,1,2006,South Africa,India
MV Boucher,69,2006,South Africa,Pakistan
SM Pollock,2,2006,South Africa,Pakistan
AB de Villiers,10,2006,South Africa,Pakistan
GC Smith,0,2006,South Africa,Pakistan
JM Kemp,64,2006,South Africa,Pakistan
JH Kallis,17,2006,South Africa,Pakistan
A Nel,12,2006,South Africa,Pakistan
M Ntini,0,2006,South Africa,Pakistan
HH Gibbs,0,2006,South Africa,Pakistan
MV Boucher,16,2006,South Africa,West Indies
HH Gibbs,77,2006,South Africa,West Indies
LE Bosman,39,2006,South Africa,West Indies
AB de Villiers,46,2006,South Africa,West Indies
JH Kallis,16,2006,South Africa,West Indies
GC Smith,19,2006,South Africa,West Indies
JM Kemp,3,2006,South Africa,West Indies
RJ Peterson,15,2006,South Africa,West Indies
A Nel,0,2006,South Africa,West Indies
SM Pollock,4,2006,South Africa,West Indies
MV Boucher,78,2007,South Africa,Pakistan
JM Kemp,11,2007,South Africa,Pakistan
LE Bosman,4,2007,South Africa,Pakistan
AB de Villiers,67,2007,South Africa,Pakistan
JH Kallis,88,2007,South Africa,Pakistan
GC Smith,72,2007,South Africa,Pakistan
SM Pollock,2,2007,South Africa,Pakistan
AG Prince,39,2007,South Africa,Pakistan
MV Boucher,21,2007,South Africa,Pakistan
JM Kemp,22,2007,South Africa,Pakistan
AB de Villiers,43,2007,South Africa,Pakistan
JH Kallis,34,2007,South Africa,Pakistan
HH Gibbs,14,2007,South Africa,Pakistan
SM Pollock,32,2007,South Africa,Pakistan
M Ntini,9,2007,South Africa,Pakistan
A Nel,5,2007,South Africa,Pakistan
GC Smith,15,2007,South Africa,Pakistan
AG Prince,2,2007,South Africa,Pakistan
AB de Villiers,50,2007,South Africa,Pakistan
GC Smith,56,2007,South Africa,Pakistan
AB de Villiers,71,2007,South Africa,Pakistan
GC Smith,0,2007,South Africa,Pakistan
JH Kallis,71,2007,South Africa,Pakistan
SM Pollock,16,2006,South Africa,Zimbabwe
LE Bosman,5,2006,South Africa,Zimbabwe
MV Boucher,8,2006,South Africa,Zimbabwe
JH Kallis,4,2006,South Africa,Zimbabwe
HH Gibbs,2,2006,South Africa,Zimbabwe
JP Duminy,60,2006,South Africa,Zimbabwe
AB Agarkar,4,2006,South Africa,India
AB Agarkar,9,2006,South Africa,Australia
MV Boucher,147,2006,South Africa,Zimbabwe
AN Petersen,80,2006,South Africa,Zimbabwe
LE Bosman,88,2006,South Africa,Zimbabwe
JH Kallis,50,2006,South Africa,Zimbabwe
JM Kemp,10,2006,South Africa,Zimbabwe
JP Duminy,24,2006,South Africa,Zimbabwe
JJ van der Wath,5,2006,South Africa,Zimbabwe
AB Agarkar,11,2007,South Africa,England
AB Agarkar,1,2007,South Africa,England
AB Agarkar,6,2007,South Africa,England
AB Agarkar,1,2007,South Africa,England
AN Petersen,20,2006,South Africa,Zimbabwe
LE Bosman,38,2006,South Africa,Zimbabwe
JM Kemp,28,2006,South Africa,Zimbabwe
JH Kallis,26,2006,South Africa,Zimbabwe
JP Duminy,31,2006,South Africa,Zimbabwe
AB Agarkar,2,2007,South Africa,India
MV Boucher,25,2007,South Africa,Africa XI
SM Pollock,130,2007,South Africa,Africa XI
LE Bosman,2,2007,South Africa,Africa XI
AB de Villiers,4,2007,South Africa,Africa XI
M Morkel,4,2007,South Africa,Africa XI
JM Kemp,5,2007,South Africa,Africa XI
JA Morkel,9,2007,South Africa,Africa XI
MV Boucher,73,2007,South Africa,Africa XI
SM Pollock,35,2007,South Africa,Africa XI
AB de Villiers,13,2007,South Africa,Africa XI
JM Kemp,0,2007,South Africa,Africa XI
M Morkel,25,2007,South Africa,Africa XI
J Botha,13,2007,South Africa,Africa XI
JA Morkel,13,2007,South Africa,Africa XI
MV Boucher,7,2007,South Africa,Africa XI
SM Pollock,58,2007,South Africa,Africa XI
AB de Villiers,70,2007,South Africa,Africa XI
JM Kemp,86,2007,South Africa,Africa XI
J Botha,18,2007,South Africa,Africa XI
MV Boucher,2,2007,South Africa,Ireland
MN van Wyk,52,2007,South Africa,Ireland
AB de Villiers,40,2007,South Africa,Ireland
JH Kallis,46,2007,South Africa,Ireland
JM Kemp,18,2007,South Africa,Ireland
HH Gibbs,2,2007,South Africa,Ireland
AB de Villiers,24,2007,South Africa,India
JH Kallis,91,2007,South Africa,India
MN van Wyk,44,2007,South Africa,India
JP Duminy,11,2007,South Africa,India
AJ Hall,16,2007,South Africa,India
VD Philander,17,2007,South Africa,India
HH Gibbs,5,2007,South Africa,India
MV Boucher,23,2007,South Africa,India
AJ Hall,17,2007,South Africa,India
HH Gibbs,17,2007,South Africa,India
AB de Villiers,0,2007,South Africa,India
JP Duminy,40,2007,South Africa,India
MN van Wyk,82,2007,South Africa,India
JH Kallis,2,2007,South Africa,India
A Nel,1,2007,South Africa,India
MV Boucher,55,2007,South Africa,India
AJ Hall,1,2007,South Africa,India
JM Kemp,61,2007,South Africa,India
AB de Villiers,15,2007,South Africa,India
JP Duminy,0,2007,South Africa,India
MN van Wyk,0,2007,South Africa,India
JH Kallis,0,2007,South Africa,India
HH Gibbs,56,2007,South Africa,India
MV Boucher,11,2007,South Africa,India
MV Boucher,16,2008,South Africa,England
J Botha,26,2008,South Africa,England
AB de Villiers,24,2008,South Africa,England
JH Kallis,52,2008,South Africa,England
VD Philander,23,2008,South Africa,England
GC Smith,21,2008,South Africa,England
HH Gibbs,37,2008,South Africa,England
A Nel,10,2008,South Africa,England
M Ntini,2,2008,South Africa,England
DW Steyn,3,2008,South Africa,England
JP Duminy,18,2008,South Africa,England
MV Boucher,10,2008,South Africa,England
AB de Villiers,5,2008,South Africa,England
JP Duminy,8,2008,South Africa,England
GC Smith,9,2008,South Africa,England
HH Gibbs,10,2008,South Africa,England
JH Kallis,6,2008,South Africa,England
JA Morkel,6,2008,South Africa,England
J Botha,1,2008,South Africa,England
A Nel,13,2008,South Africa,England
M Ntini,0,2008,South Africa,England
DW Steyn,6,2008,South Africa,England
MV Boucher,19,2008,South Africa,England
M Morkel,6,2008,South Africa,England
J Botha,17,2008,South Africa,England
AB de Villiers,12,2008,South Africa,England
JH Kallis,9,2008,South Africa,England
HM Amla,46,2008,South Africa,England
HH Gibbs,12,2008,South Africa,England
JP Duminy,18,2008,South Africa,England
M Ntini,0,2008,South Africa,England
JA Morkel,16,2008,South Africa,England
DW Steyn,5,2008,South Africa,England
MV Boucher,10,2008,South Africa,England
AB de Villiers,14,2008,South Africa,England
JP Duminy,20,2008,South Africa,England
VD Philander,10,2008,South Africa,England
HH Gibbs,74,2008,South Africa,England
JH Kallis,1,2008,South Africa,England
J Botha,2,2008,South Africa,England
HM Amla,34,2008,South Africa,England
MV Boucher,35,2007,South Africa,New Zealand
MN van Wyk,0,2007,South Africa,New Zealand
AB de Villiers,87,2007,South Africa,New Zealand
JH Kallis,1,2007,South Africa,New Zealand
GC Smith,44,2007,South Africa,New Zealand
SM Pollock,6,2007,South Africa,New Zealand
J Botha,6,2007,South Africa,New Zealand
A Nel,10,2007,South Africa,New Zealand
JA Morkel,0,2007,South Africa,New Zealand
JP Duminy,46,2007,South Africa,New Zealand
MV Boucher,48,2007,South Africa,New Zealand
HH Gibbs,0,2007,South Africa,New Zealand
AB de Villiers,8,2007,South Africa,New Zealand
JP Duminy,23,2007,South Africa,New Zealand
GC Smith,0,2007,South Africa,New Zealand
SM Pollock,52,2007,South Africa,New Zealand
JH Kallis,26,2007,South Africa,New Zealand
J Botha,8,2007,South Africa,New Zealand
A Nel,30,2007,South Africa,New Zealand
JA Morkel,6,2007,South Africa,New Zealand
MV Boucher,26,2007,South Africa,New Zealand
HH Gibbs,119,2007,South Africa,New Zealand
AB de Villiers,2,2007,South Africa,New Zealand
GC Smith,51,2007,South Africa,New Zealand
SM Pollock,4,2007,South Africa,New Zealand
JH Kallis,30,2007,South Africa,New Zealand
JP Duminy,1,2007,South Africa,New Zealand
MV Boucher,26,2008,South Africa,West Indies
AB de Villiers,2,2008,South Africa,West Indies
JH Kallis,24,2008,South Africa,West Indies
GC Smith,1,2008,South Africa,West Indies
JL Ontong,23,2008,South Africa,West Indies
JP Duminy,79,2008,South Africa,West Indies
MV Boucher,17,2008,South Africa,West Indies
HH Gibbs,5,2008,South Africa,West Indies
AB de Villiers,45,2008,South Africa,West Indies
JP Duminy,68,2008,South Africa,West Indies
GC Smith,86,2008,South Africa,West Indies
SM Pollock,12,2008,South Africa,West Indies
JH Kallis,7,2008,South Africa,West Indies
J Botha,3,2008,South Africa,West Indies
DW Steyn,1,2008,South Africa,West Indies
M Morkel,0,2008,South Africa,West Indies
AB de Villiers,18,2008,South Africa,West Indies
JH Kallis,121,2008,South Africa,West Indies
GC Smith,56,2008,South Africa,West Indies
HH Gibbs,15,2008,South Africa,West Indies
JP Duminy,36,2008,South Africa,West Indies
MV Boucher,21,2008,South Africa,West Indies
HH Gibbs,39,2008,South Africa,West Indies
SM Pollock,21,2008,South Africa,West Indies
GC Smith,50,2008,South Africa,West Indies
JH Kallis,1,2008,South Africa,West Indies
AB de Villiers,77,2008,South Africa,West Indies
JP Duminy,44,2008,South Africa,West Indies
JH Kallis,74,2008,South Africa,West Indies
HH Gibbs,102,2008,South Africa,West Indies
GC Smith,5,2008,South Africa,West Indies
SM Pollock,10,2008,South Africa,West Indies
MV Boucher,14,2007,South Africa,Pakistan
JM Kemp,1,2007,South Africa,Pakistan
AB de Villiers,103,2007,South Africa,Pakistan
JH Kallis,8,2007,South Africa,Pakistan
HH Gibbs,102,2007,South Africa,Pakistan
GC Smith,34,2007,South Africa,Pakistan
SM Pollock,5,2007,South Africa,Pakistan
MV Boucher,14,2007,South Africa,Pakistan
SM Pollock,37,2007,South Africa,Pakistan
AB de Villiers,35,2007,South Africa,Pakistan
JH Kallis,0,2007,South Africa,Pakistan
HH Gibbs,0,2007,South Africa,Pakistan
M Ntini,9,2007,South Africa,Pakistan
J Botha,9,2007,South Africa,Pakistan
JA Morkel,31,2007,South Africa,Pakistan
GC Smith,65,2007,South Africa,Pakistan
JM Kemp,8,2007,South Africa,Pakistan
MV Boucher,17,2007,South Africa,Pakistan
JM Kemp,42,2007,South Africa,Pakistan
AB de Villiers,17,2007,South Africa,Pakistan
JH Kallis,13,2007,South Africa,Pakistan
GC Smith,48,2007,South Africa,Pakistan
HH Gibbs,19,2007,South Africa,Pakistan
J Botha,7,2007,South Africa,Pakistan
JA Morkel,12,2007,South Africa,Pakistan
M Ntini,0,2007,South Africa,Pakistan
SM Pollock,1,2007,South Africa,Pakistan
SM Pollock,90,2007,South Africa,Pakistan
AB de Villiers,1,2007,South Africa,Pakistan
JH Kallis,6,2007,South Africa,Pakistan
GC Smith,81,2007,South Africa,Pakistan
HH Gibbs,39,2007,South Africa,Pakistan
MV Boucher,5,2007,South Africa,Pakistan
SM Pollock,2,2007,South Africa,Pakistan
J Botha,0,2007,South Africa,Pakistan
AB de Villiers,17,2007,South Africa,Pakistan
JH Kallis,86,2007,South Africa,Pakistan
HH Gibbs,54,2007,South Africa,Pakistan
M Ntini,3,2007,South Africa,Pakistan
JA Morkel,5,2007,South Africa,Pakistan
JP Duminy,44,2007,South Africa,Pakistan
GC Smith,0,2007,South Africa,Pakistan
A Nel,3,2007,South Africa,Pakistan
SM Pollock,16,2007,South Africa,Zimbabwe
LE Bosman,0,2007,South Africa,Zimbabwe
JP Duminy,3,2007,South Africa,Zimbabwe
VD Philander,17,2007,South Africa,Zimbabwe
GC Smith,50,2007,South Africa,Zimbabwe
AB de Villiers,63,2007,South Africa,Zimbabwe
GH Bodi,51,2007,South Africa,Zimbabwe
AB de Villiers,0,2007,South Africa,Zimbabwe
JP Duminy,24,2007,South Africa,Zimbabwe
GC Smith,96,2007,South Africa,Zimbabwe
HH Gibbs,111,2007,South Africa,Zimbabwe
AB de Villiers,107,2007,South Africa,Zimbabwe
JP Duminy,6,2007,South Africa,Zimbabwe
VD Philander,6,2007,South Africa,Zimbabwe
GC Smith,24,2007,South Africa,Zimbabwe
SM Pollock,8,2007,South Africa,Zimbabwe
GH Bodi,32,2007,South Africa,Zimbabwe
JA Morkel,97,2007,South Africa,Zimbabwe
MS Tshabalala,2,2007,South Africa,Zimbabwe
M Ntini,1,2007,South Africa,Zimbabwe
JJ van der Wath,4,2007,South Africa,Zimbabwe
M Morkel,23,2007,South Africa,Zimbabwe
GC Smith,103,2008,South Africa,Bangladesh
HH Gibbs,57,2008,South Africa,Bangladesh
HM Amla,9,2008,South Africa,Bangladesh
AB de Villiers,69,2008,South Africa,Bangladesh
JP Duminy,49,2008,South Africa,Bangladesh
GC Smith,28,2008,South Africa,Bangladesh
HH Gibbs,3,2008,South Africa,Bangladesh
HM Amla,16,2008,South Africa,Bangladesh
AB de Villiers,40,2008,South Africa,Bangladesh
JP Duminy,0,2008,South Africa,Bangladesh
GC Smith,68,2008,South Africa,Bangladesh
HH Gibbs,10,2008,South Africa,Bangladesh
AN Petersen,24,2008,South Africa,Bangladesh
MV Boucher,8,2008,South Africa,Bangladesh
J Louw,23,2008,South Africa,Bangladesh
AB de Villiers,35,2008,South Africa,Bangladesh
JP Duminy,36,2008,South Africa,Bangladesh
HM Amla,35,2008,South Africa,Bangladesh
M Morkel,6,2008,South Africa,Bangladesh
JL Ontong,27,2008,South Africa,Bangladesh
JH Kallis,50,2008,South Africa,Bangladesh
J Botha,23,2008,South Africa,Bangladesh
JA Morkel,31,2008,South Africa,Bangladesh
MV Boucher,0,2009,South Africa,Australia
AB de Villiers,2,2009,South Africa,Australia
JP Duminy,15,2009,South Africa,Australia
HM Amla,7,2009,South Africa,Australia
GC Smith,52,2009,South Africa,Australia
HH Gibbs,33,2009,South Africa,Australia
M Ntini,2,2009,South Africa,Australia
J Botha,8,2009,South Africa,Australia
JA Morkel,14,2009,South Africa,Australia
DW Steyn,1,2009,South Africa,Australia
M Morkel,2,2009,South Africa,Australia
AB de Villiers,36,2009,South Africa,Australia
JH Kallis,31,2009,South Africa,Australia
HH Gibbs,2,2009,South Africa,Australia
JP Duminy,11,2009,South Africa,Australia
GC Smith,40,2009,South Africa,Australia
MV Boucher,28,2009,South Africa,Australia
AB de Villiers,80,2009,South Africa,Australia
JP Duminy,32,2009,South Africa,Australia
GC Smith,8,2009,South Africa,Australia
HH Gibbs,26,2009,South Africa,Australia
JH Kallis,70,2009,South Africa,Australia
JA Morkel,29,2009,South Africa,Australia
RE van der Merwe,6,2009,South Africa,Australia
MV Boucher,29,2009,South Africa,Australia
AB de Villiers,84,2009,South Africa,Australia
JH Kallis,17,2009,South Africa,Australia
GC Smith,20,2009,South Africa,Australia
HH Gibbs,110,2009,South Africa,Australia
JP Duminy,40,2009,South Africa,Australia
JA Morkel,4,2009,South Africa,Australia
MV Boucher,9,2009,South Africa,Australia
AB de Villiers,38,2009,South Africa,Australia
JH Kallis,64,2009,South Africa,Australia
GC Smith,20,2009,South Africa,Australia
HH Gibbs,82,2009,South Africa,Australia
M Ntini,9,2009,South Africa,Australia
JP Duminy,3,2009,South Africa,Australia
DW Steyn,0,2009,South Africa,Australia
JA Morkel,5,2009,South Africa,Australia
RE van der Merwe,3,2009,South Africa,Australia
M Morkel,15,2009,South Africa,Australia
MV Boucher,0,2009,South Africa,Australia
ND McKenzie,63,2009,South Africa,Australia
VB van Jaarsveld,4,2009,South Africa,Australia
JH Kallis,41,2009,South Africa,Australia
HH Gibbs,22,2009,South Africa,Australia
JP Duminy,71,2009,South Africa,Australia
JA Morkel,40,2009,South Africa,Australia
J Botha,12,2009,South Africa,Australia
HM Amla,1,2009,South Africa,Australia
MV Boucher,37,2009,South Africa,Australia
AB de Villiers,44,2009,South Africa,Australia
JH Kallis,72,2009,South Africa,Australia
HM Amla,8,2009,South Africa,Australia
HH Gibbs,19,2009,South Africa,Australia
JP Duminy,35,2009,South Africa,Australia
JA Morkel,11,2009,South Africa,Australia
ND McKenzie,8,2009,South Africa,Australia
MV Boucher,31,2009,South Africa,Australia
JH Kallis,60,2009,South Africa,Australia
HM Amla,13,2009,South Africa,Australia
HH Gibbs,64,2009,South Africa,Australia
JP Duminy,9,2009,South Africa,Australia
JA Morkel,40,2009,South Africa,Australia
J Botha,4,2009,South Africa,Australia
AB de Villiers,5,2009,South Africa,Australia
ND McKenzie,27,2009,South Africa,Australia
AB de Villiers,82,2009,South Africa,Australia
JH Kallis,13,2009,South Africa,Australia
HH Gibbs,38,2009,South Africa,Australia
HM Amla,80,2009,South Africa,Australia
VB van Jaarsveld,5,2009,South Africa,Australia
AB de Villiers,60,2009,South Africa,Australia
JP Duminy,60,2009,South Africa,Australia
HM Amla,97,2009,South Africa,Australia
HH Gibbs,7,2009,South Africa,Australia
J Botha,14,2009,South Africa,Australia
JA Morkel,14,2009,South Africa,Australia
ND McKenzie,10,2009,South Africa,Australia
MV Boucher,57,2008,South Africa,Kenya
AB de Villiers,11,2008,South Africa,Kenya
JP Duminy,90,2008,South Africa,Kenya
HM Amla,7,2008,South Africa,Kenya
HH Gibbs,44,2008,South Africa,Kenya
JL Ontong,19,2008,South Africa,Kenya
JH Kallis,71,2008,South Africa,Kenya
J Botha,6,2008,South Africa,Kenya
JA Morkel,1,2008,South Africa,Kenya
MV Boucher,30,2009,South Africa,England
AN Petersen,64,2009,South Africa,England
AB de Villiers,2,2009,South Africa,England
JP Duminy,41,2009,South Africa,England
HM Amla,57,2009,South Africa,England
GC Smith,12,2009,South Africa,England
DW Steyn,12,2009,South Africa,England
JA Morkel,6,2009,South Africa,England
R McLaren,5,2009,South Africa,England
RE van der Merwe,5,2009,South Africa,England
MV Boucher,22,2009,South Africa,England
AN Petersen,51,2009,South Africa,England
AB de Villiers,121,2009,South Africa,England
JP Duminy,6,2009,South Africa,England
HM Amla,86,2009,South Africa,England
GC Smith,54,2009,South Africa,England
R McLaren,0,2009,South Africa,England
MV Boucher,13,2009,South Africa,England
AN Petersen,51,2009,South Africa,England
AB de Villiers,22,2009,South Africa,England
JP Duminy,6,2009,South Africa,England
HM Amla,11,2009,South Africa,England
GC Smith,2,2009,South Africa,England
M Morkel,7,2009,South Africa,England
WD Parnell,1,2009,South Africa,England
J Botha,1,2009,South Africa,England
R McLaren,0,2009,South Africa,England
MV Boucher,26,2009,South Africa,Sri Lanka
AB de Villiers,24,2009,South Africa,Sri Lanka
JH Kallis,41,2009,South Africa,Sri Lanka
HM Amla,2,2009,South Africa,Sri Lanka
GC Smith,58,2009,South Africa,Sri Lanka
JP Duminy,0,2009,South Africa,Sri Lanka
RE van der Merwe,3,2009,South Africa,Sri Lanka
J Botha,21,2009,South Africa,Sri Lanka
JA Morkel,29,2009,South Africa,Sri Lanka
AB de Villiers,70,2009,South Africa,New Zealand
HM Amla,38,2009,South Africa,New Zealand
JH Kallis,36,2009,South Africa,New Zealand
JA Morkel,19,2009,South Africa,New Zealand
MV Boucher,28,2009,South Africa,New Zealand
GC Smith,7,2009,South Africa,New Zealand
JP Duminy,11,2009,South Africa,New Zealand
JH Kallis,12,2009,South Africa,England
JP Duminy,24,2009,South Africa,England
HH Gibbs,22,2009,South Africa,England
J Botha,0,2009,South Africa,England
AB de Villiers,36,2009,South Africa,England
GC Smith,141,2009,South Africa,England
RE van der Merwe,0,2009,South Africa,England
WD Parnell,10,2009,South Africa,England
JA Morkel,17,2009,South Africa,England
DW Steyn,17,2009,South Africa,England
MV Boucher,8,2009,South Africa,England
MV Boucher,18,2009,South Africa,Zimbabwe
AN Petersen,39,2009,South Africa,Zimbabwe
AB de Villiers,51,2009,South Africa,Zimbabwe
HM Amla,80,2009,South Africa,Zimbabwe
GC Smith,35,2009,South Africa,Zimbabwe
JA Morkel,50,2009,South Africa,Zimbabwe
R McLaren,6,2009,South Africa,Zimbabwe
MV Boucher,31,2009,South Africa,Zimbabwe
AN Petersen,13,2009,South Africa,Zimbabwe
AB de Villiers,5,2009,South Africa,Zimbabwe
JP Duminy,111,2009,South Africa,Zimbabwe
GC Smith,53,2009,South Africa,Zimbabwe
JH Kallis,81,2009,South Africa,Zimbabwe
JA Morkel,14,2009,South Africa,Zimbabwe
JH Kallis,4,2011,South Africa,West Indies
AB de Villiers,107,2011,South Africa,West Indies
HM Amla,14,2011,South Africa,West Indies
GC Smith,45,2011,South Africa,West Indies
JP Duminy,42,2011,South Africa,West Indies
JH Kallis,2,2011,South Africa,Netherlands
AB de Villiers,134,2011,South Africa,Netherlands
JP Duminy,40,2011,South Africa,Netherlands
HM Amla,113,2011,South Africa,Netherlands
GC Smith,20,2011,South Africa,Netherlands
F du Plessis,18,2011,South Africa,Netherlands
AB de Villiers,25,2011,South Africa,England
JH Kallis,15,2011,South Africa,England
Imran Tahir,1,2011,South Africa,England
RJ Peterson,3,2011,South Africa,England
F du Plessis,17,2011,South Africa,England
DW Steyn,20,2011,South Africa,England
M Morkel,1,2011,South Africa,England
JP Duminy,0,2011,South Africa,England
HM Amla,42,2011,South Africa,England
GC Smith,22,2011,South Africa,England
MN van Wyk,13,2011,South Africa,England
J Botha,23,2011,South Africa,India
AB de Villiers,52,2011,South Africa,India
GC Smith,16,2011,South Africa,India
MN van Wyk,5,2011,South Africa,India
RJ Peterson,18,2011,South Africa,India
JH Kallis,69,2011,South Africa,India
JP Duminy,23,2011,South Africa,India
HM Amla,61,2011,South Africa,India
F du Plessis,25,2011,South Africa,India
F du Plessis,11,2011,South Africa,Ireland
JP Duminy,99,2011,South Africa,Ireland
CA Ingram,46,2011,South Africa,Ireland
GC Smith,7,2011,South Africa,Ireland
MN van Wyk,42,2011,South Africa,Ireland
JH Kallis,19,2011,South Africa,Ireland
J Botha,21,2011,South Africa,Ireland
HM Amla,18,2011,South Africa,Ireland
F du Plessis,52,2011,South Africa,Bangladesh
JP Duminy,17,2011,South Africa,Bangladesh
HM Amla,51,2011,South Africa,Bangladesh
GC Smith,45,2011,South Africa,Bangladesh
MN van Wyk,5,2011,South Africa,Bangladesh
RJ Peterson,22,2011,South Africa,Bangladesh
WD Parnell,0,2011,South Africa,Bangladesh
JH Kallis,69,2011,South Africa,Bangladesh
J Botha,12,2011,South Africa,Bangladesh
R Ashwin,10,2011,South Africa,India
Imran Tahir,0,2011,South Africa,New Zealand
J Botha,2,2011,South Africa,New Zealand
AB de Villiers,35,2011,South Africa,New Zealand
JH Kallis,47,2011,South Africa,New Zealand
HM Amla,7,2011,South Africa,New Zealand
M Morkel,3,2011,South Africa,New Zealand
RJ Peterson,0,2011,South Africa,New Zealand
JP Duminy,3,2011,South Africa,New Zealand
DW Steyn,8,2011,South Africa,New Zealand
F du Plessis,36,2011,South Africa,New Zealand
GC Smith,28,2011,South Africa,New Zealand
AB de Villiers,102,2010,South Africa,West Indies
JP Duminy,15,2010,South Africa,West Indies
HM Amla,102,2010,South Africa,West Indies
GC Smith,18,2010,South Africa,West Indies
DA Miller,23,2010,South Africa,West Indies
JH Kallis,1,2010,South Africa,West Indies
R McLaren,1,2010,South Africa,West Indies
J Botha,3,2010,South Africa,West Indies
DW Steyn,2,2010,South Africa,West Indies
AN Petersen,1,2010,South Africa,West Indies
AB de Villiers,41,2010,South Africa,West Indies
JH Kallis,85,2010,South Africa,West Indies
HM Amla,92,2010,South Africa,West Indies
GC Smith,37,2010,South Africa,West Indies
DA Miller,26,2010,South Africa,West Indies
R McLaren,8,2010,South Africa,West Indies
AN Petersen,16,2010,South Africa,West Indies
AB de Villiers,70,2010,South Africa,West Indies
JH Kallis,31,2010,South Africa,West Indies
HM Amla,34,2010,South Africa,West Indies
GC Smith,29,2010,South Africa,West Indies
M Morkel,14,2010,South Africa,West Indies
DA Miller,5,2010,South Africa,West Indies
R McLaren,5,2010,South Africa,West Indies
J Botha,18,2010,South Africa,West Indies
DW Steyn,0,2010,South Africa,West Indies
JH Kallis,51,2010,South Africa,West Indies
HM Amla,129,2010,South Africa,West Indies
AB de Villiers,57,2010,South Africa,West Indies
GC Smith,23,2010,South Africa,West Indies
JP Duminy,32,2010,South Africa,West Indies
MV Boucher,6,2010,South Africa,West Indies
JH Kallis,57,2010,South Africa,West Indies
HM Amla,45,2010,South Africa,West Indies
AB de Villiers,13,2010,South Africa,West Indies
RE van der Merwe,10,2010,South Africa,West Indies
J Botha,24,2010,South Africa,West Indies
GC Smith,12,2010,South Africa,West Indies
R McLaren,12,2010,South Africa,West Indies
JP Duminy,51,2010,South Africa,West Indies
MV Boucher,5,2010,South Africa,India
AN Petersen,9,2010,South Africa,India
AB de Villiers,25,2010,South Africa,India
JH Kallis,89,2010,South Africa,India
HH Gibbs,27,2010,South Africa,India
WD Parnell,49,2010,South Africa,India
JA Morkel,2,2010,South Africa,India
J Botha,10,2010,South Africa,India
LE Bosman,29,2010,South Africa,India
DW Steyn,35,2010,South Africa,India
MV Boucher,14,2010,South Africa,India
AN Petersen,9,2010,South Africa,India
AB de Villiers,114,2010,South Africa,India
JH Kallis,11,2010,South Africa,India
HM Amla,34,2010,South Africa,India
HH Gibbs,7,2010,South Africa,India
WD Parnell,18,2010,South Africa,India
JP Duminy,0,2010,South Africa,India
DW Steyn,0,2010,South Africa,India
RE van der Merwe,12,2010,South Africa,India
LE Bosman,68,2010,South Africa,India
AB de Villiers,102,2010,South Africa,India
JH Kallis,104,2010,South Africa,India
HM Amla,87,2010,South Africa,India
R Ashwin,38,2010,South Africa,India
AB de Villiers,51,2010,South Africa,Pakistan
JH Kallis,66,2010,South Africa,Pakistan
HM Amla,35,2010,South Africa,Pakistan
GC Smith,18,2010,South Africa,Pakistan
CA Ingram,12,2010,South Africa,Pakistan
JP Duminy,10,2010,South Africa,Pakistan
AB de Villiers,29,2010,South Africa,Pakistan
JP Duminy,54,2010,South Africa,Pakistan
CA Ingram,100,2010,South Africa,Pakistan
RJ Peterson,6,2010,South Africa,Pakistan
DA Miller,6,2010,South Africa,Pakistan
J Botha,9,2010,South Africa,Pakistan
HM Amla,65,2010,South Africa,Pakistan
JA Morkel,1,2010,South Africa,Pakistan
M Morkel,1,2010,South Africa,Pakistan
AB de Villiers,19,2010,South Africa,Pakistan
JP Duminy,26,2010,South Africa,Pakistan
CA Ingram,4,2010,South Africa,Pakistan
M Morkel,2,2010,South Africa,Pakistan
DA Miller,6,2010,South Africa,Pakistan
JH Kallis,0,2010,South Africa,Pakistan
J Theron,5,2010,South Africa,Pakistan
J Botha,15,2010,South Africa,Pakistan
HM Amla,119,2010,South Africa,Pakistan
JA Morkel,19,2010,South Africa,Pakistan
J Botha,28,2010,South Africa,Pakistan
AB de Villiers,49,2010,South Africa,Pakistan
JP Duminy,36,2010,South Africa,Pakistan
CA Ingram,27,2010,South Africa,Pakistan
GC Smith,92,2010,South Africa,Pakistan
DA Miller,0,2010,South Africa,Pakistan
JH Kallis,15,2010,South Africa,Pakistan
HM Amla,10,2010,South Africa,Pakistan
J Botha,28,2010,South Africa,Pakistan
AB de Villiers,61,2010,South Africa,Pakistan
JP Duminy,59,2010,South Africa,Pakistan
CA Ingram,1,2010,South Africa,Pakistan
GC Smith,14,2010,South Africa,Pakistan
JH Kallis,83,2010,South Africa,Pakistan
HM Amla,62,2010,South Africa,Pakistan
AB de Villiers,21,2010,South Africa,Zimbabwe
JP Duminy,6,2010,South Africa,Zimbabwe
CA Ingram,124,2010,South Africa,Zimbabwe
GC Smith,19,2010,South Africa,Zimbabwe
DA Miller,51,2010,South Africa,Zimbabwe
J Botha,3,2010,South Africa,Zimbabwe
HM Amla,110,2010,South Africa,Zimbabwe
JA Morkel,1,2010,South Africa,Zimbabwe
AB de Villiers,101,2010,South Africa,Zimbabwe
JP Duminy,15,2010,South Africa,Zimbabwe
HM Amla,110,2010,South Africa,Zimbabwe
GC Smith,40,2010,South Africa,Zimbabwe
AB de Villiers,109,2010,South Africa,Zimbabwe
JP Duminy,129,2010,South Africa,Zimbabwe
CA Ingram,20,2010,South Africa,Zimbabwe
GC Smith,26,2010,South Africa,Zimbabwe
DA Miller,33,2010,South Africa,Zimbabwe
J Botha,0,2010,South Africa,Zimbabwe
HM Amla,24,2010,South Africa,Zimbabwe
JA Morkel,37,2010,South Africa,Zimbabwe
J Botha,23,2011,South Africa,India
AB de Villiers,76,2011,South Africa,India
CA Ingram,5,2011,South Africa,India
DW Steyn,7,2011,South Africa,India
DA Miller,9,2011,South Africa,India
M Morkel,0,2011,South Africa,India
JP Duminy,73,2011,South Africa,India
HM Amla,50,2011,South Africa,India
GC Smith,11,2011,South Africa,India
WD Parnell,21,2011,South Africa,India
AB de Villiers,8,2011,South Africa,India
CA Ingram,25,2011,South Africa,India
J Botha,4,2011,South Africa,India
DW Steyn,6,2011,South Africa,India
DA Miller,27,2011,South Africa,India
M Morkel,6,2011,South Africa,India
JP Duminy,13,2011,South Africa,India
GC Smith,77,2011,South Africa,India
WD Parnell,12,2011,South Africa,India
HM Amla,4,2011,South Africa,India
F du Plessis,60,2011,South Africa,India
AB de Villiers,16,2011,South Africa,India
JP Duminy,52,2011,South Africa,India
CA Ingram,10,2011,South Africa,India
GC Smith,43,2011,South Africa,India
WD Parnell,5,2011,South Africa,India
J Botha,9,2011,South Africa,India
HM Amla,16,2011,South Africa,India
DW Steyn,5,2011,South Africa,India
F du Plessis,1,2011,South Africa,India
AB de Villiers,3,2011,South Africa,India
JP Duminy,71,2011,South Africa,India
HM Amla,64,2011,South Africa,India
GC Smith,18,2011,South Africa,India
MN van Wyk,15,2011,South Africa,India
RJ Peterson,31,2011,South Africa,India
J Botha,44,2011,South Africa,India
DW Steyn,4,2011,South Africa,India
AB de Villiers,11,2011,South Africa,India
RJ Peterson,4,2011,South Africa,India
F du Plessis,8,2011,South Africa,India
DW Steyn,0,2011,South Africa,India
M Morkel,0,2011,South Africa,India
JP Duminy,35,2011,South Africa,India
HM Amla,116,2011,South Africa,India
GC Smith,7,2011,South Africa,India
MN van Wyk,56,2011,South Africa,India
J Botha,2,2011,South Africa,India
R Ashwin,0,2010,South Africa,India
R Ashwin,1,2011,South Africa,England
R Ashwin,36,2011,South Africa,England
R Ashwin,15,2011,South Africa,West Indies
R Ashwin,8,2011,South Africa,West Indies
J Botha,25,2011,South Africa,Australia
MV Boucher,1,2011,South Africa,Australia
JP Duminy,4,2011,South Africa,Australia
HM Amla,24,2011,South Africa,Australia
GC Smith,4,2011,South Africa,Australia
M Morkel,1,2011,South Africa,Australia
DA Miller,11,2011,South Africa,Australia
JH Kallis,15,2011,South Africa,Australia
F du Plessis,27,2011,South Africa,Australia
DW Steyn,5,2011,South Africa,Australia
MV Boucher,13,2011,South Africa,Australia
F du Plessis,12,2011,South Africa,Australia
JP Duminy,56,2011,South Africa,Australia
HM Amla,0,2011,South Africa,Australia
GC Smith,57,2011,South Africa,Australia
DA Miller,59,2011,South Africa,Australia
JH Kallis,76,2011,South Africa,Australia
J Botha,2,2011,South Africa,Australia
MV Boucher,8,2011,South Africa,Australia
F du Plessis,21,2011,South Africa,Australia
JP Duminy,35,2011,South Africa,Australia
HM Amla,52,2011,South Africa,Australia
GC Smith,19,2011,South Africa,Australia
DA Miller,11,2011,South Africa,Australia
JH Kallis,54,2011,South Africa,Australia
J Botha,2,2011,South Africa,Australia
AB de Villiers,52,2012,South Africa,Sri Lanka
JP Duminy,1,2012,South Africa,Sri Lanka
HM Amla,112,2012,South Africa,Sri Lanka
GC Smith,6,2012,South Africa,Sri Lanka
M Morkel,1,2012,South Africa,Sri Lanka
RJ Peterson,4,2012,South Africa,Sri Lanka
JH Kallis,72,2012,South Africa,Sri Lanka
F du Plessis,10,2012,South Africa,Sri Lanka
JA Morkel,25,2012,South Africa,Sri Lanka
DW Steyn,1,2012,South Africa,Sri Lanka
AB de Villiers,17,2012,South Africa,Sri Lanka
JH Kallis,37,2012,South Africa,Sri Lanka
HM Amla,55,2012,South Africa,Sri Lanka
GC Smith,28,2012,South Africa,Sri Lanka
JP Duminy,66,2012,South Africa,Sri Lanka
F du Plessis,18,2012,South Africa,Sri Lanka
JA Morkel,12,2012,South Africa,Sri Lanka
AB de Villiers,39,2012,South Africa,Sri Lanka
JP Duminy,25,2012,South Africa,Sri Lanka
CA Ingram,13,2012,South Africa,Sri Lanka
GC Smith,2,2012,South Africa,Sri Lanka
F du Plessis,72,2012,South Africa,Sri Lanka
JA Morkel,7,2012,South Africa,Sri Lanka
AN Petersen,17,2012,South Africa,Sri Lanka
AN Petersen,37,2012,South Africa,Sri Lanka
AB de Villiers,96,2012,South Africa,Sri Lanka
JP Duminy,36,2012,South Africa,Sri Lanka
VD Philander,2,2012,South Africa,Sri Lanka
GC Smith,68,2012,South Africa,Sri Lanka
RJ Peterson,23,2012,South Africa,Sri Lanka
WD Parnell,21,2012,South Africa,Sri Lanka
F du Plessis,5,2012,South Africa,Sri Lanka
CA Ingram,1,2012,South Africa,Sri Lanka
AN Petersen,6,2012,South Africa,Sri Lanka
AB de Villiers,125,2012,South Africa,Sri Lanka
JP Duminy,5,2012,South Africa,Sri Lanka
GC Smith,125,2012,South Africa,Sri Lanka
F du Plessis,24,2012,South Africa,Sri Lanka
JA Morkel,18,2012,South Africa,Sri Lanka
R Ashwin,5,2012,South Africa,Australia
R Ashwin,30,2012,South Africa,India
R Ashwin,1,2012,South Africa,Australia
R Ashwin,5,2012,South Africa,India
R Ashwin,26,2012,South Africa,Australia
JH Kallis,13,2012,South Africa,New Zealand
JP Duminy,46,2012,South Africa,New Zealand
AB de Villiers,106,2012,South Africa,New Zealand
HM Amla,8,2012,South Africa,New Zealand
F du Plessis,66,2012,South Africa,New Zealand
GC Smith,9,2012,South Africa,New Zealand
JH Kallis,4,2012,South Africa,New Zealand
JP Duminy,43,2012,South Africa,New Zealand
AB de Villiers,31,2012,South Africa,New Zealand
HM Amla,92,2012,South Africa,New Zealand
JL Ontong,17,2012,South Africa,New Zealand
F du Plessis,34,2012,South Africa,New Zealand
J Botha,5,2012,South Africa,New Zealand
AB de Villiers,9,2012,South Africa,New Zealand
HM Amla,76,2012,South Africa,New Zealand
WD Parnell,27,2012,South Africa,New Zealand
JP Duminy,25,2012,South Africa,New Zealand
F du Plessis,19,2012,South Africa,New Zealand
JA Morkel,41,2012,South Africa,New Zealand
R Ashwin,8,2011,South Africa,India
R Ashwin,7,2011,South Africa,India
JP Duminy,14,2012,South Africa,England
HM Amla,150,2012,South Africa,England
GC Smith,52,2012,South Africa,England
AB de Villiers,28,2012,South Africa,England
D Elgar,15,2012,South Africa,England
F du Plessis,22,2012,South Africa,England
AB de Villiers,28,2012,South Africa,England
JP Duminy,33,2012,South Africa,England
HM Amla,43,2012,South Africa,England
GC Smith,18,2012,South Africa,England
M Morkel,7,2012,South Africa,England
RJ Peterson,23,2012,South Africa,England
WD Parnell,13,2012,South Africa,England
D Elgar,42,2012,South Africa,England
F du Plessis,1,2012,South Africa,England
DW Steyn,1,2012,South Africa,England
AB de Villiers,39,2012,South Africa,England
JP Duminy,18,2012,South Africa,England
HM Amla,45,2012,South Africa,England
GC Smith,29,2012,South Africa,England
RJ Peterson,31,2012,South Africa,England
WD Parnell,5,2012,South Africa,England
D Elgar,35,2012,South Africa,England
R McLaren,1,2012,South Africa,England
F du Plessis,1,2012,South Africa,England
DW Steyn,3,2012,South Africa,England
AB de Villiers,75,2012,South Africa,England
D Elgar,1,2012,South Africa,England
HM Amla,97,2012,South Africa,England
F du Plessis,3,2012,South Africa,England
GC Smith,1,2012,South Africa,England
R Ashwin,6,2011,South Africa,India
R Ashwin,31,2011,South Africa,India
R Ashwin,21,2012,South Africa,Sri Lanka
R Ashwin,2,2012,South Africa,Sri Lanka
R Ashwin,13,2013,South Africa,India
R Ashwin,1,2013,South Africa,India
R Ashwin,19,2013,South Africa,India
AB de Villiers,0,2013,South Africa,England
JP Duminy,3,2013,South Africa,England
CA Ingram,0,2013,South Africa,England
RJ Peterson,30,2013,South Africa,England
DA Miller,56,2013,South Africa,England
CH Morris,3,2013,South Africa,England
RK Kleinveldt,43,2013,South Africa,England
F du Plessis,26,2013,South Africa,England
HM Amla,1,2013,South Africa,England
R McLaren,1,2013,South Africa,England
R Ashwin,1,2013,South Africa,England
AB de Villiers,7,2013,South Africa,New Zealand
CA Ingram,29,2013,South Africa,New Zealand
GC Smith,7,2013,South Africa,New Zealand
Q de Kock,18,2013,South Africa,New Zealand
RJ Peterson,0,2013,South Africa,New Zealand
RK Kleinveldt,26,2013,South Africa,New Zealand
R McLaren,33,2013,South Africa,New Zealand
F du Plessis,57,2013,South Africa,New Zealand
HM Amla,13,2013,South Africa,New Zealand
DW Steyn,0,2013,South Africa,New Zealand
F Behardien,31,2013,South Africa,New Zealand
M Morkel,19,2013,South Africa,New Zealand
CA Ingram,79,2013,South Africa,New Zealand
GC Smith,66,2013,South Africa,New Zealand
RJ Peterson,0,2013,South Africa,New Zealand
DA Miller,14,2013,South Africa,New Zealand
RK Kleinveldt,0,2013,South Africa,New Zealand
F du Plessis,2,2013,South Africa,New Zealand
Q de Kock,25,2013,South Africa,New Zealand
R McLaren,2,2013,South Africa,New Zealand
CA Ingram,25,2013,South Africa,New Zealand
GC Smith,116,2013,South Africa,New Zealand
DA Miller,15,2013,South Africa,New Zealand
RK Kleinveldt,6,2013,South Africa,New Zealand
DW Steyn,4,2013,South Africa,New Zealand
F du Plessis,19,2013,South Africa,New Zealand
Q de Kock,31,2013,South Africa,New Zealand
R McLaren,25,2013,South Africa,New Zealand
F Behardien,4,2013,South Africa,New Zealand
F Behardien,34,2013,South Africa,Pakistan
AB de Villiers,65,2013,South Africa,Pakistan
CA Ingram,105,2013,South Africa,Pakistan
GC Smith,30,2013,South Africa,Pakistan
F du Plessis,26,2013,South Africa,Pakistan
HM Amla,43,2013,South Africa,Pakistan
F Behardien,58,2013,South Africa,Pakistan
AB de Villiers,4,2013,South Africa,Pakistan
KJ Abbott,5,2013,South Africa,Pakistan
GC Smith,10,2013,South Africa,Pakistan
RJ Peterson,44,2013,South Africa,Pakistan
R McLaren,17,2013,South Africa,Pakistan
F du Plessis,17,2013,South Africa,Pakistan
CA Ingram,0,2013,South Africa,Pakistan
HM Amla,17,2013,South Africa,Pakistan
DW Steyn,0,2013,South Africa,Pakistan
F Behardien,6,2013,South Africa,Pakistan
AB de Villiers,128,2013,South Africa,Pakistan
CA Ingram,17,2013,South Africa,Pakistan
GC Smith,3,2013,South Africa,Pakistan
F du Plessis,45,2013,South Africa,Pakistan
HM Amla,122,2013,South Africa,Pakistan
R McLaren,0,2013,South Africa,Pakistan
F Behardien,1,2013,South Africa,Pakistan
AB de Villiers,75,2013,South Africa,Pakistan
CA Ingram,0,2013,South Africa,Pakistan
GC Smith,12,2013,South Africa,Pakistan
RJ Peterson,25,2013,South Africa,Pakistan
DA Miller,67,2013,South Africa,Pakistan
RK Kleinveldt,18,2013,South Africa,Pakistan
R McLaren,11,2013,South Africa,Pakistan
HM Amla,0,2013,South Africa,Pakistan
DW Steyn,9,2013,South Africa,Pakistan
F Behardien,35,2013,South Africa,Pakistan
AB de Villiers,95,2013,South Africa,Pakistan
HM Amla,22,2013,South Africa,Pakistan
DA Miller,20,2013,South Africa,Pakistan
CA Ingram,15,2013,South Africa,Pakistan
Q de Kock,3,2013,South Africa,Pakistan
F du Plessis,30,2013,South Africa,India
AB de Villiers,70,2013,South Africa,India
CA Ingram,6,2013,South Africa,India
M Morkel,8,2013,South Africa,India
RJ Peterson,68,2013,South Africa,India
JP Duminy,14,2013,South Africa,India
R Ashwin,10,2013,South Africa,India
HM Amla,22,2013,South Africa,India
RK Kleinveldt,4,2013,South Africa,India
R McLaren,71,2013,South Africa,India
AB de Villiers,31,2013,South Africa,Pakistan
JP Duminy,24,2013,South Africa,Pakistan
CA Ingram,20,2013,South Africa,Pakistan
RJ Peterson,16,2013,South Africa,Pakistan
DA Miller,19,2013,South Africa,Pakistan
CH Morris,1,2013,South Africa,Pakistan
F du Plessis,28,2013,South Africa,Pakistan
HM Amla,81,2013,South Africa,Pakistan
R McLaren,4,2013,South Africa,Pakistan
R Ashwin,31,2012,South Africa,India
R Ashwin,3,2013,South Africa,India
R Ashwin,0,2013,South Africa,India
R Ashwin,5,2013,South Africa,West Indies
R Ashwin,4,2013,South Africa,India
R Ashwin,25,2013,South Africa,West Indies
R Ashwin,0,2013,South Africa,India
AN Petersen,29,2013,South Africa,Sri Lanka
AB de Villiers,23,2013,South Africa,Sri Lanka
JP Duminy,15,2013,South Africa,Sri Lanka
CA Ingram,0,2013,South Africa,Sri Lanka
M Morkel,0,2013,South Africa,Sri Lanka
RJ Peterson,29,2013,South Africa,Sri Lanka
CH Morris,9,2013,South Africa,Sri Lanka
F du Plessis,4,2013,South Africa,Sri Lanka
DA Miller,14,2013,South Africa,Sri Lanka
R McLaren,4,2013,South Africa,Sri Lanka
AN Petersen,24,2013,South Africa,Sri Lanka
AB de Villiers,12,2013,South Africa,Sri Lanka
JP Duminy,15,2013,South Africa,Sri Lanka
RJ Peterson,3,2013,South Africa,Sri Lanka
F du Plessis,8,2013,South Africa,Sri Lanka
DA Miller,22,2013,South Africa,Sri Lanka
R McLaren,14,2013,South Africa,Sri Lanka
AN Petersen,8,2013,South Africa,Sri Lanka
F Behardien,2,2013,South Africa,Sri Lanka
AB de Villiers,47,2013,South Africa,Sri Lanka
JP Duminy,23,2013,South Africa,Sri Lanka
RJ Peterson,3,2013,South Africa,Sri Lanka
DA Miller,85,2013,South Africa,Sri Lanka
F du Plessis,16,2013,South Africa,Sri Lanka
Q de Kock,20,2013,South Africa,Sri Lanka
R McLaren,14,2013,South Africa,Sri Lanka
F Behardien,0,2013,South Africa,Sri Lanka
AB de Villiers,4,2013,South Africa,Sri Lanka
JP Duminy,97,2013,South Africa,Sri Lanka
HM Amla,77,2013,South Africa,Sri Lanka
M Morkel,0,2013,South Africa,Sri Lanka
RJ Peterson,13,2013,South Africa,Sri Lanka
DA Miller,1,2013,South Africa,Sri Lanka
RK Kleinveldt,8,2013,South Africa,Sri Lanka
F du Plessis,23,2013,South Africa,Sri Lanka
Q de Kock,8,2013,South Africa,Sri Lanka
DA Miller,0,2013,South Africa,Sri Lanka
F Behardien,1,2013,South Africa,Sri Lanka
AB de Villiers,51,2013,South Africa,Sri Lanka
JP Duminy,15,2013,South Africa,Sri Lanka
HM Amla,18,2013,South Africa,Sri Lanka
M Morkel,0,2013,South Africa,Sri Lanka
F du Plessis,6,2013,South Africa,Sri Lanka
Q de Kock,27,2013,South Africa,Sri Lanka
R McLaren,29,2013,South Africa,Sri Lanka
R Ashwin,5,2013,South Africa,India
R Ashwin,28,2013,South Africa,India
AB de Villiers,77,2013,South Africa,India
JP Duminy,59,2013,South Africa,India
HM Amla,65,2013,South Africa,India
JH Kallis,10,2013,South Africa,India
DA Miller,5,2013,South Africa,India
R Ashwin,19,2013,South Africa,India
Q de Kock,135,2013,South Africa,India
AB de Villiers,3,2013,South Africa,India
JH Kallis,10,2013,South Africa,India
VD Philander,14,2013,South Africa,India
Q de Kock,106,2013,South Africa,India
DA Miller,0,2013,South Africa,India
HM Amla,100,2013,South Africa,India
R Ashwin,15,2013,South Africa,India
R McLaren,12,2013,South Africa,India
JP Duminy,26,2013,South Africa,India
AB de Villiers,4,2013,South Africa,Pakistan
Imran Tahir,1,2013,South Africa,Pakistan
F du Plessis,12,2013,South Africa,Pakistan
DA Miller,37,2013,South Africa,Pakistan
M Morkel,4,2013,South Africa,Pakistan
JP Duminy,20,2013,South Africa,Pakistan
GC Smith,20,2013,South Africa,Pakistan
WD Parnell,56,2013,South Africa,Pakistan
CA Ingram,0,2013,South Africa,Pakistan
R McLaren,8,2013,South Africa,Pakistan
AB de Villiers,10,2013,South Africa,Pakistan
CA Ingram,4,2013,South Africa,Pakistan
F du Plessis,12,2013,South Africa,Pakistan
M Morkel,5,2013,South Africa,Pakistan
DA Miller,11,2013,South Africa,Pakistan
JP Duminy,25,2013,South Africa,Pakistan
GC Smith,14,2013,South Africa,Pakistan
WD Parnell,21,2013,South Africa,Pakistan
Imran Tahir,3,2013,South Africa,Pakistan
R McLaren,29,2013,South Africa,Pakistan
AB de Villiers,34,2013,South Africa,Pakistan
JP Duminy,64,2013,South Africa,Pakistan
HM Amla,10,2013,South Africa,Pakistan
DA Miller,34,2013,South Africa,Pakistan
R McLaren,13,2013,South Africa,Pakistan
F du Plessis,55,2013,South Africa,Pakistan
Q de Kock,40,2013,South Africa,Pakistan
DW Steyn,2,2013,South Africa,Pakistan
Q de Kock,112,2013,South Africa,Pakistan
AB de Villiers,30,2013,South Africa,Pakistan
JP Duminy,25,2013,South Africa,Pakistan
DA Miller,5,2013,South Africa,Pakistan
F du Plessis,10,2013,South Africa,Pakistan
HM Amla,46,2013,South Africa,Pakistan
R McLaren,28,2013,South Africa,Pakistan
WD Parnell,8,2013,South Africa,Pakistan
AB de Villiers,115,2013,South Africa,Pakistan
JP Duminy,2,2013,South Africa,Pakistan
HM Amla,3,2013,South Africa,Pakistan
RJ Peterson,2,2013,South Africa,Pakistan
DA Miller,15,2013,South Africa,Pakistan
F du Plessis,46,2013,South Africa,Pakistan
Q de Kock,34,2013,South Africa,Pakistan
R McLaren,27,2013,South Africa,Pakistan
AB de Villiers,25,2015,South Africa,Zimbabwe
JP Duminy,115,2015,South Africa,Zimbabwe
HM Amla,11,2015,South Africa,Zimbabwe
DA Miller,138,2015,South Africa,Zimbabwe
F du Plessis,24,2015,South Africa,Zimbabwe
Q de Kock,7,2015,South Africa,Zimbabwe
R Ashwin,1,2015,South Africa,India
WD Parnell,17,2015,South Africa,India
F du Plessis,55,2015,South Africa,India
AB de Villiers,30,2015,South Africa,India
HM Amla,22,2015,South Africa,India
Imran Tahir,8,2015,South Africa,India
M Morkel,2,2015,South Africa,India
DA Miller,22,2015,South Africa,India
JP Duminy,6,2015,South Africa,India
VD Philander,0,2015,South Africa,India
Q de Kock,7,2015,South Africa,India
R Ashwin,5,2015,South Africa,India
DW Steyn,1,2015,South Africa,India
F Behardien,10,2015,South Africa,West Indies
AB de Villiers,162,2015,South Africa,West Indies
HM Amla,65,2015,South Africa,West Indies
RR Rossouw,61,2015,South Africa,West Indies
DA Miller,20,2015,South Africa,West Indies
F du Plessis,62,2015,South Africa,West Indies
Q de Kock,12,2015,South Africa,West Indies
AB de Villiers,24,2015,South Africa,Ireland
HM Amla,159,2015,South Africa,Ireland
RR Rossouw,61,2015,South Africa,Ireland
DA Miller,46,2015,South Africa,Ireland
F du Plessis,109,2015,South Africa,Ireland
Q de Kock,1,2015,South Africa,Ireland
R Ashwin,16,2015,South Africa,India
AB de Villiers,77,2015,South Africa,Pakistan
Imran Tahir,0,2015,South Africa,Pakistan
Q de Kock,0,2015,South Africa,Pakistan
F du Plessis,27,2015,South Africa,Pakistan
DW Steyn,16,2015,South Africa,Pakistan
M Morkel,6,2015,South Africa,Pakistan
JP Duminy,12,2015,South Africa,Pakistan
HM Amla,38,2015,South Africa,Pakistan
RR Rossouw,6,2015,South Africa,Pakistan
DA Miller,0,2015,South Africa,Pakistan
KJ Abbott,12,2015,South Africa,Pakistan
F Behardien,64,2015,South Africa,United Arab Emirates
RR Rossouw,43,2015,South Africa,United Arab Emirates
JP Duminy,23,2015,South Africa,United Arab Emirates
VD Philander,10,2015,South Africa,United Arab Emirates
AB de Villiers,99,2015,South Africa,United Arab Emirates
DA Miller,49,2015,South Africa,United Arab Emirates
Q de Kock,26,2015,South Africa,United Arab Emirates
HM Amla,12,2015,South Africa,United Arab Emirates
HM Amla,16,2015,South Africa,Sri Lanka
F du Plessis,21,2015,South Africa,Sri Lanka
Q de Kock,78,2015,South Africa,Sri Lanka
R Ashwin,3,2015,South Africa,Bangladesh
AB de Villiers,65,2015,South Africa,New Zealand
JP Duminy,8,2015,South Africa,New Zealand
HM Amla,10,2015,South Africa,New Zealand
RR Rossouw,39,2015,South Africa,New Zealand
DA Miller,49,2015,South Africa,New Zealand
F du Plessis,82,2015,South Africa,New Zealand
Q de Kock,14,2015,South Africa,New Zealand
R Ashwin,5,2015,South Africa,Australia
R Ashwin,12,2014,South Africa,New Zealand
R Ashwin,5,2014,South Africa,New Zealand
R Ashwin,5,2014,South Africa,New Zealand
R Ashwin,7,2014,South Africa,New Zealand
R Ashwin,10,2014,South Africa,England
R Ashwin,16,2014,South Africa,England
R Ashwin,19,2013,South Africa,India
DA Miller,4,2013,South Africa,Pakistan
M Morkel,17,2013,South Africa,Pakistan
AB de Villiers,10,2013,South Africa,Pakistan
JH Kallis,50,2013,South Africa,Pakistan
GC Smith,12,2013,South Africa,Pakistan
Q de Kock,19,2013,South Africa,Pakistan
VD Philander,14,2013,South Africa,Pakistan
HM Amla,3,2013,South Africa,Pakistan
DW Steyn,15,2013,South Africa,Pakistan
JP Duminy,49,2013,South Africa,Pakistan
DA Miller,2,2013,South Africa,Pakistan
AB de Villiers,74,2013,South Africa,Pakistan
JH Kallis,6,2013,South Africa,Pakistan
GC Smith,1,2013,South Africa,Pakistan
Q de Kock,47,2013,South Africa,Pakistan
HM Amla,98,2013,South Africa,Pakistan
R McLaren,0,2013,South Africa,Pakistan
JP Duminy,15,2013,South Africa,Pakistan
Q de Kock,15,2013,South Africa,Pakistan
WD Parnell,7,2013,South Africa,Pakistan
AB de Villiers,48,2013,South Africa,Pakistan
H Davids,7,2013,South Africa,Pakistan
DA Miller,24,2013,South Africa,Pakistan
HM Amla,41,2013,South Africa,Pakistan
R McLaren,17,2013,South Africa,Pakistan
JP Duminy,16,2013,South Africa,Pakistan
R Ashwin,18,2014,South Africa,India
R Ashwin,9,2014,South Africa,India
F Behardien,12,2015,South Africa,West Indies
AB de Villiers,81,2015,South Africa,West Indies
JP Duminy,12,2015,South Africa,West Indies
VD Philander,4,2015,South Africa,West Indies
RR Rossouw,0,2015,South Africa,West Indies
DA Miller,70,2015,South Africa,West Indies
F du Plessis,0,2015,South Africa,West Indies
HM Amla,66,2015,South Africa,West Indies
DW Steyn,6,2015,South Africa,West Indies
M Morkel,2,2015,South Africa,West Indies
AB de Villiers,149,2015,South Africa,West Indies
HM Amla,153,2015,South Africa,West Indies
RR Rossouw,128,2015,South Africa,West Indies
RR Rossouw,7,2015,South Africa,West Indies
HM Amla,61,2015,South Africa,West Indies
F du Plessis,51,2015,South Africa,West Indies
WD Parnell,12,2015,South Africa,West Indies
MN van Wyk,18,2015,South Africa,West Indies
F Behardien,12,2015,South Africa,West Indies
AB de Villiers,19,2015,South Africa,West Indies
JP Duminy,43,2015,South Africa,West Indies
RR Rossouw,4,2015,South Africa,West Indies
DA Miller,130,2015,South Africa,West Indies
F du Plessis,4,2015,South Africa,West Indies
KJ Abbott,1,2015,South Africa,West Indies
F Behardien,5,2015,South Africa,West Indies
RR Rossouw,132,2015,South Africa,West Indies
JP Duminy,18,2015,South Africa,West Indies
HM Amla,133,2015,South Africa,West Indies
DA Miller,23,2015,South Africa,West Indies
F du Plessis,16,2015,South Africa,West Indies
Q de Kock,4,2015,South Africa,West Indies
AB de Villiers,75,2014,South Africa,Sri Lanka
JP Duminy,16,2014,South Africa,Sri Lanka
HM Amla,109,2014,South Africa,Sri Lanka
DA Miller,36,2014,South Africa,Sri Lanka
JH Kallis,0,2014,South Africa,Sri Lanka
Q de Kock,27,2014,South Africa,Sri Lanka
R McLaren,22,2014,South Africa,Sri Lanka
AB de Villiers,29,2014,South Africa,Sri Lanka
JH Kallis,1,2014,South Africa,Sri Lanka
VD Philander,1,2014,South Africa,Sri Lanka
Imran Tahir,0,2014,South Africa,Sri Lanka
DA Miller,4,2014,South Africa,Sri Lanka
DW Steyn,23,2014,South Africa,Sri Lanka
M Morkel,0,2014,South Africa,Sri Lanka
JP Duminy,1,2014,South Africa,Sri Lanka
HM Amla,101,2014,South Africa,Sri Lanka
Q de Kock,4,2014,South Africa,Sri Lanka
R McLaren,3,2014,South Africa,Sri Lanka
AB de Villiers,108,2014,South Africa,Sri Lanka
JP Duminy,29,2014,South Africa,Sri Lanka
HM Amla,48,2014,South Africa,Sri Lanka
DA Miller,4,2014,South Africa,Sri Lanka
JH Kallis,4,2014,South Africa,Sri Lanka
Q de Kock,128,2014,South Africa,Sri Lanka
R McLaren,2,2014,South Africa,Sri Lanka
AB de Villiers,21,2014,South Africa,Zimbabwe
JP Duminy,22,2014,South Africa,Zimbabwe
HM Amla,122,2014,South Africa,Zimbabwe
F du Plessis,59,2014,South Africa,Zimbabwe
Q de Kock,63,2014,South Africa,Zimbabwe
WD Parnell,24,2014,South Africa,Zimbabwe
AB de Villiers,1,2014,South Africa,Zimbabwe
JP Duminy,36,2014,South Africa,Zimbabwe
KJ Abbott,23,2014,South Africa,Zimbabwe
Q de Kock,38,2014,South Africa,Zimbabwe
DA Miller,45,2014,South Africa,Zimbabwe
F du Plessis,55,2014,South Africa,Zimbabwe
HM Amla,15,2014,South Africa,Zimbabwe
R McLaren,4,2014,South Africa,Zimbabwe
JP Duminy,28,2014,South Africa,Zimbabwe
RR Rossouw,0,2014,South Africa,Zimbabwe
DA Miller,13,2014,South Africa,Zimbabwe
F du Plessis,40,2014,South Africa,Zimbabwe
Q de Kock,84,2014,South Africa,Zimbabwe
AB de Villiers,136,2014,South Africa,Australia
JP Duminy,33,2014,South Africa,Australia
HM Amla,24,2014,South Africa,Australia
F du Plessis,106,2014,South Africa,Australia
Q de Kock,19,2014,South Africa,Australia
RR Rossouw,0,2014,South Africa,Zimbabwe
Q de Kock,76,2014,South Africa,Zimbabwe
F du Plessis,15,2014,South Africa,Zimbabwe
DW Steyn,10,2014,South Africa,Zimbabwe
JP Duminy,2,2014,South Africa,Zimbabwe
HM Amla,66,2014,South Africa,Zimbabwe
DA Miller,0,2014,South Africa,Zimbabwe
KJ Abbott,6,2014,South Africa,Zimbabwe
Imran Tahir,23,2014,South Africa,Zimbabwe
R McLaren,6,2014,South Africa,Zimbabwe
DA Miller,3,2014,South Africa,Australia
AB de Villiers,6,2014,South Africa,Australia
JP Duminy,16,2014,South Africa,Australia
HM Amla,17,2014,South Africa,Australia
M Morkel,0,2014,South Africa,Australia
DW Steyn,5,2014,South Africa,Australia
F du Plessis,126,2014,South Africa,Australia
Q de Kock,1,2014,South Africa,Australia
Imran Tahir,2,2014,South Africa,Australia
R McLaren,24,2014,South Africa,Australia
WD Parnell,10,2014,South Africa,Zimbabwe
AB de Villiers,16,2014,South Africa,Zimbabwe
JP Duminy,51,2014,South Africa,Zimbabwe
HM Amla,14,2014,South Africa,Zimbabwe
RR Rossouw,36,2014,South Africa,Zimbabwe
DA Miller,10,2014,South Africa,Zimbabwe
F du Plessis,121,2014,South Africa,Zimbabwe
Q de Kock,2,2014,South Africa,Zimbabwe
WD Parnell,6,2014,South Africa,Australia
AB de Villiers,57,2014,South Africa,Australia
HM Amla,51,2014,South Africa,Australia
F du Plessis,96,2014,South Africa,Australia
Q de Kock,7,2014,South Africa,Australia
AB de Villiers,89,2014,South Africa,New Zealand
RR Rossouw,26,2014,South Africa,New Zealand
HM Amla,38,2014,South Africa,New Zealand
Q de Kock,9,2014,South Africa,New Zealand
JP Duminy,58,2014,South Africa,New Zealand
F du Plessis,8,2014,South Africa,New Zealand
Q de Kock,26,2014,South Africa,New Zealand
AB de Villiers,37,2014,South Africa,New Zealand
JP Duminy,19,2014,South Africa,New Zealand
Imran Tahir,0,2014,South Africa,New Zealand
RR Rossouw,0,2014,South Africa,New Zealand
DA Miller,7,2014,South Africa,New Zealand
F du Plessis,67,2014,South Africa,New Zealand
VD Philander,1,2014,South Africa,New Zealand
HM Amla,119,2014,South Africa,New Zealand
DW Steyn,0,2014,South Africa,New Zealand
DA Miller,65,2014,South Africa,Australia
F Behardien,20,2014,South Africa,Australia
AB de Villiers,80,2014,South Africa,Australia
Imran Tahir,22,2014,South Africa,Australia
HM Amla,8,2014,South Africa,Australia
Q de Kock,2,2014,South Africa,Australia
VD Philander,1,2014,South Africa,Australia
F du Plessis,31,2014,South Africa,Australia
DW Steyn,6,2014,South Africa,Australia
R McLaren,0,2014,South Africa,Australia
M Morkel,22,2014,South Africa,Australia
DA Miller,22,2014,South Africa,Australia
F du Plessis,19,2014,South Africa,Australia
RR Rossouw,30,2014,South Africa,Australia
HM Amla,10,2014,South Africa,Australia
Q de Kock,4,2014,South Africa,Australia
VD Philander,0,2014,South Africa,Australia
AB de Villiers,48,2014,South Africa,Australia
DW Steyn,4,2014,South Africa,Australia
F Behardien,0,2014,South Africa,Australia
DA Miller,3,2014,South Africa,Australia
F Behardien,12,2014,South Africa,Australia
RR Rossouw,2,2014,South Africa,Australia
HM Amla,102,2014,South Africa,Australia
Q de Kock,47,2014,South Africa,Australia
VD Philander,1,2014,South Africa,Australia
F du Plessis,17,2014,South Africa,Australia
AB de Villiers,52,2014,South Africa,Australia
DW Steyn,12,2014,South Africa,Australia
M Morkel,0,2014,South Africa,Australia
WD Parnell,3,2014,South Africa,Australia
F Behardien,22,2014,South Africa,Australia
AB de Villiers,91,2014,South Africa,Australia
HM Amla,18,2014,South Africa,Australia
RJ Peterson,11,2014,South Africa,Australia
DA Miller,45,2014,South Africa,Australia
R McLaren,13,2014,South Africa,Australia
F du Plessis,28,2014,South Africa,Australia
Q de Kock,17,2014,South Africa,Australia
DW Steyn,0,2014,South Africa,Australia
WD Parnell,18,2014,South Africa,Australia
F Behardien,63,2014,South Africa,Australia
RR Rossouw,51,2014,South Africa,Australia
HM Amla,18,2014,South Africa,Australia
Q de Kock,107,2014,South Africa,Australia
DA Miller,5,2014,South Africa,Australia
F du Plessis,2,2014,South Africa,Australia
R McLaren,1,2014,South Africa,Australia
R Ashwin,14,2015,South Africa,Australia
R Ashwin,0,2014,South Africa,India
AB de Villiers,8,2016,South Africa,England
HM Amla,6,2016,South Africa,England
JP Duminy,13,2016,South Africa,England
F du Plessis,55,2016,South Africa,England
Q de Kock,138,2016,South Africa,England
RR Rossouw,19,2016,South Africa,England
F Behardien,4,2016,South Africa,England
F Behardien,23,2016,South Africa,England
JP Duminy,47,2016,South Africa,England
HM Amla,4,2016,South Africa,England
KJ Abbott,7,2016,South Africa,England
AB de Villiers,73,2016,South Africa,England
F du Plessis,46,2016,South Africa,England
Q de Kock,22,2016,South Africa,England
RR Rossouw,11,2016,South Africa,England
K Rabada,12,2016,South Africa,England
AB de Villiers,0,2016,South Africa,England
HM Amla,127,2016,South Africa,England
F du Plessis,33,2016,South Africa,England
Q de Kock,135,2016,South Africa,England
D Wiese,7,2016,South Africa,England
Imran Tahir,4,2016,South Africa,England
AB de Villiers,36,2016,South Africa,England
HM Amla,0,2016,South Africa,England
KJ Abbott,3,2016,South Africa,England
D Wiese,20,2016,South Africa,England
CH Morris,62,2016,South Africa,England
JP Duminy,31,2016,South Africa,England
F du Plessis,34,2016,South Africa,England
Q de Kock,27,2016,South Africa,England
K Rabada,0,2016,South Africa,England
F Behardien,38,2016,South Africa,England
AB de Villiers,101,2016,South Africa,England
HM Amla,59,2016,South Africa,England
D Wiese,41,2016,South Africa,England
F du Plessis,0,2016,South Africa,England
Q de Kock,4,2016,South Africa,England
RR Rossouw,4,2016,South Africa,England
F Behardien,13,2016,South Africa,England
Q de Kock,35,2015,South Africa,Bangladesh
RR Rossouw,45,2015,South Africa,Bangladesh
HM Amla,14,2015,South Africa,Bangladesh
F du Plessis,63,2015,South Africa,Bangladesh
F Behardien,36,2015,South Africa,Bangladesh
RR Rossouw,4,2015,South Africa,Bangladesh
JP Duminy,13,2015,South Africa,Bangladesh
Imran Tahir,1,2015,South Africa,Bangladesh
KJ Abbott,5,2015,South Africa,Bangladesh
Q de Kock,2,2015,South Africa,Bangladesh
DA Miller,9,2015,South Africa,Bangladesh
CH Morris,12,2015,South Africa,Bangladesh
F du Plessis,41,2015,South Africa,Bangladesh
HM Amla,22,2015,South Africa,Bangladesh
K Rabada,10,2015,South Africa,Bangladesh
F Behardien,12,2015,South Africa,Bangladesh
RR Rossouw,17,2015,South Africa,Bangladesh
JP Duminy,51,2015,South Africa,Bangladesh
HM Amla,15,2015,South Africa,Bangladesh
Q de Kock,7,2015,South Africa,Bangladesh
DA Miller,44,2015,South Africa,Bangladesh
F du Plessis,6,2015,South Africa,Bangladesh
KJ Abbott,5,2015,South Africa,Bangladesh
K Rabada,1,2015,South Africa,Bangladesh
M Morkel,1,2015,South Africa,Bangladesh
MN van Wyk,16,2015,South Africa,New Zealand
F Behardien,15,2015,South Africa,New Zealand
AB de Villiers,9,2015,South Africa,New Zealand
HM Amla,124,2015,South Africa,New Zealand
RR Rossouw,89,2015,South Africa,New Zealand
DA Miller,14,2015,South Africa,New Zealand
D Wiese,14,2015,South Africa,New Zealand
MN van Wyk,2,2015,South Africa,New Zealand
F Behardien,70,2015,South Africa,New Zealand
AB de Villiers,31,2015,South Africa,New Zealand
VD Philander,30,2015,South Africa,New Zealand
RR Rossouw,39,2015,South Africa,New Zealand
DA Miller,5,2015,South Africa,New Zealand
Imran Tahir,4,2015,South Africa,New Zealand
HM Amla,8,2015,South Africa,New Zealand
DW Steyn,2,2015,South Africa,New Zealand
D Wiese,8,2015,South Africa,New Zealand
MN van Wyk,58,2015,South Africa,New Zealand
F Behardien,40,2015,South Africa,New Zealand
AB de Villiers,64,2015,South Africa,New Zealand
KJ Abbott,3,2015,South Africa,New Zealand
RR Rossouw,6,2015,South Africa,New Zealand
DA Miller,36,2015,South Africa,New Zealand
HM Amla,44,2015,South Africa,New Zealand
D Wiese,12,2015,South Africa,New Zealand
R Ashwin,0,2015,South Africa,Bangladesh
R Ashwin,4,2015,South Africa,Bangladesh
R Ashwin,1,2016,South Africa,Australia
F Behardien,35,2015,South Africa,India
AB de Villiers,104,2015,South Africa,India
HM Amla,37,2015,South Africa,India
DA Miller,13,2015,South Africa,India
JP Duminy,15,2015,South Africa,India
F du Plessis,62,2015,South Africa,India
Q de Kock,29,2015,South Africa,India
AB de Villiers,19,2015,South Africa,India
Imran Tahir,9,2015,South Africa,India
F du Plessis,51,2015,South Africa,India
DW Steyn,13,2015,South Africa,India
F Behardien,18,2015,South Africa,India
M Morkel,4,2015,South Africa,India
JP Duminy,36,2015,South Africa,India
HM Amla,17,2015,South Africa,India
DA Miller,0,2015,South Africa,India
Q de Kock,34,2015,South Africa,India
K Rabada,19,2015,South Africa,India
F Behardien,33,2015,South Africa,India
AB de Villiers,4,2015,South Africa,India
HM Amla,5,2015,South Africa,India
DA Miller,33,2015,South Africa,India
JP Duminy,14,2015,South Africa,India
F du Plessis,60,2015,South Africa,India
Q de Kock,103,2015,South Africa,India
DW Steyn,12,2015,South Africa,India
F Behardien,22,2015,South Africa,India
AB de Villiers,112,2015,South Africa,India
HM Amla,7,2015,South Africa,India
Imran Tahir,4,2015,South Africa,India
DA Miller,6,2015,South Africa,India
CH Morris,9,2015,South Africa,India
F du Plessis,17,2015,South Africa,India
Q de Kock,43,2015,South Africa,India
K Rabada,8,2015,South Africa,India
DW Steyn,6,2015,South Africa,India
F Behardien,16,2015,South Africa,India
AB de Villiers,119,2015,South Africa,India
HM Amla,23,2015,South Africa,India
DA Miller,22,2015,South Africa,India
D Elgar,5,2015,South Africa,India
F du Plessis,133,2015,South Africa,India
Q de Kock,109,2015,South Africa,India
F Behardien,0,2016,South Africa,West Indies
RR Rossouw,61,2016,South Africa,West Indies
JP Duminy,23,2016,South Africa,West Indies
KJ Abbott,5,2016,South Africa,West Indies
Imran Tahir,0,2016,South Africa,West Indies
AB de Villiers,31,2016,South Africa,West Indies
CH Morris,9,2016,South Africa,West Indies
Q de Kock,30,2016,South Africa,West Indies
HM Amla,20,2016,South Africa,West Indies
K Rabada,1,2016,South Africa,West Indies
F Behardien,62,2016,South Africa,Australia
RR Rossouw,7,2016,South Africa,Australia
JP Duminy,13,2016,South Africa,Australia
HM Amla,35,2016,South Africa,Australia
Imran Tahir,0,2016,South Africa,Australia
AB de Villiers,22,2016,South Africa,Australia
WD Parnell,2,2016,South Africa,Australia
Q de Kock,18,2016,South Africa,Australia
K Rabada,15,2016,South Africa,Australia
WD Parnell,3,2016,South Africa,Australia
F Behardien,4,2016,South Africa,Australia
AB de Villiers,39,2016,South Africa,Australia
JP Duminy,41,2016,South Africa,Australia
HM Amla,60,2016,South Africa,Australia
Imran Tahir,6,2016,South Africa,Australia
KJ Abbott,1,2016,South Africa,Australia
K Rabada,3,2016,South Africa,Australia
F du Plessis,63,2016,South Africa,Australia
Q de Kock,19,2016,South Africa,Australia
AB de Villiers,27,2016,South Africa,West Indies
JP Duminy,10,2016,South Africa,West Indies
HM Amla,110,2016,South Africa,West Indies
CH Morris,40,2016,South Africa,West Indies
F du Plessis,73,2016,South Africa,West Indies
Q de Kock,71,2016,South Africa,West Indies
AB de Villiers,2,2016,South Africa,West Indies
Imran Tahir,29,2016,South Africa,West Indies
F du Plessis,3,2016,South Africa,West Indies
F Behardien,35,2016,South Africa,West Indies
M Morkel,32,2016,South Africa,West Indies
HM Amla,16,2016,South Africa,West Indies
WD Parnell,28,2016,South Africa,West Indies
JP Duminy,5,2016,South Africa,West Indies
CH Morris,7,2016,South Africa,West Indies
Q de Kock,6,2016,South Africa,West Indies
K Rabada,9,2016,South Africa,West Indies
F Behardien,50,2016,South Africa,Ireland
DA Miller,14,2016,South Africa,Ireland
F du Plessis,21,2016,South Africa,Ireland
Q de Kock,82,2016,South Africa,Ireland
T Bavuma,113,2016,South Africa,Ireland
JP Duminy,52,2016,South Africa,Ireland
JP Duminy,9,2016,South Africa,Australia
RR Rossouw,63,2016,South Africa,Australia
F du Plessis,26,2016,South Africa,Australia
Q de Kock,178,2016,South Africa,Australia
DA Miller,10,2016,South Africa,Australia
F Behardien,5,2016,South Africa,Australia
WD Parnell,8,2016,South Africa,Australia
AL Phehlukwayo,13,2016,South Africa,Australia
F Behardien,13,2016,South Africa,Australia
RR Rossouw,75,2016,South Africa,Australia
JP Duminy,82,2016,South Africa,Australia
DA Miller,26,2016,South Africa,Australia
F du Plessis,111,2016,South Africa,Australia
Q de Kock,22,2016,South Africa,Australia
AL Phehlukwayo,42,2016,South Africa,Australia
RR Rossouw,18,2016,South Africa,Australia
JP Duminy,20,2016,South Africa,Australia
HM Amla,45,2016,South Africa,Australia
D Pretorius,15,2016,South Africa,Australia
F du Plessis,33,2016,South Africa,Australia
Q de Kock,70,2016,South Africa,Australia
DA Miller,118,2016,South Africa,Australia
RR Rossouw,33,2016,South Africa,Australia
JP Duminy,25,2016,South Africa,Australia
HM Amla,4,2016,South Africa,Australia
F du Plessis,69,2016,South Africa,Australia
Q de Kock,18,2016,South Africa,Australia
F Behardien,12,2016,South Africa,Australia
AL Phehlukwayo,11,2016,South Africa,Australia
RR Rossouw,122,2016,South Africa,Australia
JP Duminy,73,2016,South Africa,Australia
HM Amla,25,2016,South Africa,Australia
Q de Kock,12,2016,South Africa,Australia
DA Miller,39,2016,South Africa,Australia
F du Plessis,11,2016,South Africa,Australia
KJ Abbott,0,2016,South Africa,Australia
K Rabada,9,2016,South Africa,Australia
DW Steyn,6,2016,South Africa,Australia
AB de Villiers,30,2017,South Africa,Sri Lanka
HM Amla,57,2017,South Africa,Sri Lanka
F du Plessis,55,2017,South Africa,Sri Lanka
Q de Kock,34,2017,South Africa,Sri Lanka
WD Parnell,2,2017,South Africa,Sri Lanka
AB de Villiers,3,2017,South Africa,Sri Lanka
JP Duminy,11,2017,South Africa,Sri Lanka
HM Amla,15,2017,South Africa,Sri Lanka
DA Miller,117,2017,South Africa,Sri Lanka
CH Morris,26,2017,South Africa,Sri Lanka
F du Plessis,105,2017,South Africa,Sri Lanka
Q de Kock,17,2017,South Africa,Sri Lanka
AB de Villiers,60,2017,South Africa,Sri Lanka
JP Duminy,28,2017,South Africa,Sri Lanka
HM Amla,34,2017,South Africa,Sri Lanka
Q de Kock,8,2017,South Africa,Sri Lanka
F du Plessis,24,2017,South Africa,Sri Lanka
F Behardien,36,2017,South Africa,Sri Lanka
AB de Villiers,64,2017,South Africa,Sri Lanka
JP Duminy,20,2017,South Africa,Sri Lanka
HM Amla,1,2017,South Africa,Sri Lanka
WD Parnell,1,2017,South Africa,Sri Lanka
F du Plessis,185,2017,South Africa,Sri Lanka
Q de Kock,55,2017,South Africa,Sri Lanka
F Behardien,32,2017,South Africa,Sri Lanka
AB de Villiers,14,2017,South Africa,Sri Lanka
JP Duminy,10,2017,South Africa,Sri Lanka
HM Amla,154,2017,South Africa,Sri Lanka
WD Parnell,1,2017,South Africa,Sri Lanka
CH Morris,3,2017,South Africa,Sri Lanka
F du Plessis,41,2017,South Africa,Sri Lanka
Q de Kock,109,2017,South Africa,Sri Lanka
