N Dickwella,41,2016,Sri Lanka,Zimbabwe
MDKJ Perera,21,2016,Sri Lanka,Zimbabwe
DM de Silva,78,2016,Sri Lanka,Zimbabwe
WU Tharanga,12,2016,Sri Lanka,West Indies
N Dickwella,28,2016,Sri Lanka,West Indies
KMDN Kulasekara,16,2016,Sri Lanka,West Indies
MDKJ Perera,4,2016,Sri Lanka,West Indies
DM de Silva,3,2016,Sri Lanka,West Indies
DAS Gunaratne,18,2016,Sri Lanka,West Indies
DSNFG Jayasuriya,31,2016,Sri Lanka,West Indies
SS Pathirana,45,2016,Sri Lanka,West Indies
BKG Mendis,4,2016,Sri Lanka,West Indies
N Pradeep,0,2016,Sri Lanka,West Indies
RAS Lakmal,0,2016,Sri Lanka,West Indies
DAS Gunaratne,6,2016,Sri Lanka,West Indies
WU Tharanga,26,2016,Sri Lanka,West Indies
BKG Mendis,94,2016,Sri Lanka,West Indies
MDKJ Perera,7,2016,Sri Lanka,West Indies
DSNFG Jayasuriya,9,2016,Sri Lanka,West Indies
SS Pathirana,24,2016,Sri Lanka,West Indies
DM de Silva,58,2016,Sri Lanka,West Indies
N Dickwella,94,2016,Sri Lanka,West Indies
DAS Gunaratne,16,2016,Sri Lanka,Zimbabwe
WU Tharanga,57,2016,Sri Lanka,Zimbabwe
N Dickwella,16,2016,Sri Lanka,Zimbabwe
BKG Mendis,57,2016,Sri Lanka,Zimbabwe
MDKJ Perera,14,2016,Sri Lanka,Zimbabwe
DM de Silva,0,2016,Sri Lanka,Zimbabwe
CK Kapugedera,1,2006,Sri Lanka,England
TM Dilshan,13,2006,Sri Lanka,England
CRD Fernando,10,2006,Sri Lanka,England
RP Arnold,8,2006,Sri Lanka,England
WU Tharanga,120,2006,Sri Lanka,England
KC Sangakkara,15,2006,Sri Lanka,England
WPUJC Vaas,10,2006,Sri Lanka,England
DPMD Jayawardene,24,2006,Sri Lanka,England
ST Jayasuriya,11,2006,Sri Lanka,England
WU Tharanga,17,2006,Sri Lanka,England
TM Dilshan,9,2006,Sri Lanka,England
KC Sangakkara,51,2006,Sri Lanka,England
DPMD Jayawardene,66,2006,Sri Lanka,England
WPUJC Vaas,13,2006,Sri Lanka,England
RP Arnold,5,2006,Sri Lanka,England
ST Jayasuriya,122,2006,Sri Lanka,England
WU Tharanga,41,2006,Sri Lanka,England
KC Sangakkara,58,2006,Sri Lanka,England
DPMD Jayawardene,126,2006,Sri Lanka,England
ST Jayasuriya,23,2006,Sri Lanka,England
MF Maharoof,58,2006,Sri Lanka,England
DPMD Jayawardene,100,2006,Sri Lanka,England
WU Tharanga,60,2006,Sri Lanka,England
HMCM Bandara,28,2006,Sri Lanka,England
TM Dilshan,7,2006,Sri Lanka,England
KC Sangakkara,7,2006,Sri Lanka,England
WPUJC Vaas,7,2006,Sri Lanka,England
RP Arnold,7,2006,Sri Lanka,England
ST Jayasuriya,14,2006,Sri Lanka,England
KC Sangakkara,23,2006,Sri Lanka,England
WU Tharanga,109,2006,Sri Lanka,England
DPMD Jayawardene,12,2006,Sri Lanka,England
ST Jayasuriya,152,2006,Sri Lanka,England
MS Atapattu,31,2006,Sri Lanka,Australia
WPUJC Vaas,2,2006,Sri Lanka,Australia
TM Dilshan,6,2006,Sri Lanka,Australia
KC Sangakkara,78,2006,Sri Lanka,Australia
DPMD Jayawardene,56,2006,Sri Lanka,Australia
RP Arnold,6,2006,Sri Lanka,Australia
J Mubarak,2,2006,Sri Lanka,Australia
ST Jayasuriya,114,2006,Sri Lanka,Australia
MS Atapattu,32,2006,Sri Lanka,Australia
WU Tharanga,31,2006,Sri Lanka,Australia
TM Dilshan,1,2006,Sri Lanka,Australia
KMDN Kulasekara,2,2006,Sri Lanka,Australia
J Mubarak,34,2006,Sri Lanka,Australia
KC Sangakkara,25,2006,Sri Lanka,Australia
WCA Ganegama,7,2006,Sri Lanka,Australia
WPUJC Vaas,15,2006,Sri Lanka,Australia
RP Arnold,27,2006,Sri Lanka,Australia
DPMD Jayawardene,25,2006,Sri Lanka,Australia
CK Kapugedera,22,2006,Sri Lanka,Australia
RP Arnold,56,2006,Sri Lanka,Australia
TM Dilshan,35,2006,Sri Lanka,Australia
KMDN Kulasekara,0,2006,Sri Lanka,Australia
KC Sangakkara,6,2006,Sri Lanka,Australia
WPUJC Vaas,6,2006,Sri Lanka,Australia
DPMD Jayawardene,69,2006,Sri Lanka,Australia
J Mubarak,15,2006,Sri Lanka,Australia
ST Jayasuriya,0,2006,Sri Lanka,Australia
MS Atapattu,33,2006,Sri Lanka,South Africa
WU Tharanga,16,2006,Sri Lanka,South Africa
TM Dilshan,15,2006,Sri Lanka,South Africa
KC Sangakkara,88,2006,Sri Lanka,South Africa
DPMD Jayawardene,14,2006,Sri Lanka,South Africa
WPUJC Vaas,14,2006,Sri Lanka,South Africa
RP Arnold,15,2006,Sri Lanka,South Africa
J Mubarak,61,2006,Sri Lanka,South Africa
RP Arnold,11,2006,Sri Lanka,South Africa
HMCM Bandara,0,2006,Sri Lanka,South Africa
TM Dilshan,82,2006,Sri Lanka,South Africa
KC Sangakkara,23,2006,Sri Lanka,South Africa
MS Atapattu,23,2006,Sri Lanka,South Africa
WPUJC Vaas,9,2006,Sri Lanka,South Africa
DPMD Jayawardene,52,2006,Sri Lanka,South Africa
J Mubarak,4,2006,Sri Lanka,South Africa
ST Jayasuriya,37,2006,Sri Lanka,South Africa
MS Atapattu,7,2006,Sri Lanka,South Africa
HMCM Bandara,11,2006,Sri Lanka,South Africa
TM Dilshan,37,2006,Sri Lanka,South Africa
KMDN Kulasekara,1,2006,Sri Lanka,South Africa
KC Sangakkara,16,2006,Sri Lanka,South Africa
DPMD Jayawardene,1,2006,Sri Lanka,South Africa
WPUJC Vaas,0,2006,Sri Lanka,South Africa
RP Arnold,15,2006,Sri Lanka,South Africa
J Mubarak,31,2006,Sri Lanka,South Africa
ST Jayasuriya,86,2006,Sri Lanka,South Africa
CK Kapugedera,3,2006,Sri Lanka,South Africa
TM Dilshan,30,2006,Sri Lanka,South Africa
J Mubarak,14,2006,Sri Lanka,South Africa
CRD Fernando,1,2006,Sri Lanka,South Africa
MS Atapattu,80,2006,Sri Lanka,South Africa
KC Sangakkara,62,2006,Sri Lanka,South Africa
ST Jayasuriya,25,2006,Sri Lanka,South Africa
WPUJC Vaas,5,2006,Sri Lanka,South Africa
DPMD Jayawardene,11,2006,Sri Lanka,South Africa
PDRL Perera,1,2006,Sri Lanka,South Africa
MF Maharoof,7,2006,Sri Lanka,New Zealand
MS Atapattu,52,2006,Sri Lanka,New Zealand
DA Gunawardene,3,2006,Sri Lanka,New Zealand
WU Tharanga,103,2006,Sri Lanka,New Zealand
TM Dilshan,10,2006,Sri Lanka,New Zealand
KC Sangakkara,36,2006,Sri Lanka,New Zealand
WPUJC Vaas,1,2006,Sri Lanka,New Zealand
RP Arnold,21,2006,Sri Lanka,New Zealand
DPMD Jayawardene,6,2006,Sri Lanka,New Zealand
WU Tharanga,9,2006,Sri Lanka,New Zealand
RP Arnold,11,2006,Sri Lanka,New Zealand
J Mubarak,53,2006,Sri Lanka,New Zealand
CRD Fernando,4,2006,Sri Lanka,New Zealand
MF Maharoof,0,2006,Sri Lanka,New Zealand
MS Atapattu,19,2006,Sri Lanka,New Zealand
HMCM Bandara,12,2006,Sri Lanka,New Zealand
KC Sangakkara,52,2006,Sri Lanka,New Zealand
WPUJC Vaas,9,2006,Sri Lanka,New Zealand
TM Dilshan,17,2006,Sri Lanka,New Zealand
DPMD Jayawardene,12,2006,Sri Lanka,New Zealand
CK Kapugedera,38,2006,Sri Lanka,Australia
MS Atapattu,53,2006,Sri Lanka,Australia
WPUJC Vaas,1,2006,Sri Lanka,Australia
TM Dilshan,26,2006,Sri Lanka,Australia
KC Sangakkara,83,2006,Sri Lanka,Australia
RP Arnold,24,2006,Sri Lanka,Australia
DPMD Jayawardene,11,2006,Sri Lanka,Australia
ST Jayasuriya,25,2006,Sri Lanka,Australia
CK Kapugedera,1,2006,Sri Lanka,Australia
DPMD Jayawardene,50,2006,Sri Lanka,Australia
WPUJC Vaas,0,2006,Sri Lanka,Australia
HMCM Bandara,0,2006,Sri Lanka,Australia
TM Dilshan,13,2006,Sri Lanka,Australia
KC Sangakkara,13,2006,Sri Lanka,Australia
MS Atapattu,24,2006,Sri Lanka,Australia
RP Arnold,64,2006,Sri Lanka,Australia
ST Jayasuriya,0,2006,Sri Lanka,Australia
PDRL Perera,0,2006,Sri Lanka,Australia
CK Kapugedera,9,2006,Sri Lanka,Australia
MS Atapattu,7,2006,Sri Lanka,Australia
TM Dilshan,3,2006,Sri Lanka,Australia
KC Sangakkara,59,2006,Sri Lanka,Australia
RP Arnold,76,2006,Sri Lanka,Australia
WPUJC Vaas,11,2006,Sri Lanka,Australia
DPMD Jayawardene,86,2006,Sri Lanka,Australia
ST Jayasuriya,6,2006,Sri Lanka,Australia
CRD Fernando,1,2006,Sri Lanka,Australia
CK Kapugedera,0,2006,Sri Lanka,Bangladesh
TM Dilshan,2,2006,Sri Lanka,Bangladesh
KC Sangakkara,50,2006,Sri Lanka,Bangladesh
KHRK Fernando,0,2006,Sri Lanka,Bangladesh
DPMD Jayawardene,37,2006,Sri Lanka,Bangladesh
J Mubarak,4,2006,Sri Lanka,Bangladesh
ST Jayasuriya,13,2006,Sri Lanka,Bangladesh
CK Kapugedera,13,2006,Sri Lanka,Bangladesh
DPMD Jayawardene,5,2006,Sri Lanka,Bangladesh
HMCM Bandara,18,2006,Sri Lanka,Bangladesh
TM Dilshan,3,2006,Sri Lanka,Bangladesh
KC Sangakkara,23,2006,Sri Lanka,Bangladesh
MF Maharoof,21,2006,Sri Lanka,Bangladesh
KHRK Fernando,3,2006,Sri Lanka,Bangladesh
PDRL Perera,4,2006,Sri Lanka,Bangladesh
J Mubarak,2,2006,Sri Lanka,Bangladesh
ST Jayasuriya,96,2006,Sri Lanka,Bangladesh
CRD Fernando,13,2006,Sri Lanka,Bangladesh
MF Maharoof,27,2006,Sri Lanka,Bangladesh
WU Tharanga,0,2006,Sri Lanka,Bangladesh
HMCM Bandara,3,2006,Sri Lanka,Bangladesh
CK Kapugedera,16,2006,Sri Lanka,Bangladesh
TM Dilshan,22,2006,Sri Lanka,Bangladesh
KC Sangakkara,109,2006,Sri Lanka,Bangladesh
KS Lokuarachchi,69,2006,Sri Lanka,Bangladesh
DPMD Jayawardene,51,2006,Sri Lanka,Bangladesh
ST Jayasuriya,4,2006,Sri Lanka,Bangladesh
CK Kapugedera,1,2006,Sri Lanka,Pakistan
DPMD Jayawardene,0,2006,Sri Lanka,Pakistan
WU Tharanga,19,2006,Sri Lanka,Pakistan
MF Maharoof,2,2006,Sri Lanka,Pakistan
TM Dilshan,48,2006,Sri Lanka,Pakistan
KMDN Kulasekara,11,2006,Sri Lanka,Pakistan
KC Sangakkara,1,2006,Sri Lanka,Pakistan
KS Lokuarachchi,1,2006,Sri Lanka,Pakistan
RP Arnold,16,2006,Sri Lanka,Pakistan
CK Kapugedera,50,2006,Sri Lanka,Pakistan
DPMD Jayawardene,31,2006,Sri Lanka,Pakistan
WU Tharanga,23,2006,Sri Lanka,Pakistan
MF Maharoof,19,2006,Sri Lanka,Pakistan
TM Dilshan,44,2006,Sri Lanka,Pakistan
KC Sangakkara,22,2006,Sri Lanka,Pakistan
KS Lokuarachchi,13,2006,Sri Lanka,Pakistan
KTGD Prasad,8,2006,Sri Lanka,Pakistan
RP Arnold,0,2006,Sri Lanka,Pakistan
LPC Silva,55,2007,Sri Lanka,Bermuda
MF Maharoof,9,2007,Sri Lanka,Bermuda
DPMD Jayawardene,85,2007,Sri Lanka,Bermuda
WU Tharanga,30,2007,Sri Lanka,Bermuda
TM Dilshan,12,2007,Sri Lanka,Bermuda
KC Sangakkara,76,2007,Sri Lanka,Bermuda
RP Arnold,2,2007,Sri Lanka,Bermuda
ST Jayasuriya,22,2007,Sri Lanka,Bermuda
LPC Silva,52,2007,Sri Lanka,Bangladesh
WU Tharanga,26,2007,Sri Lanka,Bangladesh
KC Sangakkara,56,2007,Sri Lanka,Bangladesh
DPMD Jayawardene,46,2007,Sri Lanka,Bangladesh
RP Arnold,5,2007,Sri Lanka,Bangladesh
ST Jayasuriya,109,2007,Sri Lanka,Bangladesh
LPC Silva,59,2007,Sri Lanka,India
DPMD Jayawardene,7,2007,Sri Lanka,India
WU Tharanga,64,2007,Sri Lanka,India
TM Dilshan,38,2007,Sri Lanka,India
KC Sangakkara,15,2007,Sri Lanka,India
WPUJC Vaas,19,2007,Sri Lanka,India
RP Arnold,19,2007,Sri Lanka,India
ST Jayasuriya,6,2007,Sri Lanka,India
WU Tharanga,12,2007,Sri Lanka,South Africa
TM Dilshan,58,2007,Sri Lanka,South Africa
LPC Silva,9,2007,Sri Lanka,South Africa
MF Maharoof,5,2007,Sri Lanka,South Africa
RP Arnold,50,2007,Sri Lanka,South Africa
KC Sangakkara,28,2007,Sri Lanka,South Africa
ST Jayasuriya,26,2007,Sri Lanka,South Africa
WPUJC Vaas,0,2007,Sri Lanka,South Africa
DPMD Jayawardene,12,2007,Sri Lanka,South Africa
LPC Silva,23,2007,Sri Lanka,West Indies
DPMD Jayawardene,82,2007,Sri Lanka,West Indies
WU Tharanga,8,2007,Sri Lanka,West Indies
TM Dilshan,39,2007,Sri Lanka,West Indies
KC Sangakkara,7,2007,Sri Lanka,West Indies
RP Arnold,4,2007,Sri Lanka,West Indies
ST Jayasuriya,115,2007,Sri Lanka,West Indies
LPC Silva,23,2007,Sri Lanka,England
DPMD Jayawardene,56,2007,Sri Lanka,England
WU Tharanga,62,2007,Sri Lanka,England
TM Dilshan,5,2007,Sri Lanka,England
KC Sangakkara,17,2007,Sri Lanka,England
WPUJC Vaas,4,2007,Sri Lanka,England
RP Arnold,20,2007,Sri Lanka,England
ST Jayasuriya,25,2007,Sri Lanka,England
CRD Fernando,2,2007,Sri Lanka,England
LPC Silva,23,2007,Sri Lanka,New Zealand
DPMD Jayawardene,15,2007,Sri Lanka,New Zealand
WU Tharanga,11,2007,Sri Lanka,New Zealand
TM Dilshan,14,2007,Sri Lanka,New Zealand
KC Sangakkara,69,2007,Sri Lanka,New Zealand
ST Jayasuriya,64,2007,Sri Lanka,New Zealand
LPC Silva,64,2007,Sri Lanka,Australia
MF Maharoof,25,2007,Sri Lanka,Australia
DPMD Jayawardene,72,2007,Sri Lanka,Australia
WU Tharanga,6,2007,Sri Lanka,Australia
HMCM Bandara,17,2007,Sri Lanka,Australia
TM Dilshan,7,2007,Sri Lanka,Australia
KMDN Kulasekara,1,2007,Sri Lanka,Australia
KC Sangakkara,0,2007,Sri Lanka,Australia
RP Arnold,3,2007,Sri Lanka,Australia
ST Jayasuriya,12,2007,Sri Lanka,Australia
WU Tharanga,0,2007,Sri Lanka,Ireland
KC Sangakkara,10,2007,Sri Lanka,Ireland
DPMD Jayawardene,39,2007,Sri Lanka,Ireland
ST Jayasuriya,24,2007,Sri Lanka,Ireland
LPC Silva,21,2007,Sri Lanka,New Zealand
DPMD Jayawardene,115,2007,Sri Lanka,New Zealand
WU Tharanga,73,2007,Sri Lanka,New Zealand
TM Dilshan,30,2007,Sri Lanka,New Zealand
KC Sangakkara,18,2007,Sri Lanka,New Zealand
ST Jayasuriya,1,2007,Sri Lanka,New Zealand
RP Arnold,14,2007,Sri Lanka,New Zealand
LPC Silva,21,2007,Sri Lanka,Australia
DPMD Jayawardene,19,2007,Sri Lanka,Australia
WU Tharanga,6,2007,Sri Lanka,Australia
CRD Fernando,1,2007,Sri Lanka,Australia
TM Dilshan,14,2007,Sri Lanka,Australia
KC Sangakkara,54,2007,Sri Lanka,Australia
RP Arnold,1,2007,Sri Lanka,Australia
WPUJC Vaas,11,2007,Sri Lanka,Australia
ST Jayasuriya,63,2007,Sri Lanka,Australia
MF Maharoof,0,2006,Sri Lanka,Bangladesh
MS Atapattu,40,2006,Sri Lanka,Bangladesh
WU Tharanga,105,2006,Sri Lanka,Bangladesh
TM Dilshan,26,2006,Sri Lanka,Bangladesh
KC Sangakkara,22,2006,Sri Lanka,Bangladesh
WPUJC Vaas,4,2006,Sri Lanka,Bangladesh
DPMD Jayawardene,35,2006,Sri Lanka,Bangladesh
ST Jayasuriya,31,2006,Sri Lanka,Bangladesh
MF Maharoof,13,2006,Sri Lanka,Zimbabwe
MS Atapattu,33,2006,Sri Lanka,Zimbabwe
WU Tharanga,110,2006,Sri Lanka,Zimbabwe
TM Dilshan,6,2006,Sri Lanka,Zimbabwe
KC Sangakkara,80,2006,Sri Lanka,Zimbabwe
ST Jayasuriya,9,2006,Sri Lanka,Zimbabwe
DPMD Jayawardene,4,2006,Sri Lanka,Zimbabwe
DPMD Jayawardene,34,2006,Sri Lanka,West Indies
WU Tharanga,0,2006,Sri Lanka,West Indies
ST Jayasuriya,45,2006,Sri Lanka,West Indies
MF Maharoof,22,2006,Sri Lanka,Pakistan
MS Atapattu,36,2006,Sri Lanka,Pakistan
WU Tharanga,38,2006,Sri Lanka,Pakistan
TM Dilshan,3,2006,Sri Lanka,Pakistan
KC Sangakkara,39,2006,Sri Lanka,Pakistan
WPUJC Vaas,15,2006,Sri Lanka,Pakistan
DPMD Jayawardene,31,2006,Sri Lanka,Pakistan
ST Jayasuriya,48,2006,Sri Lanka,Pakistan
CRD Fernando,4,2006,Sri Lanka,Pakistan
KC Sangakkara,19,2006,Sri Lanka,New Zealand
DPMD Jayawardene,48,2006,Sri Lanka,New Zealand
WU Tharanga,56,2006,Sri Lanka,New Zealand
MS Atapattu,10,2006,Sri Lanka,New Zealand
ST Jayasuriya,20,2006,Sri Lanka,New Zealand
WU Tharanga,11,2006,Sri Lanka,South Africa
TM Dilshan,36,2006,Sri Lanka,South Africa
CRD Fernando,4,2006,Sri Lanka,South Africa
MF Maharoof,3,2006,Sri Lanka,South Africa
MS Atapattu,2,2006,Sri Lanka,South Africa
KC Sangakkara,0,2006,Sri Lanka,South Africa
WPUJC Vaas,29,2006,Sri Lanka,South Africa
DPMD Jayawardene,36,2006,Sri Lanka,South Africa
ST Jayasuriya,3,2006,Sri Lanka,South Africa
DPMD Jayawardene,34,2006,Sri Lanka,New Zealand
WU Tharanga,68,2006,Sri Lanka,New Zealand
KC Sangakkara,36,2006,Sri Lanka,New Zealand
MS Atapattu,10,2006,Sri Lanka,New Zealand
ST Jayasuriya,111,2006,Sri Lanka,New Zealand
LPC Silva,4,2007,Sri Lanka,New Zealand
MF Maharoof,13,2007,Sri Lanka,New Zealand
CRD Fernando,8,2007,Sri Lanka,New Zealand
MS Atapattu,28,2007,Sri Lanka,New Zealand
WU Tharanga,11,2007,Sri Lanka,New Zealand
TM Dilshan,18,2007,Sri Lanka,New Zealand
KC Sangakkara,15,2007,Sri Lanka,New Zealand
DPMD Jayawardene,1,2007,Sri Lanka,New Zealand
ST Jayasuriya,0,2007,Sri Lanka,New Zealand
PDRL Perera,0,2007,Sri Lanka,New Zealand
CK Kapugedera,10,2007,Sri Lanka,New Zealand
MS Atapattu,34,2007,Sri Lanka,New Zealand
WU Tharanga,22,2007,Sri Lanka,New Zealand
MF Maharoof,21,2007,Sri Lanka,New Zealand
KC Sangakkara,79,2007,Sri Lanka,New Zealand
DPMD Jayawardene,0,2007,Sri Lanka,New Zealand
WPUJC Vaas,5,2007,Sri Lanka,New Zealand
ST Jayasuriya,70,2007,Sri Lanka,New Zealand
MF Maharoof,17,2007,Sri Lanka,India
MS Atapattu,15,2007,Sri Lanka,India
WU Tharanga,11,2007,Sri Lanka,India
HMCM Bandara,3,2007,Sri Lanka,India
TM Dilshan,56,2007,Sri Lanka,India
KMDN Kulasekara,4,2007,Sri Lanka,India
KC Sangakkara,110,2007,Sri Lanka,India
DPMD Jayawardene,4,2007,Sri Lanka,India
RP Arnold,7,2007,Sri Lanka,India
ST Jayasuriya,9,2007,Sri Lanka,India
LPC Silva,107,2007,Sri Lanka,India
MF Maharoof,28,2007,Sri Lanka,India
MS Atapattu,19,2007,Sri Lanka,India
HMCM Bandara,5,2007,Sri Lanka,India
TM Dilshan,28,2007,Sri Lanka,India
KC Sangakkara,1,2007,Sri Lanka,India
DPMD Jayawardene,7,2007,Sri Lanka,India
RP Arnold,22,2007,Sri Lanka,India
ST Jayasuriya,22,2007,Sri Lanka,India
MF Maharoof,14,2007,Sri Lanka,India
MS Atapattu,42,2007,Sri Lanka,India
WU Tharanga,1,2007,Sri Lanka,India
HMCM Bandara,2,2007,Sri Lanka,India
TM Dilshan,42,2007,Sri Lanka,India
KMDN Kulasekara,9,2007,Sri Lanka,India
KC Sangakkara,0,2007,Sri Lanka,India
DPMD Jayawardene,30,2007,Sri Lanka,India
RP Arnold,66,2007,Sri Lanka,India
ST Jayasuriya,2,2007,Sri Lanka,India
DPMD Jayawardene,65,2007,Sri Lanka,Africa XI
ST Jayasuriya,14,2007,Sri Lanka,Africa XI
DPMD Jayawardene,45,2007,Sri Lanka,Africa XI
ST Jayasuriya,11,2007,Sri Lanka,Africa XI
WU Tharanga,10,2007,Sri Lanka,Africa XI
DPMD Jayawardene,107,2007,Sri Lanka,Africa XI
ST Jayasuriya,13,2007,Sri Lanka,Africa XI
LPC Silva,33,2007,Sri Lanka,England
WU Tharanga,40,2007,Sri Lanka,England
MF Maharoof,22,2007,Sri Lanka,England
TM Dilshan,11,2007,Sri Lanka,England
KC Sangakkara,38,2007,Sri Lanka,England
WPUJC Vaas,1,2007,Sri Lanka,England
DPMD Jayawardene,66,2007,Sri Lanka,England
J Mubarak,1,2007,Sri Lanka,England
ST Jayasuriya,41,2007,Sri Lanka,England
LPC Silva,0,2007,Sri Lanka,England
KC Sangakkara,9,2007,Sri Lanka,England
WU Tharanga,8,2007,Sri Lanka,England
MF Maharoof,6,2007,Sri Lanka,England
TM Dilshan,29,2007,Sri Lanka,England
J Mubarak,44,2007,Sri Lanka,England
CRD Fernando,20,2007,Sri Lanka,England
WPUJC Vaas,2,2007,Sri Lanka,England
DPMD Jayawardene,23,2007,Sri Lanka,England
ST Jayasuriya,10,2007,Sri Lanka,England
LPC Silva,67,2007,Sri Lanka,England
DPMD Jayawardene,0,2007,Sri Lanka,England
WU Tharanga,4,2007,Sri Lanka,England
TM Dilshan,17,2007,Sri Lanka,England
KC Sangakkara,69,2007,Sri Lanka,England
WPUJC Vaas,2,2007,Sri Lanka,England
KS Lokuarachchi,9,2007,Sri Lanka,England
J Mubarak,20,2007,Sri Lanka,England
ST Jayasuriya,3,2007,Sri Lanka,England
CRD Fernando,3,2007,Sri Lanka,England
MDK Perera,30,2007,Sri Lanka,England
TM Dilshan,9,2007,Sri Lanka,England
CRD Fernando,12,2007,Sri Lanka,England
J Mubarak,6,2007,Sri Lanka,England
LPC Silva,73,2007,Sri Lanka,England
KC Sangakkara,26,2007,Sri Lanka,England
DPMD Jayawardene,0,2007,Sri Lanka,England
WPUJC Vaas,15,2007,Sri Lanka,England
KS Lokuarachchi,0,2007,Sri Lanka,England
ST Jayasuriya,26,2007,Sri Lanka,England
LPC Silva,7,2008,Sri Lanka,Australia
CK Kapugedera,0,2008,Sri Lanka,Australia
DPMD Jayawardene,6,2008,Sri Lanka,Australia
WU Tharanga,10,2008,Sri Lanka,Australia
TM Dilshan,14,2008,Sri Lanka,Australia
KC Sangakkara,42,2008,Sri Lanka,Australia
MKDI Amerasinghe,0,2008,Sri Lanka,Australia
WPUJC Vaas,18,2008,Sri Lanka,Australia
ST Jayasuriya,7,2008,Sri Lanka,Australia
LPC Silva,0,2008,Sri Lanka,Australia
CK Kapugedera,26,2008,Sri Lanka,Australia
DPMD Jayawardene,21,2008,Sri Lanka,Australia
MF Maharoof,7,2008,Sri Lanka,Australia
KMDN Kulasekara,0,2008,Sri Lanka,Australia
TM Dilshan,11,2008,Sri Lanka,Australia
KC Sangakkara,80,2008,Sri Lanka,Australia
WPUJC Vaas,0,2008,Sri Lanka,Australia
ST Jayasuriya,12,2008,Sri Lanka,Australia
LPC Silva,21,2008,Sri Lanka,India
CK Kapugedera,1,2008,Sri Lanka,India
DPMD Jayawardene,71,2008,Sri Lanka,India
TM Dilshan,4,2008,Sri Lanka,India
KC Sangakkara,128,2008,Sri Lanka,India
MF Maharoof,3,2008,Sri Lanka,India
WPUJC Vaas,1,2008,Sri Lanka,India
ST Jayasuriya,0,2008,Sri Lanka,India
LPC Silva,16,2008,Sri Lanka,Australia
DPMD Jayawardene,27,2008,Sri Lanka,Australia
MDK Perera,1,2008,Sri Lanka,Australia
TM Dilshan,9,2008,Sri Lanka,Australia
KC Sangakkara,22,2008,Sri Lanka,Australia
ST Jayasuriya,0,2008,Sri Lanka,Australia
LPC Silva,0,2008,Sri Lanka,India
CK Kapugedera,57,2008,Sri Lanka,India
MDK Perera,8,2008,Sri Lanka,India
TM Dilshan,8,2008,Sri Lanka,India
KC Sangakkara,33,2008,Sri Lanka,India
MKDI Amerasinghe,0,2008,Sri Lanka,India
WPUJC Vaas,0,2008,Sri Lanka,India
DPMD Jayawardene,3,2008,Sri Lanka,India
ST Jayasuriya,34,2008,Sri Lanka,India
CK Kapugedera,2,2008,Sri Lanka,Australia
MDK Perera,5,2008,Sri Lanka,Australia
TM Dilshan,62,2008,Sri Lanka,Australia
KMDN Kulasekara,14,2008,Sri Lanka,Australia
LPC Silva,35,2008,Sri Lanka,Australia
KC Sangakkara,11,2008,Sri Lanka,Australia
MKDI Amerasinghe,5,2008,Sri Lanka,Australia
DPMD Jayawardene,50,2008,Sri Lanka,Australia
ST Jayasuriya,23,2008,Sri Lanka,Australia
LPC Silva,65,2007,Sri Lanka,Bangladesh
MF Maharoof,16,2007,Sri Lanka,Bangladesh
WU Tharanga,57,2007,Sri Lanka,Bangladesh
TM Dilshan,24,2007,Sri Lanka,Bangladesh
J Mubarak,22,2007,Sri Lanka,Bangladesh
KC Sangakkara,16,2007,Sri Lanka,Bangladesh
DPMD Jayawardene,2,2007,Sri Lanka,Bangladesh
ST Jayasuriya,21,2007,Sri Lanka,Bangladesh
LPC Silva,36,2007,Sri Lanka,Bangladesh
WU Tharanga,28,2007,Sri Lanka,Bangladesh
KC Sangakkara,6,2007,Sri Lanka,Bangladesh
TM Dilshan,20,2007,Sri Lanka,Bangladesh
J Mubarak,0,2007,Sri Lanka,Bangladesh
DPMD Jayawardene,7,2007,Sri Lanka,Bangladesh
ST Jayasuriya,24,2007,Sri Lanka,Bangladesh
CK Kapugedera,7,2007,Sri Lanka,Bangladesh
WU Tharanga,14,2007,Sri Lanka,Bangladesh
TM Dilshan,39,2007,Sri Lanka,Bangladesh
KMDN Kulasekara,1,2007,Sri Lanka,Bangladesh
UDU Chandana,1,2007,Sri Lanka,Bangladesh
J Mubarak,72,2007,Sri Lanka,Bangladesh
CRD Fernando,0,2007,Sri Lanka,Bangladesh
MF Maharoof,1,2007,Sri Lanka,Bangladesh
KC Sangakkara,18,2007,Sri Lanka,Bangladesh
DPMD Jayawardene,20,2007,Sri Lanka,Bangladesh
ST Jayasuriya,8,2007,Sri Lanka,Bangladesh
LPC Silva,67,2008,Sri Lanka,West Indies
CK Kapugedera,95,2008,Sri Lanka,West Indies
WU Tharanga,10,2008,Sri Lanka,West Indies
ML Udawatte,0,2008,Sri Lanka,West Indies
KMDN Kulasekara,1,2008,Sri Lanka,West Indies
TM Dilshan,2,2008,Sri Lanka,West Indies
KC Sangakkara,23,2008,Sri Lanka,West Indies
WPUJC Vaas,10,2008,Sri Lanka,West Indies
DPMD Jayawardene,1,2008,Sri Lanka,West Indies
KC Sangakkara,28,2008,Sri Lanka,West Indies
LPC Silva,2,2008,Sri Lanka,West Indies
WU Tharanga,40,2008,Sri Lanka,West Indies
K Weeraratne,15,2008,Sri Lanka,West Indies
DPMD Jayawardene,4,2008,Sri Lanka,West Indies
ML Udawatte,14,2008,Sri Lanka,West Indies
LPC Silva,19,2008,Sri Lanka,Bangladesh
CK Kapugedera,74,2008,Sri Lanka,Bangladesh
TM Dilshan,29,2008,Sri Lanka,Bangladesh
KMDN Kulasekara,1,2008,Sri Lanka,Bangladesh
KC Sangakkara,101,2008,Sri Lanka,Bangladesh
WPUJC Vaas,13,2008,Sri Lanka,Bangladesh
DPMD Jayawardene,6,2008,Sri Lanka,Bangladesh
ST Jayasuriya,72,2008,Sri Lanka,Bangladesh
LPC Silva,6,2008,Sri Lanka,United Arab Emirates
CK Kapugedera,11,2008,Sri Lanka,United Arab Emirates
T Thushara,10,2008,Sri Lanka,United Arab Emirates
KMDN Kulasekara,37,2008,Sri Lanka,United Arab Emirates
ML Udawatte,67,2008,Sri Lanka,United Arab Emirates
KC Sangakkara,0,2008,Sri Lanka,United Arab Emirates
TM Dilshan,24,2008,Sri Lanka,United Arab Emirates
K Weeraratne,40,2008,Sri Lanka,United Arab Emirates
DPMD Jayawardene,61,2008,Sri Lanka,United Arab Emirates
LPC Silva,46,2008,Sri Lanka,Pakistan
CK Kapugedera,43,2008,Sri Lanka,Pakistan
T Thushara,28,2008,Sri Lanka,Pakistan
KMDN Kulasekara,1,2008,Sri Lanka,Pakistan
TM Dilshan,8,2008,Sri Lanka,Pakistan
KC Sangakkara,112,2008,Sri Lanka,Pakistan
WPUJC Vaas,4,2008,Sri Lanka,Pakistan
DPMD Jayawardene,29,2008,Sri Lanka,Pakistan
ST Jayasuriya,8,2008,Sri Lanka,Pakistan
LPC Silva,5,2008,Sri Lanka,Bangladesh
CK Kapugedera,1,2008,Sri Lanka,Bangladesh
TM Dilshan,2,2008,Sri Lanka,Bangladesh
KMDN Kulasekara,18,2008,Sri Lanka,Bangladesh
T Thushara,10,2008,Sri Lanka,Bangladesh
KC Sangakkara,121,2008,Sri Lanka,Bangladesh
WPUJC Vaas,7,2008,Sri Lanka,Bangladesh
DPMD Jayawardene,20,2008,Sri Lanka,Bangladesh
ST Jayasuriya,130,2008,Sri Lanka,Bangladesh
LPC Silva,50,2008,Sri Lanka,India
CK Kapugedera,75,2008,Sri Lanka,India
TM Dilshan,15,2008,Sri Lanka,India
KMDN Kulasekara,6,2008,Sri Lanka,India
T Thushara,23,2008,Sri Lanka,India
KC Sangakkara,7,2008,Sri Lanka,India
K Weeraratne,23,2008,Sri Lanka,India
DPMD Jayawardene,50,2008,Sri Lanka,India
ST Jayasuriya,43,2008,Sri Lanka,India
CK Kapugedera,5,2008,Sri Lanka,India
TM Dilshan,56,2008,Sri Lanka,India
KMDN Kulasekara,29,2008,Sri Lanka,India
T Thushara,5,2008,Sri Lanka,India
LPC Silva,0,2008,Sri Lanka,India
KC Sangakkara,4,2008,Sri Lanka,India
ST Jayasuriya,125,2008,Sri Lanka,India
WPUJC Vaas,19,2008,Sri Lanka,India
DPMD Jayawardene,11,2008,Sri Lanka,India
CK Kapugedera,45,2008,Sri Lanka,India
KC Sangakkara,19,2008,Sri Lanka,India
ST Jayasuriya,10,2008,Sri Lanka,India
DPMD Jayawardene,61,2008,Sri Lanka,India
LPC Silva,0,2008,Sri Lanka,India
CK Kapugedera,0,2008,Sri Lanka,India
TM Dilshan,16,2008,Sri Lanka,India
KMDN Kulasekara,25,2008,Sri Lanka,India
T Thushara,44,2008,Sri Lanka,India
KC Sangakkara,2,2008,Sri Lanka,India
DPMD Jayawardene,2,2008,Sri Lanka,India
ST Jayasuriya,13,2008,Sri Lanka,India
CRD Fernando,12,2008,Sri Lanka,India
DPMD Jayawardene,94,2008,Sri Lanka,India
WPUJC Vaas,0,2008,Sri Lanka,India
CK Kapugedera,12,2008,Sri Lanka,India
TM Dilshan,16,2008,Sri Lanka,India
KMDN Kulasekara,11,2008,Sri Lanka,India
T Thushara,30,2008,Sri Lanka,India
KC Sangakkara,9,2008,Sri Lanka,India
LPC Silva,1,2008,Sri Lanka,India
ST Jayasuriya,13,2008,Sri Lanka,India
CK Kapugedera,26,2008,Sri Lanka,India
T Thushara,54,2008,Sri Lanka,India
ML Udawatte,43,2008,Sri Lanka,India
KC Sangakkara,1,2008,Sri Lanka,India
SM Warnapura,30,2008,Sri Lanka,India
DPMD Jayawardene,12,2008,Sri Lanka,India
J Mubarak,47,2008,Sri Lanka,India
ST Jayasuriya,1,2008,Sri Lanka,India
CK Kapugedera,30,2008,Sri Lanka,India
TM Dilshan,12,2008,Sri Lanka,India
KMDN Kulasekara,12,2008,Sri Lanka,India
T Thushara,40,2008,Sri Lanka,India
SM Warnapura,0,2008,Sri Lanka,India
KC Sangakkara,6,2008,Sri Lanka,India
WPUJC Vaas,17,2008,Sri Lanka,India
DPMD Jayawardene,16,2008,Sri Lanka,India
ST Jayasuriya,60,2008,Sri Lanka,India
WU Tharanga,0,2008,Sri Lanka,Zimbabwe
CK Kapugedera,16,2008,Sri Lanka,Zimbabwe
ML Udawatte,38,2008,Sri Lanka,Zimbabwe
J Mubarak,0,2008,Sri Lanka,Zimbabwe
KC Sangakkara,46,2008,Sri Lanka,Zimbabwe
DPMD Jayawardene,15,2008,Sri Lanka,Zimbabwe
WU Tharanga,26,2008,Sri Lanka,Zimbabwe
ML Udawatte,7,2008,Sri Lanka,Zimbabwe
KC Sangakkara,28,2008,Sri Lanka,Zimbabwe
CK Kapugedera,28,2008,Sri Lanka,Zimbabwe
WU Tharanga,29,2008,Sri Lanka,Zimbabwe
MF Maharoof,14,2008,Sri Lanka,Zimbabwe
ML Udawatte,1,2008,Sri Lanka,Zimbabwe
KC Sangakkara,57,2008,Sri Lanka,Zimbabwe
DPMD Jayawardene,4,2008,Sri Lanka,Zimbabwe
J Mubarak,22,2008,Sri Lanka,Zimbabwe
CK Kapugedera,4,2008,Sri Lanka,Zimbabwe
SHT Kandamby,40,2008,Sri Lanka,Zimbabwe
AD Mathews,31,2008,Sri Lanka,Zimbabwe
WU Tharanga,6,2008,Sri Lanka,Zimbabwe
KMDN Kulasekara,1,2008,Sri Lanka,Zimbabwe
KC Sangakkara,28,2008,Sri Lanka,Zimbabwe
DPMD Jayawardene,0,2008,Sri Lanka,Zimbabwe
J Mubarak,16,2008,Sri Lanka,Zimbabwe
CRD Fernando,2,2008,Sri Lanka,Zimbabwe
CK Kapugedera,28,2009,Sri Lanka,Bangladesh
AD Mathews,2,2009,Sri Lanka,Bangladesh
WU Tharanga,0,2009,Sri Lanka,Bangladesh
T Thushara,0,2009,Sri Lanka,Bangladesh
KMDN Kulasekara,5,2009,Sri Lanka,Bangladesh
KC Sangakkara,0,2009,Sri Lanka,Bangladesh
DPMD Jayawardene,28,2009,Sri Lanka,Bangladesh
J Mubarak,10,2009,Sri Lanka,Bangladesh
ST Jayasuriya,54,2009,Sri Lanka,Bangladesh
CK Kapugedera,27,2009,Sri Lanka,Pakistan
MF Maharoof,11,2009,Sri Lanka,Pakistan
T Thushara,0,2009,Sri Lanka,Pakistan
KMDN Kulasekara,24,2009,Sri Lanka,Pakistan
TM Dilshan,42,2009,Sri Lanka,Pakistan
KC Sangakkara,49,2009,Sri Lanka,Pakistan
DPMD Jayawardene,1,2009,Sri Lanka,Pakistan
J Mubarak,8,2009,Sri Lanka,Pakistan
ST Jayasuriya,38,2009,Sri Lanka,Pakistan
CK Kapugedera,44,2009,Sri Lanka,Pakistan
SHT Kandamby,59,2009,Sri Lanka,Pakistan
MF Maharoof,17,2009,Sri Lanka,Pakistan
TM Dilshan,76,2009,Sri Lanka,Pakistan
T Thushara,8,2009,Sri Lanka,Pakistan
KC Sangakkara,16,2009,Sri Lanka,Pakistan
DPMD Jayawardene,24,2009,Sri Lanka,Pakistan
ST Jayasuriya,19,2009,Sri Lanka,Pakistan
CK Kapugedera,0,2009,Sri Lanka,Pakistan
SHT Kandamby,32,2009,Sri Lanka,Pakistan
MF Maharoof,8,2009,Sri Lanka,Pakistan
TM Dilshan,137,2009,Sri Lanka,Pakistan
KC Sangakkara,50,2009,Sri Lanka,Pakistan
DPMD Jayawardene,18,2009,Sri Lanka,Pakistan
ST Jayasuriya,45,2009,Sri Lanka,Pakistan
MF Maharoof,35,2009,Sri Lanka,India
SHT Kandamby,17,2009,Sri Lanka,India
CK Kapugedera,15,2009,Sri Lanka,India
TM Dilshan,0,2009,Sri Lanka,India
T Thushara,12,2009,Sri Lanka,India
KC Sangakkara,44,2009,Sri Lanka,India
DPMD Jayawardene,11,2009,Sri Lanka,India
ST Jayasuriya,107,2009,Sri Lanka,India
DPMD Jayawardene,52,2009,Sri Lanka,India
CK Kapugedera,31,2009,Sri Lanka,India
MF Maharoof,7,2009,Sri Lanka,India
TM Dilshan,8,2009,Sri Lanka,India
T Thushara,7,2009,Sri Lanka,India
KC Sangakkara,4,2009,Sri Lanka,India
SHT Kandamby,93,2009,Sri Lanka,India
KMDN Kulasekara,1,2009,Sri Lanka,India
ST Jayasuriya,17,2009,Sri Lanka,India
CK Kapugedera,2,2009,Sri Lanka,India
MF Maharoof,22,2009,Sri Lanka,India
TM Dilshan,31,2009,Sri Lanka,India
KC Sangakkara,83,2009,Sri Lanka,India
SHT Kandamby,10,2009,Sri Lanka,India
KMDN Kulasekara,3,2009,Sri Lanka,India
DPMD Jayawardene,30,2009,Sri Lanka,India
ST Jayasuriya,0,2009,Sri Lanka,India
CRD Fernando,19,2009,Sri Lanka,India
SHT Kandamby,10,2009,Sri Lanka,India
AD Mathews,6,2009,Sri Lanka,India
CK Kapugedera,16,2009,Sri Lanka,India
TM Dilshan,38,2009,Sri Lanka,India
KC Sangakkara,56,2009,Sri Lanka,India
MF Maharoof,28,2009,Sri Lanka,India
KMDN Kulasekara,39,2009,Sri Lanka,India
DPMD Jayawardene,28,2009,Sri Lanka,India
ST Jayasuriya,27,2009,Sri Lanka,India
CRD Fernando,9,2009,Sri Lanka,India
CK Kapugedera,0,2009,Sri Lanka,India
SHT Kandamby,26,2009,Sri Lanka,India
TM Dilshan,97,2009,Sri Lanka,India
KMDN Kulasekara,10,2009,Sri Lanka,India
T Thushara,11,2009,Sri Lanka,India
KC Sangakkara,84,2009,Sri Lanka,India
MF Maharoof,32,2009,Sri Lanka,India
DPMD Jayawardene,1,2009,Sri Lanka,India
ST Jayasuriya,37,2009,Sri Lanka,India
CK Kapugedera,8,2009,Sri Lanka,Pakistan
AD Mathews,43,2009,Sri Lanka,Pakistan
WU Tharanga,17,2009,Sri Lanka,Pakistan
TT Samaraweera,10,2009,Sri Lanka,Pakistan
T Thushara,8,2009,Sri Lanka,Pakistan
KMDN Kulasekara,16,2009,Sri Lanka,Pakistan
KC Sangakkara,36,2009,Sri Lanka,Pakistan
DPMD Jayawardene,33,2009,Sri Lanka,Pakistan
ST Jayasuriya,15,2009,Sri Lanka,Pakistan
CK Kapugedera,67,2009,Sri Lanka,Pakistan
WU Tharanga,10,2009,Sri Lanka,Pakistan
TT Samaraweera,38,2009,Sri Lanka,Pakistan
KC Sangakkara,2,2009,Sri Lanka,Pakistan
DPMD Jayawardene,12,2009,Sri Lanka,Pakistan
ST Jayasuriya,30,2009,Sri Lanka,Pakistan
CK Kapugedera,8,2009,Sri Lanka,Pakistan
SHT Kandamby,32,2009,Sri Lanka,Pakistan
WU Tharanga,76,2009,Sri Lanka,Pakistan
TT Samaraweera,0,2009,Sri Lanka,Pakistan
KC Sangakkara,37,2009,Sri Lanka,Pakistan
DPMD Jayawardene,123,2009,Sri Lanka,Pakistan
CK Kapugedera,8,2009,Sri Lanka,Pakistan
SHT Kandamby,15,2009,Sri Lanka,Pakistan
AD Mathews,8,2009,Sri Lanka,Pakistan
WU Tharanga,80,2009,Sri Lanka,Pakistan
HMCM Bandara,0,2009,Sri Lanka,Pakistan
TT Samaraweera,2,2009,Sri Lanka,Pakistan
T Thushara,0,2009,Sri Lanka,Pakistan
KC Sangakkara,39,2009,Sri Lanka,Pakistan
DPMD Jayawardene,19,2009,Sri Lanka,Pakistan
CK Kapugedera,1,2009,Sri Lanka,Pakistan
SHT Kandamby,42,2009,Sri Lanka,Pakistan
AD Mathews,5,2009,Sri Lanka,Pakistan
WU Tharanga,0,2009,Sri Lanka,Pakistan
HMCM Bandara,31,2009,Sri Lanka,Pakistan
KMDN Kulasekara,0,2009,Sri Lanka,Pakistan
KC Sangakkara,16,2009,Sri Lanka,Pakistan
KTGD Prasad,1,2009,Sri Lanka,Pakistan
DPMD Jayawardene,31,2009,Sri Lanka,Pakistan
ST Jayasuriya,6,2009,Sri Lanka,Pakistan
SHT Kandamby,15,2009,Sri Lanka,New Zealand
AD Mathews,51,2009,Sri Lanka,New Zealand
TT Samaraweera,104,2009,Sri Lanka,New Zealand
TM Dilshan,4,2009,Sri Lanka,New Zealand
KMDN Kulasekara,6,2009,Sri Lanka,New Zealand
T Thushara,6,2009,Sri Lanka,New Zealand
KC Sangakkara,18,2009,Sri Lanka,New Zealand
DPMD Jayawardene,0,2009,Sri Lanka,New Zealand
ST Jayasuriya,7,2009,Sri Lanka,New Zealand
CK Kapugedera,36,2009,Sri Lanka,India
SHT Kandamby,91,2009,Sri Lanka,India
AD Mathews,19,2009,Sri Lanka,India
TM Dilshan,23,2009,Sri Lanka,India
KMDN Kulasekara,3,2009,Sri Lanka,India
KC Sangakkara,5,2009,Sri Lanka,India
DPMD Jayawardene,17,2009,Sri Lanka,India
ST Jayasuriya,98,2009,Sri Lanka,India
CK Kapugedera,35,2009,Sri Lanka,India
AD Mathews,14,2009,Sri Lanka,India
TM Dilshan,42,2009,Sri Lanka,India
KMDN Kulasekara,9,2009,Sri Lanka,India
T Thushara,15,2009,Sri Lanka,India
KC Sangakkara,33,2009,Sri Lanka,India
SHT Kandamby,66,2009,Sri Lanka,India
DPMD Jayawardene,1,2009,Sri Lanka,India
ST Jayasuriya,36,2009,Sri Lanka,India
SHT Kandamby,6,2009,Sri Lanka,South Africa
AD Mathews,15,2009,Sri Lanka,South Africa
TM Dilshan,106,2009,Sri Lanka,South Africa
KMDN Kulasekara,1,2009,Sri Lanka,South Africa
KC Sangakkara,54,2009,Sri Lanka,South Africa
DPMD Jayawardene,77,2009,Sri Lanka,South Africa
TT Samaraweera,37,2009,Sri Lanka,South Africa
ST Jayasuriya,10,2009,Sri Lanka,South Africa
SHT Kandamby,53,2009,Sri Lanka,England
AD Mathews,52,2009,Sri Lanka,England
TM Dilshan,2,2009,Sri Lanka,England
KMDN Kulasekara,17,2009,Sri Lanka,England
KC Sangakkara,1,2009,Sri Lanka,England
DPMD Jayawardene,9,2009,Sri Lanka,England
TT Samaraweera,30,2009,Sri Lanka,England
ST Jayasuriya,0,2009,Sri Lanka,England
DPMD Jayawardene,77,2009,Sri Lanka,New Zealand
AD Mathews,2,2009,Sri Lanka,New Zealand
TT Samaraweera,17,2009,Sri Lanka,New Zealand
TM Dilshan,41,2009,Sri Lanka,New Zealand
KMDN Kulasekara,57,2009,Sri Lanka,New Zealand
T Thushara,11,2009,Sri Lanka,New Zealand
SHT Kandamby,11,2009,Sri Lanka,New Zealand
KC Sangakkara,11,2009,Sri Lanka,New Zealand
ST Jayasuriya,24,2009,Sri Lanka,New Zealand
DPMD Jayawardene,3,2009,Sri Lanka,India
WU Tharanga,67,2009,Sri Lanka,India
TT Samaraweera,0,2009,Sri Lanka,India
TM Dilshan,160,2009,Sri Lanka,India
KC Sangakkara,90,2009,Sri Lanka,India
SHT Kandamby,24,2009,Sri Lanka,India
KMDN Kulasekara,2,2009,Sri Lanka,India
AD Mathews,38,2009,Sri Lanka,India
ST Jayasuriya,5,2009,Sri Lanka,India
DPMD Jayawardene,39,2009,Sri Lanka,India
AD Mathews,37,2009,Sri Lanka,India
WU Tharanga,37,2009,Sri Lanka,India
CK Kapugedera,2,2009,Sri Lanka,India
S Randiv,5,2009,Sri Lanka,India
TM Dilshan,123,2009,Sri Lanka,India
KC Sangakkara,21,2009,Sri Lanka,India
SHT Kandamby,27,2009,Sri Lanka,India
CK Kapugedera,15,2009,Sri Lanka,India
SHT Kandamby,22,2009,Sri Lanka,India
S Randiv,0,2009,Sri Lanka,India
TM Dilshan,41,2009,Sri Lanka,India
KMDN Kulasekara,10,2009,Sri Lanka,India
KC Sangakkara,46,2009,Sri Lanka,India
DPMD Jayawardene,2,2009,Sri Lanka,India
WU Tharanga,73,2009,Sri Lanka,India
SHT Kandamby,23,2009,Sri Lanka,India
WU Tharanga,118,2009,Sri Lanka,India
TT Samaraweera,13,2009,Sri Lanka,India
TM Dilshan,9,2009,Sri Lanka,India
KC Sangakkara,60,2009,Sri Lanka,India
DPMD Jayawardene,33,2009,Sri Lanka,India
NLTC Perera,31,2009,Sri Lanka,India
ST Jayasuriya,15,2009,Sri Lanka,India
CK Kapugedera,2,2011,Sri Lanka,Canada
AD Mathews,21,2011,Sri Lanka,Canada
WU Tharanga,19,2011,Sri Lanka,Canada
TT Samaraweera,18,2011,Sri Lanka,Canada
TM Dilshan,50,2011,Sri Lanka,Canada
KMDN Kulasekara,7,2011,Sri Lanka,Canada
KC Sangakkara,92,2011,Sri Lanka,Canada
NLTC Perera,11,2011,Sri Lanka,Canada
DPMD Jayawardene,100,2011,Sri Lanka,Canada
LPC Silva,57,2011,Sri Lanka,Pakistan
DPMD Jayawardene,2,2011,Sri Lanka,Pakistan
AD Mathews,18,2011,Sri Lanka,Pakistan
WU Tharanga,33,2011,Sri Lanka,Pakistan
TT Samaraweera,1,2011,Sri Lanka,Pakistan
TM Dilshan,41,2011,Sri Lanka,Pakistan
KMDN Kulasekara,24,2011,Sri Lanka,Pakistan
KC Sangakkara,49,2011,Sri Lanka,Pakistan
NLTC Perera,8,2011,Sri Lanka,Pakistan
WU Tharanga,67,2011,Sri Lanka,Kenya
TM Dilshan,44,2011,Sri Lanka,Kenya
KC Sangakkara,27,2011,Sri Lanka,Kenya
LPC Silva,4,2011,Sri Lanka,Zimbabwe
AD Mathews,0,2011,Sri Lanka,Zimbabwe
WU Tharanga,133,2011,Sri Lanka,Zimbabwe
TT Samaraweera,8,2011,Sri Lanka,Zimbabwe
TM Dilshan,144,2011,Sri Lanka,Zimbabwe
KC Sangakkara,11,2011,Sri Lanka,Zimbabwe
NLTC Perera,3,2011,Sri Lanka,Zimbabwe
DPMD Jayawardene,9,2011,Sri Lanka,Zimbabwe
AD Mathews,41,2011,Sri Lanka,New Zealand
WU Tharanga,3,2011,Sri Lanka,New Zealand
TT Samaraweera,5,2011,Sri Lanka,New Zealand
TM Dilshan,3,2011,Sri Lanka,New Zealand
KMDN Kulasekara,1,2011,Sri Lanka,New Zealand
LPC Silva,3,2011,Sri Lanka,New Zealand
KC Sangakkara,111,2011,Sri Lanka,New Zealand
DPMD Jayawardene,66,2011,Sri Lanka,New Zealand
WU Tharanga,102,2011,Sri Lanka,England
TM Dilshan,108,2011,Sri Lanka,England
LPC Silva,13,2011,Sri Lanka,New Zealand
KC Sangakkara,54,2011,Sri Lanka,New Zealand
DPMD Jayawardene,1,2011,Sri Lanka,New Zealand
AD Mathews,14,2011,Sri Lanka,New Zealand
WU Tharanga,30,2011,Sri Lanka,New Zealand
TM Dilshan,73,2011,Sri Lanka,New Zealand
TT Samaraweera,23,2011,Sri Lanka,New Zealand
CK Kapugedera,1,2011,Sri Lanka,India
DPMD Jayawardene,103,2011,Sri Lanka,India
WU Tharanga,2,2011,Sri Lanka,India
TT Samaraweera,21,2011,Sri Lanka,India
TM Dilshan,33,2011,Sri Lanka,India
KC Sangakkara,48,2011,Sri Lanka,India
KMDN Kulasekara,32,2011,Sri Lanka,India
NLTC Perera,22,2011,Sri Lanka,India
LPC Silva,4,2010,Sri Lanka,Bangladesh
WU Tharanga,14,2010,Sri Lanka,Bangladesh
TT Samaraweera,41,2010,Sri Lanka,Bangladesh
TM Dilshan,104,2010,Sri Lanka,Bangladesh
KC Sangakkara,74,2010,Sri Lanka,Bangladesh
SHT Kandamby,8,2010,Sri Lanka,India
TT Samaraweera,105,2010,Sri Lanka,India
KC Sangakkara,60,2010,Sri Lanka,India
NLTC Perera,36,2010,Sri Lanka,India
HDRL Thirimanne,22,2010,Sri Lanka,India
WU Tharanga,30,2010,Sri Lanka,India
S Randiv,4,2010,Sri Lanka,India
DPMD Jayawardene,108,2010,Sri Lanka,Bangladesh
WU Tharanga,118,2010,Sri Lanka,Bangladesh
KC Sangakkara,17,2010,Sri Lanka,Bangladesh
SHT Kandamby,1,2010,Sri Lanka,India
WU Tharanga,0,2010,Sri Lanka,India
TT Samaraweera,0,2010,Sri Lanka,India
S Randiv,56,2010,Sri Lanka,India
TM Dilshan,33,2010,Sri Lanka,India
T Thushara,28,2010,Sri Lanka,India
KC Sangakkara,68,2010,Sri Lanka,India
NLTC Perera,11,2010,Sri Lanka,India
DPMD Jayawardene,5,2010,Sri Lanka,India
RAS Lakmal,0,2010,Sri Lanka,India
DPMD Jayawardene,71,2010,Sri Lanka,India
TT Samaraweera,27,2010,Sri Lanka,India
TM Dilshan,49,2010,Sri Lanka,India
KC Sangakkara,55,2010,Sri Lanka,India
NLTC Perera,6,2010,Sri Lanka,India
SHT Kandamby,18,2010,Sri Lanka,India
WU Tharanga,0,2010,Sri Lanka,India
S Randiv,17,2010,Sri Lanka,India
LPC Silva,4,2010,Sri Lanka,Australia
DPMD Jayawardene,19,2010,Sri Lanka,Australia
AD Mathews,77,2010,Sri Lanka,Australia
WU Tharanga,3,2010,Sri Lanka,Australia
TM Dilshan,7,2010,Sri Lanka,Australia
KMDN Kulasekara,0,2010,Sri Lanka,Australia
KC Sangakkara,49,2010,Sri Lanka,Australia
NLTC Perera,0,2010,Sri Lanka,Australia
S Randiv,10,2010,Sri Lanka,Australia
DPMD Jayawardene,5,2010,Sri Lanka,Australia
AD Mathews,17,2010,Sri Lanka,Australia
WU Tharanga,86,2010,Sri Lanka,Australia
TM Dilshan,47,2010,Sri Lanka,Australia
KC Sangakkara,45,2010,Sri Lanka,Australia
LPC Silva,33,2010,Sri Lanka,Australia
AD Mathews,9,2010,Sri Lanka,Australia
WU Tharanga,28,2010,Sri Lanka,Australia
BMAJ Mendis,5,2010,Sri Lanka,Australia
S Randiv,7,2010,Sri Lanka,Australia
TM Dilshan,1,2010,Sri Lanka,Australia
KC Sangakkara,0,2010,Sri Lanka,Australia
NLTC Perera,3,2010,Sri Lanka,Australia
DPMD Jayawardene,0,2010,Sri Lanka,Australia
CRD Fernando,2,2010,Sri Lanka,Australia
LPC Silva,5,2010,Sri Lanka,India
CK Kapugedera,20,2010,Sri Lanka,India
AD Mathews,75,2010,Sri Lanka,India
WU Tharanga,1,2010,Sri Lanka,India
TT Samaraweera,19,2010,Sri Lanka,India
S Randiv,1,2010,Sri Lanka,India
TM Dilshan,61,2010,Sri Lanka,India
KMDN Kulasekara,19,2010,Sri Lanka,India
NLTC Perera,32,2010,Sri Lanka,India
WU Tharanga,40,2010,Sri Lanka,Zimbabwe
TM Dilshan,60,2010,Sri Lanka,Zimbabwe
LD Chandimal,10,2010,Sri Lanka,Zimbabwe
CK Kapugedera,42,2010,Sri Lanka,India
WU Tharanga,27,2010,Sri Lanka,India
BMAJ Mendis,35,2010,Sri Lanka,India
TT Samaraweera,28,2010,Sri Lanka,India
TM Dilshan,21,2010,Sri Lanka,India
LD Chandimal,111,2010,Sri Lanka,India
CK Kapugedera,12,2010,Sri Lanka,Zimbabwe
WU Tharanga,69,2010,Sri Lanka,Zimbabwe
BMAJ Mendis,7,2010,Sri Lanka,Zimbabwe
TT Samaraweera,16,2010,Sri Lanka,Zimbabwe
S Randiv,9,2010,Sri Lanka,Zimbabwe
TM Dilshan,78,2010,Sri Lanka,Zimbabwe
T Thushara,7,2010,Sri Lanka,Zimbabwe
LD Chandimal,6,2010,Sri Lanka,Zimbabwe
HDRL Thirimanne,15,2010,Sri Lanka,Zimbabwe
NLTC Perera,8,2010,Sri Lanka,Zimbabwe
CRD Fernando,0,2010,Sri Lanka,Zimbabwe
WU Tharanga,72,2010,Sri Lanka,Zimbabwe
TM Dilshan,108,2010,Sri Lanka,Zimbabwe
LD Chandimal,16,2010,Sri Lanka,Zimbabwe
CK Kapugedera,2,2010,Sri Lanka,Pakistan
AD Mathews,55,2010,Sri Lanka,Pakistan
WU Tharanga,11,2010,Sri Lanka,Pakistan
MF Maharoof,1,2010,Sri Lanka,Pakistan
TT Samaraweera,17,2010,Sri Lanka,Pakistan
TM Dilshan,18,2010,Sri Lanka,Pakistan
KMDN Kulasekara,14,2010,Sri Lanka,Pakistan
KC Sangakkara,42,2010,Sri Lanka,Pakistan
DPMD Jayawardene,54,2010,Sri Lanka,Pakistan
CK Kapugedera,37,2010,Sri Lanka,Bangladesh
AD Mathews,42,2010,Sri Lanka,Bangladesh
WU Tharanga,54,2010,Sri Lanka,Bangladesh
TM Dilshan,71,2010,Sri Lanka,Bangladesh
KC Sangakkara,52,2010,Sri Lanka,Bangladesh
DPMD Jayawardene,43,2010,Sri Lanka,Bangladesh
WU Tharanga,38,2010,Sri Lanka,India
DPMD Jayawardene,53,2010,Sri Lanka,India
TM Dilshan,24,2010,Sri Lanka,India
SHT Kandamby,7,2010,Sri Lanka,India
KC Sangakkara,73,2010,Sri Lanka,India
DPMD Jayawardene,11,2010,Sri Lanka,India
AD Mathews,0,2010,Sri Lanka,India
WU Tharanga,16,2010,Sri Lanka,India
CK Kapugedera,55,2010,Sri Lanka,India
MF Maharoof,10,2010,Sri Lanka,India
TM Dilshan,0,2010,Sri Lanka,India
KMDN Kulasekara,20,2010,Sri Lanka,India
KC Sangakkara,17,2010,Sri Lanka,India
SHT Kandamby,31,2010,Sri Lanka,India
CK Kapugedera,10,2010,Sri Lanka,India
AD Mathews,15,2010,Sri Lanka,India
WU Tharanga,0,2010,Sri Lanka,India
TT Samaraweera,7,2010,Sri Lanka,India
S Randiv,43,2010,Sri Lanka,India
TM Dilshan,45,2010,Sri Lanka,India
KMDN Kulasekara,22,2010,Sri Lanka,India
KC Sangakkara,2,2010,Sri Lanka,India
DPMD Jayawardene,4,2010,Sri Lanka,India
CRD Fernando,6,2010,Sri Lanka,India
WU Tharanga,70,2010,Sri Lanka,New Zealand
CK Kapugedera,9,2010,Sri Lanka,New Zealand
KMDN Kulasekara,7,2010,Sri Lanka,New Zealand
KC Sangakkara,48,2010,Sri Lanka,New Zealand
TM Dilshan,5,2010,Sri Lanka,New Zealand
AD Mathews,0,2010,Sri Lanka,New Zealand
DPMD Jayawardene,5,2010,Sri Lanka,New Zealand
TT Samaraweera,36,2010,Sri Lanka,New Zealand
KC Sangakkara,13,2010,Sri Lanka,India
DPMD Jayawardene,33,2010,Sri Lanka,India
WU Tharanga,12,2010,Sri Lanka,India
TM Dilshan,35,2010,Sri Lanka,India
LPC Silva,26,2010,Sri Lanka,India
CK Kapugedera,12,2010,Sri Lanka,India
DPMD Jayawardene,39,2010,Sri Lanka,India
AD Mathews,1,2010,Sri Lanka,India
WU Tharanga,6,2010,Sri Lanka,India
S Randiv,4,2010,Sri Lanka,India
TM Dilshan,110,2010,Sri Lanka,India
KC Sangakkara,71,2010,Sri Lanka,India
NLTC Perera,6,2010,Sri Lanka,India
WU Tharanga,101,2011,Sri Lanka,West Indies
TM Dilshan,11,2011,Sri Lanka,West Indies
KC Sangakkara,20,2011,Sri Lanka,West Indies
DPMD Jayawardene,48,2011,Sri Lanka,West Indies
CK Kapugedera,17,2011,Sri Lanka,West Indies
AD Mathews,36,2011,Sri Lanka,West Indies
WU Tharanga,39,2011,Sri Lanka,West Indies
TT Samaraweera,4,2011,Sri Lanka,West Indies
TM Dilshan,30,2011,Sri Lanka,West Indies
KC Sangakkara,75,2011,Sri Lanka,West Indies
NLTC Perera,6,2011,Sri Lanka,West Indies
DPMD Jayawardene,44,2011,Sri Lanka,West Indies
AD Mathews,16,2011,Sri Lanka,England
KC Sangakkara,4,2011,Sri Lanka,England
TM Dilshan,1,2011,Sri Lanka,England
KMDN Kulasekara,5,2011,Sri Lanka,England
BMAJ Mendis,9,2011,Sri Lanka,England
SHT Kandamby,19,2011,Sri Lanka,England
S Randiv,24,2011,Sri Lanka,England
DPMD Jayawardene,5,2011,Sri Lanka,England
ST Jayasuriya,2,2011,Sri Lanka,England
KC Sangakkara,69,2011,Sri Lanka,England
AD Mathews,46,2011,Sri Lanka,England
BMAJ Mendis,7,2011,Sri Lanka,England
TM Dilshan,9,2011,Sri Lanka,England
KMDN Kulasekara,13,2011,Sri Lanka,England
LD Chandimal,5,2011,Sri Lanka,England
DPMD Jayawardene,144,2011,Sri Lanka,England
LD Chandimal,105,2011,Sri Lanka,England
AD Mathews,1,2011,Sri Lanka,England
TM Dilshan,3,2011,Sri Lanka,England
SHT Kandamby,11,2011,Sri Lanka,England
DPMD Jayawardene,79,2011,Sri Lanka,England
KC Sangakkara,25,2011,Sri Lanka,England
KC Sangakkara,75,2011,Sri Lanka,England
SHT Kandamby,6,2011,Sri Lanka,England
AD Mathews,39,2011,Sri Lanka,England
BMAJ Mendis,11,2011,Sri Lanka,England
S Randiv,18,2011,Sri Lanka,England
TM Dilshan,0,2011,Sri Lanka,England
KMDN Kulasekara,5,2011,Sri Lanka,England
LD Chandimal,0,2011,Sri Lanka,England
DPMD Jayawardene,9,2011,Sri Lanka,England
RAS Lakmal,1,2011,Sri Lanka,England
LD Chandimal,54,2011,Sri Lanka,England
DPMD Jayawardene,9,2011,Sri Lanka,England
FDM Karunaratne,4,2011,Sri Lanka,England
TM Dilshan,4,2011,Sri Lanka,England
KMDN Kulasekara,4,2011,Sri Lanka,England
BMAJ Mendis,48,2011,Sri Lanka,England
AD Mathews,62,2011,Sri Lanka,England
KC Sangakkara,48,2011,Sri Lanka,England
LD Chandimal,4,2012,Sri Lanka,South Africa
CKB Kulasekara,19,2012,Sri Lanka,South Africa
AD Mathews,0,2012,Sri Lanka,South Africa
WU Tharanga,0,2012,Sri Lanka,South Africa
KMDN Kulasekara,6,2012,Sri Lanka,South Africa
TM Dilshan,0,2012,Sri Lanka,South Africa
KC Sangakkara,4,2012,Sri Lanka,South Africa
CRD Fernando,0,2012,Sri Lanka,South Africa
DPMD Jayawardene,2,2012,Sri Lanka,South Africa
LD Chandimal,92,2012,Sri Lanka,South Africa
AD Mathews,28,2012,Sri Lanka,South Africa
WU Tharanga,66,2012,Sri Lanka,South Africa
TM Dilshan,0,2012,Sri Lanka,South Africa
KMDN Kulasekara,22,2012,Sri Lanka,South Africa
KC Sangakkara,3,2012,Sri Lanka,South Africa
DPMD Jayawardene,19,2012,Sri Lanka,South Africa
LD Chandimal,36,2012,Sri Lanka,South Africa
CKB Kulasekara,19,2012,Sri Lanka,South Africa
AD Mathews,15,2012,Sri Lanka,South Africa
WU Tharanga,58,2012,Sri Lanka,South Africa
TM Dilshan,33,2012,Sri Lanka,South Africa
KMDN Kulasekara,40,2012,Sri Lanka,South Africa
KC Sangakkara,38,2012,Sri Lanka,South Africa
DPMD Jayawardene,15,2012,Sri Lanka,South Africa
LD Chandimal,59,2012,Sri Lanka,South Africa
KC Sangakkara,32,2012,Sri Lanka,South Africa
AD Mathews,21,2012,Sri Lanka,South Africa
WU Tharanga,6,2012,Sri Lanka,South Africa
TM Dilshan,87,2012,Sri Lanka,South Africa
HDRL Thirimanne,13,2012,Sri Lanka,South Africa
NLTC Perera,69,2012,Sri Lanka,South Africa
LD Chandimal,20,2012,Sri Lanka,South Africa
AD Mathews,6,2012,Sri Lanka,South Africa
WU Tharanga,46,2012,Sri Lanka,South Africa
TM Dilshan,41,2012,Sri Lanka,South Africa
KMDN Kulasekara,0,2012,Sri Lanka,South Africa
KC Sangakkara,102,2012,Sri Lanka,South Africa
HDRL Thirimanne,69,2012,Sri Lanka,South Africa
NLTC Perera,2,2012,Sri Lanka,South Africa
LD Chandimal,12,2011,Sri Lanka,Australia
AD Mathews,15,2011,Sri Lanka,Australia
WU Tharanga,34,2011,Sri Lanka,Australia
BMAJ Mendis,2,2011,Sri Lanka,Australia
S Randiv,41,2011,Sri Lanka,Australia
TM Dilshan,29,2011,Sri Lanka,Australia
KMDN Kulasekara,34,2011,Sri Lanka,Australia
KC Sangakkara,16,2011,Sri Lanka,Australia
DPMD Jayawardene,3,2011,Sri Lanka,Australia
RAS Lakmal,0,2011,Sri Lanka,Australia
LD Chandimal,1,2011,Sri Lanka,Australia
AD Mathews,35,2011,Sri Lanka,Australia
WU Tharanga,13,2011,Sri Lanka,Australia
BMAJ Mendis,5,2011,Sri Lanka,Australia
TM Dilshan,24,2011,Sri Lanka,Australia
KMDN Kulasekara,34,2011,Sri Lanka,Australia
KC Sangakkara,52,2011,Sri Lanka,Australia
DPMD Jayawardene,17,2011,Sri Lanka,Australia
LPC Silva,9,2011,Sri Lanka,Australia
LD Chandimal,4,2011,Sri Lanka,Australia
WU Tharanga,111,2011,Sri Lanka,Australia
BMAJ Mendis,1,2011,Sri Lanka,Australia
TM Dilshan,55,2011,Sri Lanka,Australia
RMS Eranga,2,2011,Sri Lanka,Australia
KC Sangakkara,49,2011,Sri Lanka,Australia
KMDN Kulasekara,4,2011,Sri Lanka,Australia
DPMD Jayawardene,36,2011,Sri Lanka,Australia
LPC Silva,0,2011,Sri Lanka,Australia
S Prasanna,0,2011,Sri Lanka,Australia
AD Mathews,6,2011,Sri Lanka,Australia
WU Tharanga,8,2011,Sri Lanka,Australia
TM Dilshan,12,2011,Sri Lanka,Australia
RMS Eranga,1,2011,Sri Lanka,Australia
KC Sangakkara,31,2011,Sri Lanka,Australia
KMDN Kulasekara,7,2011,Sri Lanka,Australia
DPMD Jayawardene,53,2011,Sri Lanka,Australia
LPC Silva,63,2011,Sri Lanka,Australia
DPMD Jayawardene,71,2011,Sri Lanka,Australia
AD Mathews,26,2011,Sri Lanka,Australia
WU Tharanga,0,2011,Sri Lanka,Australia
BMAJ Mendis,7,2011,Sri Lanka,Australia
TM Dilshan,17,2011,Sri Lanka,Australia
RMS Eranga,0,2011,Sri Lanka,Australia
KC Sangakkara,7,2011,Sri Lanka,Australia
LD Chandimal,64,2012,Sri Lanka,India
AD Mathews,33,2012,Sri Lanka,India
WU Tharanga,4,2012,Sri Lanka,India
TM Dilshan,48,2012,Sri Lanka,India
KC Sangakkara,26,2012,Sri Lanka,India
KMDN Kulasekara,7,2012,Sri Lanka,India
HDRL Thirimanne,7,2012,Sri Lanka,India
NLTC Perera,7,2012,Sri Lanka,India
DPMD Jayawardene,23,2012,Sri Lanka,India
AD Mathews,64,2012,Sri Lanka,Australia
WU Tharanga,5,2012,Sri Lanka,Australia
TM Dilshan,40,2012,Sri Lanka,Australia
KMDN Kulasekara,8,2012,Sri Lanka,Australia
LD Chandimal,37,2012,Sri Lanka,Australia
KTGD Prasad,15,2012,Sri Lanka,Australia
KC Sangakkara,22,2012,Sri Lanka,Australia
HDRL Thirimanne,3,2012,Sri Lanka,Australia
DPMD Jayawardene,13,2012,Sri Lanka,Australia
LD Chandimal,6,2012,Sri Lanka,Australia
TM Dilshan,45,2012,Sri Lanka,Australia
KC Sangakkara,30,2012,Sri Lanka,Australia
DPMD Jayawardene,61,2012,Sri Lanka,Australia
LD Chandimal,38,2012,Sri Lanka,India
DPMD Jayawardene,45,2012,Sri Lanka,India
AD Mathews,49,2012,Sri Lanka,India
TM Dilshan,51,2012,Sri Lanka,India
KC Sangakkara,8,2012,Sri Lanka,India
MF Maharoof,4,2012,Sri Lanka,India
HDRL Thirimanne,62,2012,Sri Lanka,India
NLTC Perera,10,2012,Sri Lanka,India
LD Chandimal,80,2012,Sri Lanka,Australia
AD Mathews,24,2012,Sri Lanka,Australia
MF Maharoof,5,2012,Sri Lanka,Australia
TM Dilshan,3,2012,Sri Lanka,Australia
KMDN Kulasekara,4,2012,Sri Lanka,Australia
KC Sangakkara,22,2012,Sri Lanka,Australia
HDRL Thirimanne,24,2012,Sri Lanka,Australia
NLTC Perera,21,2012,Sri Lanka,Australia
DPMD Jayawardene,85,2012,Sri Lanka,Australia
KC Sangakkara,105,2012,Sri Lanka,India
LD Chandimal,2,2012,Sri Lanka,India
AD Mathews,14,2012,Sri Lanka,India
NLTC Perera,3,2012,Sri Lanka,India
DPMD Jayawardene,22,2012,Sri Lanka,India
TM Dilshan,160,2012,Sri Lanka,India
AD Mathews,5,2012,Sri Lanka,Australia
TM Dilshan,9,2012,Sri Lanka,Australia
KMDN Kulasekara,0,2012,Sri Lanka,Australia
LD Chandimal,75,2012,Sri Lanka,Australia
NLTC Perera,5,2012,Sri Lanka,Australia
KC Sangakkara,64,2012,Sri Lanka,Australia
HDRL Thirimanne,51,2012,Sri Lanka,Australia
DPMD Jayawardene,5,2012,Sri Lanka,Australia
LD Chandimal,14,2012,Sri Lanka,Australia
WU Tharanga,60,2012,Sri Lanka,Australia
MF Maharoof,8,2012,Sri Lanka,Australia
TM Dilshan,27,2012,Sri Lanka,Australia
KMDN Kulasekara,73,2012,Sri Lanka,Australia
KC Sangakkara,42,2012,Sri Lanka,Australia
HDRL Thirimanne,14,2012,Sri Lanka,Australia
KTGD Prasad,31,2012,Sri Lanka,Australia
DPMD Jayawardene,14,2012,Sri Lanka,Australia
KC Sangakkara,51,2012,Sri Lanka,Australia
LD Chandimal,17,2012,Sri Lanka,Australia
DPMD Jayawardene,80,2012,Sri Lanka,Australia
TM Dilshan,106,2012,Sri Lanka,Australia
CK Kapugedera,7,2012,Sri Lanka,Australia
WU Tharanga,71,2012,Sri Lanka,Australia
TM Dilshan,8,2012,Sri Lanka,Australia
KMDN Kulasekara,15,2012,Sri Lanka,Australia
LD Chandimal,5,2012,Sri Lanka,Australia
MF Maharoof,18,2012,Sri Lanka,Australia
KC Sangakkara,19,2012,Sri Lanka,Australia
HDRL Thirimanne,30,2012,Sri Lanka,Australia
DPMD Jayawardene,15,2012,Sri Lanka,Australia
S Prasanna,5,2011,Sri Lanka,Pakistan
LD Chandimal,28,2011,Sri Lanka,Pakistan
CKB Kulasekara,0,2011,Sri Lanka,Pakistan
AD Mathews,10,2011,Sri Lanka,Pakistan
WU Tharanga,25,2011,Sri Lanka,Pakistan
TM Dilshan,4,2011,Sri Lanka,Pakistan
KC Sangakkara,5,2011,Sri Lanka,Pakistan
DPMD Jayawardene,24,2011,Sri Lanka,Pakistan
RAS Lakmal,0,2011,Sri Lanka,Pakistan
CRD Fernando,0,2011,Sri Lanka,Pakistan
LD Chandimal,15,2011,Sri Lanka,Pakistan
AD Mathews,3,2011,Sri Lanka,Pakistan
WU Tharanga,77,2011,Sri Lanka,Pakistan
BMAJ Mendis,17,2011,Sri Lanka,Pakistan
TM Dilshan,28,2011,Sri Lanka,Pakistan
KC Sangakkara,5,2011,Sri Lanka,Pakistan
NLTC Perera,13,2011,Sri Lanka,Pakistan
DPMD Jayawardene,50,2011,Sri Lanka,Pakistan
S Prasanna,5,2011,Sri Lanka,Pakistan
LD Chandimal,31,2011,Sri Lanka,Pakistan
CRD Fernando,0,2011,Sri Lanka,Pakistan
DPMD Jayawardene,17,2011,Sri Lanka,Pakistan
AD Mathews,32,2011,Sri Lanka,Pakistan
WU Tharanga,4,2011,Sri Lanka,Pakistan
BMAJ Mendis,19,2011,Sri Lanka,Pakistan
KC Sangakkara,45,2011,Sri Lanka,Pakistan
NLTC Perera,4,2011,Sri Lanka,Pakistan
TM Dilshan,64,2011,Sri Lanka,Pakistan
AD Mathews,0,2011,Sri Lanka,Pakistan
WU Tharanga,16,2011,Sri Lanka,Pakistan
BMAJ Mendis,2,2011,Sri Lanka,Pakistan
TM Dilshan,11,2011,Sri Lanka,Pakistan
S Prasanna,0,2011,Sri Lanka,Pakistan
NLTC Perera,7,2011,Sri Lanka,Pakistan
LD Chandimal,11,2011,Sri Lanka,Pakistan
CRD Fernando,0,2011,Sri Lanka,Pakistan
KC Sangakkara,58,2011,Sri Lanka,Pakistan
DPMD Jayawardene,55,2011,Sri Lanka,Pakistan
LPC Silva,1,2011,Sri Lanka,Pakistan
KC Sangakkara,78,2011,Sri Lanka,Pakistan
AD Mathews,61,2011,Sri Lanka,Pakistan
WU Tharanga,3,2011,Sri Lanka,Pakistan
BMAJ Mendis,2,2011,Sri Lanka,Pakistan
S Prasanna,8,2011,Sri Lanka,Pakistan
TM Dilshan,12,2011,Sri Lanka,Pakistan
LD Chandimal,7,2011,Sri Lanka,Pakistan
NLTC Perera,25,2011,Sri Lanka,Pakistan
LD Chandimal,13,2012,Sri Lanka,India
WU Tharanga,17,2012,Sri Lanka,India
CK Kapugedera,0,2012,Sri Lanka,India
S Prasanna,8,2012,Sri Lanka,India
TM Dilshan,7,2012,Sri Lanka,India
KMDN Kulasekara,11,2012,Sri Lanka,India
KC Sangakkara,65,2012,Sri Lanka,India
MF Maharoof,18,2012,Sri Lanka,India
HDRL Thirimanne,29,2012,Sri Lanka,India
DPMD Jayawardene,78,2012,Sri Lanka,India
S Prasanna,5,2012,Sri Lanka,Pakistan
LD Chandimal,0,2012,Sri Lanka,Pakistan
WU Tharanga,57,2012,Sri Lanka,Pakistan
MF Maharoof,2,2012,Sri Lanka,Pakistan
TM Dilshan,20,2012,Sri Lanka,Pakistan
KMDN Kulasekara,4,2012,Sri Lanka,Pakistan
KC Sangakkara,71,2012,Sri Lanka,Pakistan
HDRL Thirimanne,7,2012,Sri Lanka,Pakistan
DPMD Jayawardene,12,2012,Sri Lanka,Pakistan
RAS Lakmal,0,2012,Sri Lanka,Pakistan
CK Kapugedera,62,2012,Sri Lanka,Bangladesh
WU Tharanga,48,2012,Sri Lanka,Bangladesh
MF Maharoof,3,2012,Sri Lanka,Bangladesh
TM Dilshan,19,2012,Sri Lanka,Bangladesh
KMDN Kulasekara,1,2012,Sri Lanka,Bangladesh
KC Sangakkara,6,2012,Sri Lanka,Bangladesh
HDRL Thirimanne,48,2012,Sri Lanka,Bangladesh
DPMD Jayawardene,5,2012,Sri Lanka,Bangladesh
RAS Lakmal,0,2012,Sri Lanka,Bangladesh
LD Chandimal,0,2012,Sri Lanka,Pakistan
AD Mathews,0,2012,Sri Lanka,Pakistan
WU Tharanga,10,2012,Sri Lanka,Pakistan
TM Dilshan,5,2012,Sri Lanka,Pakistan
KMDN Kulasekara,18,2012,Sri Lanka,Pakistan
KC Sangakkara,9,2012,Sri Lanka,Pakistan
HDRL Thirimanne,42,2012,Sri Lanka,Pakistan
NLTC Perera,17,2012,Sri Lanka,Pakistan
DPMD Jayawardene,3,2012,Sri Lanka,Pakistan
LD Chandimal,32,2012,Sri Lanka,Pakistan
WU Tharanga,18,2012,Sri Lanka,Pakistan
TM Dilshan,119,2012,Sri Lanka,Pakistan
KC Sangakkara,18,2012,Sri Lanka,Pakistan
NLTC Perera,24,2012,Sri Lanka,Pakistan
DPMD Jayawardene,53,2012,Sri Lanka,Pakistan
LD Chandimal,18,2012,Sri Lanka,Pakistan
AD Mathews,10,2012,Sri Lanka,Pakistan
WU Tharanga,4,2012,Sri Lanka,Pakistan
KMDN Kulasekara,3,2012,Sri Lanka,Pakistan
TM Dilshan,24,2012,Sri Lanka,Pakistan
KC Sangakkara,97,2012,Sri Lanka,Pakistan
HDRL Thirimanne,13,2012,Sri Lanka,Pakistan
NLTC Perera,8,2012,Sri Lanka,Pakistan
DPMD Jayawardene,40,2012,Sri Lanka,Pakistan
LD Chandimal,54,2012,Sri Lanka,Pakistan
DPMD Jayawardene,0,2012,Sri Lanka,Pakistan
AD Mathews,80,2012,Sri Lanka,Pakistan
WU Tharanga,2,2012,Sri Lanka,Pakistan
BMAJ Mendis,19,2012,Sri Lanka,Pakistan
TM Dilshan,10,2012,Sri Lanka,Pakistan
KC Sangakkara,40,2012,Sri Lanka,Pakistan
KMDN Kulasekara,10,2012,Sri Lanka,Pakistan
HDRL Thirimanne,11,2012,Sri Lanka,Pakistan
NLTC Perera,0,2012,Sri Lanka,Pakistan
AD Mathews,7,2012,Sri Lanka,India
WU Tharanga,28,2012,Sri Lanka,India
KMDN Kulasekara,1,2012,Sri Lanka,India
TM Dilshan,6,2012,Sri Lanka,India
LD Chandimal,13,2012,Sri Lanka,India
NLTC Perera,44,2012,Sri Lanka,India
HDRL Thirimanne,7,2012,Sri Lanka,India
DPMD Jayawardene,12,2012,Sri Lanka,India
KC Sangakkara,133,2012,Sri Lanka,India
WU Tharanga,59,2012,Sri Lanka,India
TM Dilshan,50,2012,Sri Lanka,India
LD Chandimal,6,2012,Sri Lanka,India
LD Chandimal,0,2012,Sri Lanka,India
AD Mathews,71,2012,Sri Lanka,India
WU Tharanga,8,2012,Sri Lanka,India
BMAJ Mendis,45,2012,Sri Lanka,India
TM Dilshan,4,2012,Sri Lanka,India
KC Sangakkara,73,2012,Sri Lanka,India
DPMD Jayawardene,65,2012,Sri Lanka,India
AD Mathews,14,2012,Sri Lanka,India
WU Tharanga,51,2012,Sri Lanka,India
BMAJ Mendis,17,2012,Sri Lanka,India
TM Dilshan,42,2012,Sri Lanka,India
LD Chandimal,28,2012,Sri Lanka,India
HDRL Thirimanne,47,2012,Sri Lanka,India
NLTC Perera,2,2012,Sri Lanka,India
DPMD Jayawardene,3,2012,Sri Lanka,India
AD Mathews,13,2012,Sri Lanka,India
WU Tharanga,31,2012,Sri Lanka,India
CK Kapugedera,9,2012,Sri Lanka,India
BMAJ Mendis,72,2012,Sri Lanka,India
TM Dilshan,0,2012,Sri Lanka,India
LD Chandimal,8,2012,Sri Lanka,India
NLTC Perera,18,2012,Sri Lanka,India
HDRL Thirimanne,77,2012,Sri Lanka,India
AD Mathews,51,2013,Sri Lanka,India
BMAJ Mendis,25,2013,Sri Lanka,India
TM Dilshan,18,2013,Sri Lanka,India
KMDN Kulasekara,1,2013,Sri Lanka,India
KC Sangakkara,17,2013,Sri Lanka,India
MDKJ Perera,4,2013,Sri Lanka,India
HDRL Thirimanne,7,2013,Sri Lanka,India
NLTC Perera,0,2013,Sri Lanka,India
DPMD Jayawardene,38,2013,Sri Lanka,India
LD Chandimal,73,2013,Sri Lanka,Australia
AD Mathews,12,2013,Sri Lanka,Australia
WU Tharanga,1,2013,Sri Lanka,Australia
BMAJ Mendis,20,2013,Sri Lanka,Australia
TM Dilshan,51,2013,Sri Lanka,Australia
KMDN Kulasekara,18,2013,Sri Lanka,Australia
NLTC Perera,4,2013,Sri Lanka,Australia
DPMD Jayawardene,5,2013,Sri Lanka,Australia
WU Tharanga,0,2013,Sri Lanka,Australia
TM Dilshan,51,2013,Sri Lanka,Australia
HDRL Thirimanne,102,2013,Sri Lanka,Australia
MDKJ Perera,14,2013,Sri Lanka,Australia
DPMD Jayawardene,1,2013,Sri Lanka,Australia
AD Mathews,0,2013,Sri Lanka,Australia
WU Tharanga,12,2013,Sri Lanka,Australia
BMAJ Mendis,2,2013,Sri Lanka,Australia
TM Dilshan,22,2013,Sri Lanka,Australia
NLTC Perera,4,2013,Sri Lanka,Australia
MDKJ Perera,22,2013,Sri Lanka,Australia
HDRL Thirimanne,7,2013,Sri Lanka,Australia
LD Chandimal,6,2013,Sri Lanka,Australia
AD Mathews,67,2013,Sri Lanka,Australia
BMAJ Mendis,26,2013,Sri Lanka,Australia
TM Dilshan,19,2013,Sri Lanka,Australia
KMDN Kulasekara,14,2013,Sri Lanka,Australia
MDKJ Perera,14,2013,Sri Lanka,Australia
HDRL Thirimanne,1,2013,Sri Lanka,Australia
NLTC Perera,7,2013,Sri Lanka,Australia
DPMD Jayawardene,38,2013,Sri Lanka,Australia
AD Mathews,9,2013,Sri Lanka,New Zealand
TM Dilshan,20,2013,Sri Lanka,New Zealand
LD Chandimal,0,2013,Sri Lanka,New Zealand
MDKJ Perera,0,2013,Sri Lanka,New Zealand
NLTC Perera,15,2013,Sri Lanka,New Zealand
RMS Eranga,0,2013,Sri Lanka,New Zealand
KC Sangakkara,68,2013,Sri Lanka,New Zealand
HDRL Thirimanne,9,2013,Sri Lanka,New Zealand
DPMD Jayawardene,4,2013,Sri Lanka,New Zealand
TM Dilshan,44,2013,Sri Lanka,England
KMDN Kulasekara,58,2013,Sri Lanka,England
MDKJ Perera,6,2013,Sri Lanka,England
DPMD Jayawardene,42,2013,Sri Lanka,England
KC Sangakkara,134,2013,Sri Lanka,England
LD Chandimal,31,2013,Sri Lanka,Australia
AD Mathews,12,2013,Sri Lanka,Australia
TM Dilshan,34,2013,Sri Lanka,Australia
KMDN Kulasekara,6,2013,Sri Lanka,Australia
KC Sangakkara,3,2013,Sri Lanka,Australia
MDKJ Perera,4,2013,Sri Lanka,Australia
HDRL Thirimanne,57,2013,Sri Lanka,Australia
DPMD Jayawardene,84,2013,Sri Lanka,Australia
WU Tharanga,6,2012,Sri Lanka,New Zealand
TM Dilshan,37,2012,Sri Lanka,New Zealand
KC Sangakkara,11,2012,Sri Lanka,New Zealand
AD Mathews,7,2012,Sri Lanka,New Zealand
DPMD Jayawardene,43,2012,Sri Lanka,New Zealand
DPMD Jayawardene,5,2012,Sri Lanka,New Zealand
WU Tharanga,10,2012,Sri Lanka,New Zealand
TM Dilshan,102,2012,Sri Lanka,New Zealand
KC Sangakkara,15,2012,Sri Lanka,New Zealand
AD Mathews,54,2012,Sri Lanka,New Zealand
KC Sangakkara,42,2012,Sri Lanka,New Zealand
WU Tharanga,27,2012,Sri Lanka,New Zealand
HDRL Thirimanne,0,2012,Sri Lanka,New Zealand
LD Chandimal,43,2012,Sri Lanka,New Zealand
AD Mathews,2,2012,Sri Lanka,New Zealand
LD Chandimal,21,2013,Sri Lanka,West Indies
AD Mathews,55,2013,Sri Lanka,West Indies
WU Tharanga,25,2013,Sri Lanka,West Indies
BMAJ Mendis,5,2013,Sri Lanka,West Indies
KMDN Kulasekara,2,2013,Sri Lanka,West Indies
KC Sangakkara,17,2013,Sri Lanka,West Indies
HDRL Thirimanne,6,2013,Sri Lanka,West Indies
DPMD Jayawardene,52,2013,Sri Lanka,West Indies
DPMD Jayawardene,107,2013,Sri Lanka,India
AD Mathews,44,2013,Sri Lanka,India
WU Tharanga,174,2013,Sri Lanka,India
KC Sangakkara,90,2013,Sri Lanka,West Indies
AD Mathews,30,2013,Sri Lanka,West Indies
WU Tharanga,7,2013,Sri Lanka,West Indies
BMAJ Mendis,8,2013,Sri Lanka,West Indies
KMDN Kulasekara,14,2013,Sri Lanka,West Indies
LD Chandimal,2,2013,Sri Lanka,West Indies
HDRL Thirimanne,23,2013,Sri Lanka,West Indies
DPMD Jayawardene,7,2013,Sri Lanka,West Indies
KC Sangakkara,0,2013,Sri Lanka,India
AD Mathews,10,2013,Sri Lanka,India
WU Tharanga,6,2013,Sri Lanka,India
LHD Dilhara,6,2013,Sri Lanka,India
RMS Eranga,2,2013,Sri Lanka,India
LD Chandimal,26,2013,Sri Lanka,India
BMAJ Mendis,13,2013,Sri Lanka,India
HDRL Thirimanne,0,2013,Sri Lanka,India
DPMD Jayawardene,11,2013,Sri Lanka,India
AD Mathews,10,2013,Sri Lanka,India
WU Tharanga,11,2013,Sri Lanka,India
LD Chandimal,5,2013,Sri Lanka,India
MDKJ Perera,2,2013,Sri Lanka,India
RMS Eranga,5,2013,Sri Lanka,India
KC Sangakkara,71,2013,Sri Lanka,India
HDRL Thirimanne,46,2013,Sri Lanka,India
DPMD Jayawardene,22,2013,Sri Lanka,India
RAS Lakmal,1,2013,Sri Lanka,India
LD Chandimal,3,2013,Sri Lanka,Bangladesh
TM Dilshan,113,2013,Sri Lanka,Bangladesh
KC Sangakkara,63,2013,Sri Lanka,Bangladesh
MDKJ Perera,42,2013,Sri Lanka,Bangladesh
LD Chandimal,0,2013,Sri Lanka,Bangladesh
AD Mathews,6,2013,Sri Lanka,Bangladesh
BMAJ Mendis,5,2013,Sri Lanka,Bangladesh
TM Dilshan,125,2013,Sri Lanka,Bangladesh
KMDN Kulasekara,11,2013,Sri Lanka,Bangladesh
KC Sangakkara,48,2013,Sri Lanka,Bangladesh
MDKJ Perera,56,2013,Sri Lanka,Bangladesh
HDRL Thirimanne,25,2013,Sri Lanka,Bangladesh
NLTC Perera,4,2013,Sri Lanka,Bangladesh
LD Chandimal,1,2013,Sri Lanka,South Africa
WU Tharanga,43,2013,Sri Lanka,South Africa
TM Dilshan,10,2013,Sri Lanka,South Africa
KC Sangakkara,169,2013,Sri Lanka,South Africa
HDRL Thirimanne,17,2013,Sri Lanka,South Africa
NLTC Perera,16,2013,Sri Lanka,South Africa
DPMD Jayawardene,42,2013,Sri Lanka,South Africa
LD Chandimal,43,2013,Sri Lanka,South Africa
WU Tharanga,3,2013,Sri Lanka,South Africa
TM Dilshan,43,2013,Sri Lanka,South Africa
RMS Eranga,7,2013,Sri Lanka,South Africa
KC Sangakkara,37,2013,Sri Lanka,South Africa
HDRL Thirimanne,13,2013,Sri Lanka,South Africa
NLTC Perera,11,2013,Sri Lanka,South Africa
DPMD Jayawardene,17,2013,Sri Lanka,South Africa
J Mubarak,8,2013,Sri Lanka,South Africa
LD Chandimal,29,2013,Sri Lanka,South Africa
KC Sangakkara,0,2013,Sri Lanka,South Africa
AD Mathews,14,2013,Sri Lanka,South Africa
WU Tharanga,5,2013,Sri Lanka,South Africa
TM Dilshan,6,2013,Sri Lanka,South Africa
NLTC Perera,65,2013,Sri Lanka,South Africa
AK Perera,1,2013,Sri Lanka,South Africa
DPMD Jayawardene,24,2013,Sri Lanka,South Africa
TM Dilshan,115,2013,Sri Lanka,South Africa
HDRL Thirimanne,1,2013,Sri Lanka,South Africa
DPMD Jayawardene,12,2013,Sri Lanka,South Africa
KC Sangakkara,91,2013,Sri Lanka,South Africa
AD Mathews,23,2013,Sri Lanka,South Africa
TM Dilshan,99,2013,Sri Lanka,South Africa
KC Sangakkara,75,2013,Sri Lanka,South Africa
MDKJ Perera,9,2013,Sri Lanka,South Africa
HDRL Thirimanne,68,2013,Sri Lanka,South Africa
NLTC Perera,17,2013,Sri Lanka,South Africa
AD Mathews,46,2015,Sri Lanka,New Zealand
BMAJ Mendis,4,2015,Sri Lanka,New Zealand
TM Dilshan,24,2015,Sri Lanka,New Zealand
KMDN Kulasekara,10,2015,Sri Lanka,New Zealand
KC Sangakkara,39,2015,Sri Lanka,New Zealand
HDRL Thirimanne,65,2015,Sri Lanka,New Zealand
DPMD Jayawardene,0,2015,Sri Lanka,New Zealand
RAS Lakmal,7,2015,Sri Lanka,New Zealand
FDM Karunaratne,14,2015,Sri Lanka,New Zealand
FDM Karunaratne,23,2015,Sri Lanka,Afghanistan
BMAJ Mendis,9,2015,Sri Lanka,Afghanistan
TM Dilshan,0,2015,Sri Lanka,Afghanistan
KC Sangakkara,7,2015,Sri Lanka,Afghanistan
HDRL Thirimanne,0,2015,Sri Lanka,Afghanistan
NLTC Perera,47,2015,Sri Lanka,Afghanistan
AD Mathews,44,2015,Sri Lanka,Afghanistan
DPMD Jayawardene,100,2015,Sri Lanka,Afghanistan
TM Dilshan,161,2015,Sri Lanka,Bangladesh
KC Sangakkara,105,2015,Sri Lanka,Bangladesh
HDRL Thirimanne,52,2015,Sri Lanka,Bangladesh
KC Sangakkara,117,2015,Sri Lanka,England
HDRL Thirimanne,139,2015,Sri Lanka,England
TM Dilshan,44,2015,Sri Lanka,England
S Prasanna,9,2015,Sri Lanka,Australia
LD Chandimal,52,2015,Sri Lanka,Australia
DPMD Jayawardene,19,2015,Sri Lanka,Australia
AD Mathews,35,2015,Sri Lanka,Australia
WU Tharanga,4,2015,Sri Lanka,Australia
TM Dilshan,62,2015,Sri Lanka,Australia
KC Sangakkara,104,2015,Sri Lanka,Australia
HDRL Thirimanne,1,2015,Sri Lanka,Australia
NLTC Perera,8,2015,Sri Lanka,Australia
AD Mathews,51,2015,Sri Lanka,Scotland
TM Dilshan,104,2015,Sri Lanka,Scotland
KMDN Kulasekara,18,2015,Sri Lanka,Scotland
S Prasanna,3,2015,Sri Lanka,Scotland
NLTC Perera,7,2015,Sri Lanka,Scotland
MDKJ Perera,24,2015,Sri Lanka,Scotland
KC Sangakkara,124,2015,Sri Lanka,Scotland
HDRL Thirimanne,4,2015,Sri Lanka,Scotland
DPMD Jayawardene,2,2015,Sri Lanka,Scotland
PHT Kaushal,0,2015,Sri Lanka,South Africa
AD Mathews,19,2015,Sri Lanka,South Africa
TM Dilshan,0,2015,Sri Lanka,South Africa
KMDN Kulasekara,1,2015,Sri Lanka,South Africa
KC Sangakkara,45,2015,Sri Lanka,South Africa
MDKJ Perera,3,2015,Sri Lanka,South Africa
HDRL Thirimanne,41,2015,Sri Lanka,South Africa
NLTC Perera,0,2015,Sri Lanka,South Africa
DPMD Jayawardene,4,2015,Sri Lanka,South Africa
S Prasanna,42,2013,Sri Lanka,Pakistan
LD Chandimal,46,2013,Sri Lanka,Pakistan
AD Mathews,31,2013,Sri Lanka,Pakistan
NLTC Perera,6,2013,Sri Lanka,Pakistan
RAS Lakmal,1,2013,Sri Lanka,Pakistan
TM Dilshan,30,2013,Sri Lanka,Pakistan
KC Sangakkara,23,2013,Sri Lanka,Pakistan
MDKJ Perera,64,2013,Sri Lanka,Pakistan
HDRL Thirimanne,10,2013,Sri Lanka,Pakistan
S Prasanna,6,2013,Sri Lanka,Pakistan
LD Chandimal,44,2013,Sri Lanka,Pakistan
AD Mathews,47,2013,Sri Lanka,Pakistan
TM Dilshan,40,2013,Sri Lanka,Pakistan
KMDN Kulasekara,32,2013,Sri Lanka,Pakistan
KC Sangakkara,58,2013,Sri Lanka,Pakistan
MDKJ Perera,16,2013,Sri Lanka,Pakistan
NLTC Perera,5,2013,Sri Lanka,Pakistan
FDM Karunaratne,16,2013,Sri Lanka,Pakistan
S Prasanna,22,2013,Sri Lanka,Pakistan
LD Chandimal,36,2013,Sri Lanka,Pakistan
FDM Karunaratne,0,2013,Sri Lanka,Pakistan
TM Dilshan,59,2013,Sri Lanka,Pakistan
KMDN Kulasekara,1,2013,Sri Lanka,Pakistan
KC Sangakkara,14,2013,Sri Lanka,Pakistan
MDKJ Perera,7,2013,Sri Lanka,Pakistan
NLTC Perera,2,2013,Sri Lanka,Pakistan
AD Mathews,44,2013,Sri Lanka,Pakistan
LD Chandimal,5,2013,Sri Lanka,Pakistan
AD Mathews,38,2013,Sri Lanka,Pakistan
TM Dilshan,8,2013,Sri Lanka,Pakistan
KMDN Kulasekara,1,2013,Sri Lanka,Pakistan
KC Sangakkara,51,2013,Sri Lanka,Pakistan
MDKJ Perera,8,2013,Sri Lanka,Pakistan
KDK Vithanage,27,2013,Sri Lanka,Pakistan
SMA Priyanjan,74,2013,Sri Lanka,Pakistan
RAS Lakmal,2,2013,Sri Lanka,Pakistan
LD Chandimal,64,2013,Sri Lanka,Pakistan
AD Mathews,8,2013,Sri Lanka,Pakistan
KDK Vithanage,14,2013,Sri Lanka,Pakistan
MDKJ Perera,47,2013,Sri Lanka,Pakistan
TM Dilshan,45,2013,Sri Lanka,Pakistan
SMA Priyanjan,1,2013,Sri Lanka,Pakistan
KC Sangakkara,22,2013,Sri Lanka,Pakistan
LD Chandimal,8,2014,Sri Lanka,England
KC Sangakkara,8,2014,Sri Lanka,England
DPMD Jayawardene,35,2014,Sri Lanka,England
AD Mathews,18,2014,Sri Lanka,England
RAS Lakmal,4,2014,Sri Lanka,England
TM Dilshan,33,2014,Sri Lanka,England
KMDN Kulasekara,0,2014,Sri Lanka,England
HDRL Thirimanne,0,2014,Sri Lanka,England
NLTC Perera,2,2014,Sri Lanka,England
LD Chandimal,14,2014,Sri Lanka,England
SMA Priyanjan,43,2014,Sri Lanka,England
AD Mathews,30,2014,Sri Lanka,England
TM Dilshan,88,2014,Sri Lanka,England
KMDN Kulasekara,0,2014,Sri Lanka,England
KC Sangakkara,40,2014,Sri Lanka,England
HDRL Thirimanne,10,2014,Sri Lanka,England
KTGD Prasad,7,2014,Sri Lanka,England
DPMD Jayawardene,2,2014,Sri Lanka,England
LD Chandimal,6,2014,Sri Lanka,England
AD Mathews,11,2014,Sri Lanka,England
TM Dilshan,2,2014,Sri Lanka,England
KMDN Kulasekara,5,2014,Sri Lanka,England
KC Sangakkara,13,2014,Sri Lanka,England
HDRL Thirimanne,7,2014,Sri Lanka,England
SMA Priyanjan,2,2014,Sri Lanka,England
DPMD Jayawardene,12,2014,Sri Lanka,England
SMA Priyanjan,9,2014,Sri Lanka,England
AD Mathews,30,2014,Sri Lanka,England
TM Dilshan,71,2014,Sri Lanka,England
KMDN Kulasekara,0,2014,Sri Lanka,England
KC Sangakkara,112,2014,Sri Lanka,England
MDKJ Perera,19,2014,Sri Lanka,England
HDRL Thirimanne,16,2014,Sri Lanka,England
DPMD Jayawardene,7,2014,Sri Lanka,England
KC Sangakkara,2,2014,Sri Lanka,England
AD Mathews,42,2014,Sri Lanka,England
TM Dilshan,28,2014,Sri Lanka,England
MDKJ Perera,19,2014,Sri Lanka,England
HDRL Thirimanne,60,2014,Sri Lanka,England
DPMD Jayawardene,53,2014,Sri Lanka,England
KC Sangakkara,71,2013,Sri Lanka,New Zealand
FDM Karunaratne,4,2013,Sri Lanka,New Zealand
TM Dilshan,55,2013,Sri Lanka,New Zealand
LD Chandimal,15,2013,Sri Lanka,New Zealand
AD Mathews,0,2013,Sri Lanka,New Zealand
TM Dilshan,53,2013,Sri Lanka,New Zealand
KMDN Kulasekara,14,2013,Sri Lanka,New Zealand
KC Sangakkara,0,2013,Sri Lanka,New Zealand
HDRL Thirimanne,23,2013,Sri Lanka,New Zealand
NLTC Perera,8,2013,Sri Lanka,New Zealand
DPMD Jayawardene,46,2013,Sri Lanka,New Zealand
AD Mathews,3,2014,Sri Lanka,Bangladesh
TM Dilshan,3,2014,Sri Lanka,Bangladesh
KMDN Kulasekara,0,2014,Sri Lanka,Bangladesh
LD Chandimal,13,2014,Sri Lanka,Bangladesh
MDKJ Perera,20,2014,Sri Lanka,Bangladesh
NLTC Perera,80,2014,Sri Lanka,Bangladesh
SMA Priyanjan,6,2014,Sri Lanka,Bangladesh
KC Sangakkara,8,2014,Sri Lanka,Bangladesh
KDK Vithanage,7,2014,Sri Lanka,Bangladesh
LD Chandimal,9,2014,Sri Lanka,Bangladesh
AD Mathews,56,2014,Sri Lanka,Bangladesh
TM Dilshan,8,2014,Sri Lanka,Bangladesh
KC Sangakkara,128,2014,Sri Lanka,Bangladesh
MDKJ Perera,8,2014,Sri Lanka,Bangladesh
KDK Vithanage,13,2014,Sri Lanka,Bangladesh
NLTC Perera,0,2014,Sri Lanka,Bangladesh
SMA Priyanjan,60,2014,Sri Lanka,Bangladesh
SMA Priyanjan,22,2014,Sri Lanka,Bangladesh
LD Chandimal,64,2014,Sri Lanka,Bangladesh
MDKJ Perera,106,2014,Sri Lanka,Bangladesh
HDRL Thirimanne,18,2014,Sri Lanka,Bangladesh
KDK Vithanage,9,2014,Sri Lanka,Bangladesh
AD Mathews,20,2014,Sri Lanka,Bangladesh
SMA Priyanjan,31,2014,Sri Lanka,Ireland
AD Mathews,30,2014,Sri Lanka,Ireland
WU Tharanga,24,2014,Sri Lanka,Ireland
KMDN Kulasekara,42,2014,Sri Lanka,Ireland
LD Chandimal,39,2014,Sri Lanka,Ireland
MDKJ Perera,0,2014,Sri Lanka,Ireland
HDRL Thirimanne,8,2014,Sri Lanka,Ireland
KDK Vithanage,5,2014,Sri Lanka,Ireland
LD Chandimal,19,2014,Sri Lanka,Pakistan
AD Mathews,55,2014,Sri Lanka,Pakistan
PC de Silva,2,2014,Sri Lanka,Pakistan
KC Sangakkara,67,2014,Sri Lanka,Pakistan
MDKJ Perera,14,2014,Sri Lanka,Pakistan
HDRL Thirimanne,102,2014,Sri Lanka,Pakistan
NLTC Perera,6,2014,Sri Lanka,Pakistan
DPMD Jayawardene,13,2014,Sri Lanka,Pakistan
LD Chandimal,0,2014,Sri Lanka,India
AD Mathews,6,2014,Sri Lanka,India
DPMD Jayawardene,9,2014,Sri Lanka,India
PC de Silva,9,2014,Sri Lanka,India
KC Sangakkara,103,2014,Sri Lanka,India
MDKJ Perera,64,2014,Sri Lanka,India
HDRL Thirimanne,38,2014,Sri Lanka,India
NLTC Perera,11,2014,Sri Lanka,India
LD Chandimal,26,2014,Sri Lanka,Afghanistan
AD Mathews,45,2014,Sri Lanka,Afghanistan
PC de Silva,17,2014,Sri Lanka,Afghanistan
KC Sangakkara,76,2014,Sri Lanka,Afghanistan
MDKJ Perera,33,2014,Sri Lanka,Afghanistan
HDRL Thirimanne,5,2014,Sri Lanka,Afghanistan
NLTC Perera,19,2014,Sri Lanka,Afghanistan
DPMD Jayawardene,14,2014,Sri Lanka,Afghanistan
NLTC Perera,15,2014,Sri Lanka,Bangladesh
PC de Silva,44,2014,Sri Lanka,Bangladesh
MDKJ Perera,0,2014,Sri Lanka,Bangladesh
KC Sangakkara,2,2014,Sri Lanka,Bangladesh
HDRL Thirimanne,33,2014,Sri Lanka,Bangladesh
AD Mathews,74,2014,Sri Lanka,Bangladesh
SMA Priyanjan,24,2014,Sri Lanka,Bangladesh
DPMD Jayawardene,0,2014,Sri Lanka,Bangladesh
SMA Priyanjan,13,2014,Sri Lanka,Pakistan
AD Mathews,16,2014,Sri Lanka,Pakistan
PC de Silva,6,2014,Sri Lanka,Pakistan
KC Sangakkara,0,2014,Sri Lanka,Pakistan
MDKJ Perera,42,2014,Sri Lanka,Pakistan
HDRL Thirimanne,101,2014,Sri Lanka,Pakistan
DPMD Jayawardene,75,2014,Sri Lanka,Pakistan
KC Sangakkara,88,2014,Sri Lanka,South Africa
AD Mathews,13,2014,Sri Lanka,South Africa
TM Dilshan,40,2014,Sri Lanka,South Africa
KMDN Kulasekara,1,2014,Sri Lanka,South Africa
MDKJ Perera,34,2014,Sri Lanka,South Africa
HDRL Thirimanne,15,2014,Sri Lanka,South Africa
SMA Priyanjan,5,2014,Sri Lanka,South Africa
DPMD Jayawardene,10,2014,Sri Lanka,South Africa
AD Mathews,34,2014,Sri Lanka,South Africa
TM Dilshan,86,2014,Sri Lanka,South Africa
KMDN Kulasekara,0,2014,Sri Lanka,South Africa
MDKJ Perera,7,2014,Sri Lanka,South Africa
KC Sangakkara,7,2014,Sri Lanka,South Africa
SMA Priyanjan,25,2014,Sri Lanka,South Africa
HDRL Thirimanne,36,2014,Sri Lanka,South Africa
DPMD Jayawardene,48,2014,Sri Lanka,South Africa
KC Sangakkara,36,2014,Sri Lanka,South Africa
AD Mathews,58,2014,Sri Lanka,South Africa
TM Dilshan,30,2014,Sri Lanka,South Africa
MDKJ Perera,37,2014,Sri Lanka,South Africa
HDRL Thirimanne,22,2014,Sri Lanka,South Africa
SMA Priyanjan,30,2014,Sri Lanka,South Africa
DPMD Jayawardene,2,2014,Sri Lanka,South Africa
LD Chandimal,6,2014,Sri Lanka,Pakistan
AD Mathews,89,2014,Sri Lanka,Pakistan
WU Tharanga,18,2014,Sri Lanka,Pakistan
TM Dilshan,6,2014,Sri Lanka,Pakistan
KMDN Kulasekara,3,2014,Sri Lanka,Pakistan
KC Sangakkara,25,2014,Sri Lanka,Pakistan
NLTC Perera,13,2014,Sri Lanka,Pakistan
SMA Priyanjan,39,2014,Sri Lanka,Pakistan
DPMD Jayawardene,63,2014,Sri Lanka,Pakistan
S Prasanna,1,2014,Sri Lanka,Pakistan
AD Mathews,93,2014,Sri Lanka,Pakistan
WU Tharanga,27,2014,Sri Lanka,Pakistan
TM Dilshan,13,2014,Sri Lanka,Pakistan
KMDN Kulasekara,5,2014,Sri Lanka,Pakistan
KC Sangakkara,11,2014,Sri Lanka,Pakistan
NLTC Perera,65,2014,Sri Lanka,Pakistan
SMA Priyanjan,3,2014,Sri Lanka,Pakistan
DPMD Jayawardene,67,2014,Sri Lanka,Pakistan
AD Mathews,0,2014,Sri Lanka,Pakistan
WU Tharanga,14,2014,Sri Lanka,Pakistan
KC Sangakkara,2,2014,Sri Lanka,Pakistan
TM Dilshan,50,2014,Sri Lanka,Pakistan
DPMD Jayawardene,26,2014,Sri Lanka,Pakistan
AD Mathews,15,2015,Sri Lanka,New Zealand
BMAJ Mendis,23,2015,Sri Lanka,New Zealand
TM Dilshan,19,2015,Sri Lanka,New Zealand
RMS Eranga,5,2015,Sri Lanka,New Zealand
KC Sangakkara,4,2015,Sri Lanka,New Zealand
KMDN Kulasekara,6,2015,Sri Lanka,New Zealand
HDRL Thirimanne,23,2015,Sri Lanka,New Zealand
NLTC Perera,0,2015,Sri Lanka,New Zealand
FDM Karunaratne,5,2015,Sri Lanka,New Zealand
DPMD Jayawardene,104,2015,Sri Lanka,New Zealand
DPMD Jayawardene,27,2015,Sri Lanka,New Zealand
HDRL Thirimanne,2,2015,Sri Lanka,New Zealand
TM Dilshan,116,2015,Sri Lanka,New Zealand
KC Sangakkara,38,2015,Sri Lanka,New Zealand
AD Mathews,39,2015,Sri Lanka,New Zealand
FDM Karunaratne,21,2015,Sri Lanka,New Zealand
AD Mathews,0,2015,Sri Lanka,New Zealand
BMAJ Mendis,12,2015,Sri Lanka,New Zealand
TM Dilshan,44,2015,Sri Lanka,New Zealand
KMDN Kulasekara,4,2015,Sri Lanka,New Zealand
KC Sangakkara,76,2015,Sri Lanka,New Zealand
HDRL Thirimanne,19,2015,Sri Lanka,New Zealand
NLTC Perera,5,2015,Sri Lanka,New Zealand
FDM Karunaratne,5,2015,Sri Lanka,New Zealand
DPMD Jayawardene,94,2015,Sri Lanka,New Zealand
LD Chandimal,0,2015,Sri Lanka,New Zealand
FDM Karunaratne,12,2015,Sri Lanka,New Zealand
BMAJ Mendis,18,2015,Sri Lanka,New Zealand
TM Dilshan,116,2015,Sri Lanka,New Zealand
KMDN Kulasekara,3,2015,Sri Lanka,New Zealand
KC Sangakkara,9,2015,Sri Lanka,New Zealand
HDRL Thirimanne,45,2015,Sri Lanka,New Zealand
NLTC Perera,0,2015,Sri Lanka,New Zealand
DPMD Jayawardene,30,2015,Sri Lanka,New Zealand
RAS Lakmal,0,2015,Sri Lanka,New Zealand
LD Chandimal,9,2015,Sri Lanka,New Zealand
KTGD Prasad,2,2015,Sri Lanka,New Zealand
DPMD Jayawardene,9,2015,Sri Lanka,New Zealand
FDM Karunaratne,26,2015,Sri Lanka,New Zealand
BMAJ Mendis,3,2015,Sri Lanka,New Zealand
TM Dilshan,21,2015,Sri Lanka,New Zealand
KC Sangakkara,81,2015,Sri Lanka,New Zealand
HDRL Thirimanne,29,2015,Sri Lanka,New Zealand
NLTC Perera,2,2015,Sri Lanka,New Zealand
RAS Lakmal,3,2015,Sri Lanka,New Zealand
LD Chandimal,5,2015,Sri Lanka,New Zealand
S Prasanna,1,2015,Sri Lanka,New Zealand
TM Dilshan,81,2015,Sri Lanka,New Zealand
KMDN Kulasekara,12,2015,Sri Lanka,New Zealand
KC Sangakkara,113,2015,Sri Lanka,New Zealand
HDRL Thirimanne,30,2015,Sri Lanka,New Zealand
NLTC Perera,20,2015,Sri Lanka,New Zealand
DPMD Jayawardene,14,2015,Sri Lanka,New Zealand
DPMD Jayawardene,55,2014,Sri Lanka,England
AD Mathews,33,2014,Sri Lanka,England
BMAJ Mendis,30,2014,Sri Lanka,England
TM Dilshan,88,2014,Sri Lanka,England
KC Sangakkara,2,2014,Sri Lanka,England
MDKJ Perera,59,2014,Sri Lanka,England
HDRL Thirimanne,27,2014,Sri Lanka,England
NLTC Perera,4,2014,Sri Lanka,England
KC Sangakkara,67,2014,Sri Lanka,England
DPMD Jayawardene,77,2014,Sri Lanka,England
TM Dilshan,26,2014,Sri Lanka,England
MDKJ Perera,9,2014,Sri Lanka,England
SHT Kandamby,0,2014,Sri Lanka,England
AD Mathews,37,2014,Sri Lanka,England
BMAJ Mendis,12,2014,Sri Lanka,England
TM Dilshan,23,2014,Sri Lanka,England
KC Sangakkara,63,2014,Sri Lanka,England
MDKJ Perera,0,2014,Sri Lanka,England
HDRL Thirimanne,62,2014,Sri Lanka,England
NLTC Perera,8,2014,Sri Lanka,England
KTGD Prasad,21,2014,Sri Lanka,England
AD Mathews,51,2014,Sri Lanka,England
KC Sangakkara,86,2014,Sri Lanka,England
HDRL Thirimanne,19,2014,Sri Lanka,England
TM Dilshan,16,2014,Sri Lanka,England
DPMD Jayawardene,44,2014,Sri Lanka,England
MDKJ Perera,31,2014,Sri Lanka,England
AD Mathews,40,2014,Sri Lanka,England
BMAJ Mendis,12,2014,Sri Lanka,England
TM Dilshan,35,2014,Sri Lanka,England
KC Sangakkara,91,2014,Sri Lanka,England
MDKJ Perera,0,2014,Sri Lanka,England
HDRL Thirimanne,8,2014,Sri Lanka,England
NLTC Perera,27,2014,Sri Lanka,England
KTGD Prasad,5,2014,Sri Lanka,England
DPMD Jayawardene,2,2014,Sri Lanka,England
LD Chandimal,35,2014,Sri Lanka,England
S Prasanna,20,2014,Sri Lanka,England
AD Mathews,1,2014,Sri Lanka,England
BMAJ Mendis,12,2014,Sri Lanka,England
TM Dilshan,68,2014,Sri Lanka,England
KC Sangakkara,112,2014,Sri Lanka,England
NLTC Perera,16,2014,Sri Lanka,England
DPMD Jayawardene,5,2014,Sri Lanka,England
LD Chandimal,55,2014,Sri Lanka,England
AD Mathews,20,2014,Sri Lanka,England
BMAJ Mendis,1,2014,Sri Lanka,England
TM Dilshan,101,2014,Sri Lanka,England
KC Sangakkara,33,2014,Sri Lanka,England
NLTC Perera,54,2014,Sri Lanka,England
DPMD Jayawardene,28,2014,Sri Lanka,England
SMA Priyanjan,12,2014,Sri Lanka,India
S Prasanna,5,2014,Sri Lanka,India
AD Mathews,23,2014,Sri Lanka,India
WU Tharanga,28,2014,Sri Lanka,India
PLS Gamage,0,2014,Sri Lanka,India
S Randiv,5,2014,Sri Lanka,India
TM Dilshan,18,2014,Sri Lanka,India
KC Sangakkara,13,2014,Sri Lanka,India
NLTC Perera,29,2014,Sri Lanka,India
KTGD Prasad,0,2014,Sri Lanka,India
DPMD Jayawardene,43,2014,Sri Lanka,India
SMA Priyanjan,1,2014,Sri Lanka,India
S Prasanna,13,2014,Sri Lanka,India
AD Mathews,92,2014,Sri Lanka,India
S Randiv,10,2014,Sri Lanka,India
TM Dilshan,35,2014,Sri Lanka,India
KC Sangakkara,61,2014,Sri Lanka,India
MDKJ Perera,0,2014,Sri Lanka,India
NLTC Perera,10,2014,Sri Lanka,India
KTGD Prasad,30,2014,Sri Lanka,India
DPMD Jayawardene,4,2014,Sri Lanka,India
S Prasanna,29,2014,Sri Lanka,India
SMA Priyanjan,2,2014,Sri Lanka,India
AD Mathews,10,2014,Sri Lanka,India
PLS Gamage,0,2014,Sri Lanka,India
PC de Silva,2,2014,Sri Lanka,India
KMDN Kulasekara,7,2014,Sri Lanka,India
TM Dilshan,53,2014,Sri Lanka,India
KC Sangakkara,0,2014,Sri Lanka,India
MDKJ Perera,4,2014,Sri Lanka,India
NLTC Perera,1,2014,Sri Lanka,India
DPMD Jayawardene,118,2014,Sri Lanka,India
S Prasanna,11,2014,Sri Lanka,India
AD Mathews,75,2014,Sri Lanka,India
TM Dilshan,34,2014,Sri Lanka,India
KMDN Kulasekara,0,2014,Sri Lanka,India
LD Chandimal,9,2014,Sri Lanka,India
NLTC Perera,29,2014,Sri Lanka,India
MDKJ Perera,0,2014,Sri Lanka,India
HDRL Thirimanne,59,2014,Sri Lanka,India
RMS Eranga,12,2014,Sri Lanka,India
DPMD Jayawardene,2,2014,Sri Lanka,India
S Prasanna,0,2014,Sri Lanka,India
AD Mathews,139,2014,Sri Lanka,India
N Dickwella,4,2014,Sri Lanka,India
TM Dilshan,35,2014,Sri Lanka,India
LD Chandimal,5,2014,Sri Lanka,India
HDRL Thirimanne,52,2014,Sri Lanka,India
NLTC Perera,6,2014,Sri Lanka,India
DPMD Jayawardene,32,2014,Sri Lanka,India
S Prasanna,0,2015,Sri Lanka,Pakistan
AD Mathews,38,2015,Sri Lanka,Pakistan
WU Tharanga,20,2015,Sri Lanka,Pakistan
TM Dilshan,38,2015,Sri Lanka,Pakistan
LD Chandimal,65,2015,Sri Lanka,Pakistan
MDKJ Perera,26,2015,Sri Lanka,Pakistan
HDRL Thirimanne,23,2015,Sri Lanka,Pakistan
NLTC Perera,1,2015,Sri Lanka,Pakistan
TAM Siriwardana,22,2015,Sri Lanka,Pakistan
LD Chandimal,48,2015,Sri Lanka,Pakistan
AD Mathews,8,2015,Sri Lanka,Pakistan
WU Tharanga,28,2015,Sri Lanka,Pakistan
TM Dilshan,47,2015,Sri Lanka,Pakistan
MDKJ Perera,68,2015,Sri Lanka,Pakistan
SS Pathirana,33,2015,Sri Lanka,Pakistan
NLTC Perera,15,2015,Sri Lanka,Pakistan
TAM Siriwardana,26,2015,Sri Lanka,Pakistan
HDRL Thirimanne,4,2015,Sri Lanka,Pakistan
AD Mathews,4,2015,Sri Lanka,Pakistan
WU Tharanga,16,2015,Sri Lanka,Pakistan
TM Dilshan,14,2015,Sri Lanka,Pakistan
LD Chandimal,18,2015,Sri Lanka,Pakistan
MDKJ Perera,20,2015,Sri Lanka,Pakistan
SS Pathirana,19,2015,Sri Lanka,Pakistan
N Pradeep,3,2015,Sri Lanka,Pakistan
NLTC Perera,12,2015,Sri Lanka,Pakistan
TAM Siriwardana,2,2015,Sri Lanka,Pakistan
HDRL Thirimanne,56,2015,Sri Lanka,Pakistan
SMA Priyanjan,18,2015,Sri Lanka,Pakistan
AD Mathews,12,2015,Sri Lanka,Pakistan
TM Dilshan,50,2015,Sri Lanka,Pakistan
LD Chandimal,20,2015,Sri Lanka,Pakistan
MDKJ Perera,0,2015,Sri Lanka,Pakistan
HDRL Thirimanne,90,2015,Sri Lanka,Pakistan
SS Pathirana,14,2015,Sri Lanka,Pakistan
N Pradeep,0,2015,Sri Lanka,Pakistan
RAS Lakmal,1,2015,Sri Lanka,Pakistan
TAM Siriwardana,19,2015,Sri Lanka,Pakistan
AD Mathews,70,2015,Sri Lanka,Pakistan
TM Dilshan,62,2015,Sri Lanka,Pakistan
LD Chandimal,29,2015,Sri Lanka,Pakistan
MDKJ Perera,116,2015,Sri Lanka,Pakistan
HDRL Thirimanne,30,2015,Sri Lanka,Pakistan
TAM Siriwardana,52,2015,Sri Lanka,Pakistan
LD Chandimal,3,2016,Sri Lanka,Ireland
MF Maharoof,29,2016,Sri Lanka,Ireland
AD Mathews,24,2016,Sri Lanka,Ireland
WU Tharanga,1,2016,Sri Lanka,Ireland
BKG Mendis,8,2016,Sri Lanka,Ireland
MD Shanaka,1,2016,Sri Lanka,Ireland
RMS Eranga,0,2016,Sri Lanka,Ireland
S Prasanna,95,2016,Sri Lanka,Ireland
MDKJ Perera,135,2016,Sri Lanka,Ireland
MD Gunathilaka,63,2016,Sri Lanka,Ireland
LD Chandimal,52,2016,Sri Lanka,England
S Prasanna,2,2016,Sri Lanka,England
MDKJ Perera,37,2016,Sri Lanka,England
AD Mathews,44,2016,Sri Lanka,England
WU Tharanga,53,2016,Sri Lanka,England
MF Maharoof,2,2016,Sri Lanka,England
BKG Mendis,0,2016,Sri Lanka,England
MD Gunathilaka,22,2016,Sri Lanka,England
S Randiv,26,2016,Sri Lanka,England
S Prasanna,9,2016,Sri Lanka,England
AD Mathews,67,2016,Sri Lanka,England
BKG Mendis,77,2016,Sri Lanka,England
MD Shanaka,19,2016,Sri Lanka,England
LD Chandimal,63,2016,Sri Lanka,England
MDKJ Perera,1,2016,Sri Lanka,England
MD Gunathilaka,62,2016,Sri Lanka,England
S Prasanna,5,2016,Sri Lanka,England
KMC Bandara,1,2016,Sri Lanka,England
AD Mathews,13,2016,Sri Lanka,England
WU Tharanga,0,2016,Sri Lanka,England
BKG Mendis,22,2016,Sri Lanka,England
MD Shanaka,22,2016,Sri Lanka,England
MDKJ Perera,6,2016,Sri Lanka,England
LD Chandimal,53,2016,Sri Lanka,England
N Pradeep,7,2016,Sri Lanka,England
MD Gunathilaka,48,2016,Sri Lanka,England
RAS Lakmal,10,2016,Sri Lanka,England
CK Kapugedera,8,2015,Sri Lanka,New Zealand
AD Mathews,0,2015,Sri Lanka,New Zealand
TM Dilshan,9,2015,Sri Lanka,New Zealand
KMDN Kulasekara,58,2015,Sri Lanka,New Zealand
LD Chandimal,5,2015,Sri Lanka,New Zealand
HDRL Thirimanne,1,2015,Sri Lanka,New Zealand
MD Gunathilaka,8,2015,Sri Lanka,New Zealand
RAS Lakmal,8,2015,Sri Lanka,New Zealand
TAM Siriwardana,66,2015,Sri Lanka,New Zealand
CK Kapugedera,12,2015,Sri Lanka,New Zealand
AD Mathews,17,2015,Sri Lanka,New Zealand
TM Dilshan,7,2015,Sri Lanka,New Zealand
KMDN Kulasekara,19,2015,Sri Lanka,New Zealand
LD Chandimal,9,2015,Sri Lanka,New Zealand
JDF Vandersay,7,2015,Sri Lanka,New Zealand
HDRL Thirimanne,1,2015,Sri Lanka,New Zealand
MD Gunathilaka,17,2015,Sri Lanka,New Zealand
TAM Siriwardana,12,2015,Sri Lanka,New Zealand
TM Dilshan,91,2015,Sri Lanka,New Zealand
LD Chandimal,27,2015,Sri Lanka,New Zealand
MD Gunathilaka,65,2015,Sri Lanka,New Zealand
HDRL Thirimanne,87,2015,Sri Lanka,New Zealand
CK Kapugedera,10,2016,Sri Lanka,New Zealand
TM Dilshan,5,2016,Sri Lanka,New Zealand
TAM Siriwardana,39,2016,Sri Lanka,New Zealand
LD Chandimal,50,2016,Sri Lanka,New Zealand
NLTC Perera,15,2016,Sri Lanka,New Zealand
KMDN Kulasekara,15,2016,Sri Lanka,New Zealand
HDRL Thirimanne,2,2016,Sri Lanka,New Zealand
N Pradeep,0,2016,Sri Lanka,New Zealand
AD Mathews,95,2016,Sri Lanka,New Zealand
MD Gunathilaka,15,2016,Sri Lanka,New Zealand
RAS Lakmal,1,2015,Sri Lanka,West Indies
DSNFG Jayasuriya,0,2015,Sri Lanka,West Indies
TM Dilshan,59,2015,Sri Lanka,West Indies
MDKJ Perera,14,2015,Sri Lanka,West Indies
AD Mathews,13,2015,Sri Lanka,West Indies
MD Gunathilaka,12,2015,Sri Lanka,West Indies
TAM Siriwardana,7,2015,Sri Lanka,West Indies
HDRL Thirimanne,17,2015,Sri Lanka,West Indies
TM Dilshan,17,2015,Sri Lanka,West Indies
LD Chandimal,15,2015,Sri Lanka,West Indies
MDKJ Perera,99,2015,Sri Lanka,West Indies
HDRL Thirimanne,81,2015,Sri Lanka,West Indies
TM Dilshan,21,2015,Sri Lanka,West Indies
LD Chandimal,23,2015,Sri Lanka,West Indies
MDKJ Perera,50,2015,Sri Lanka,West Indies
DSNFG Jayasuriya,11,2015,Sri Lanka,West Indies
AD Mathews,27,2015,Sri Lanka,West Indies
TAM Siriwardana,17,2015,Sri Lanka,West Indies
HDRL Thirimanne,21,2015,Sri Lanka,West Indies
DAS Gunaratne,10,2017,Sri Lanka,South Africa
WU Tharanga,6,2017,Sri Lanka,South Africa
BKG Mendis,62,2017,Sri Lanka,South Africa
N Dickwella,1,2017,Sri Lanka,South Africa
PADLR Sandakan,2,2017,Sri Lanka,South Africa
KMDN Kulasekara,17,2017,Sri Lanka,South Africa
LD Chandimal,22,2017,Sri Lanka,South Africa
JDF Vandersay,8,2017,Sri Lanka,South Africa
DS Weerakkody,5,2017,Sri Lanka,South Africa
DM de Silva,28,2017,Sri Lanka,South Africa
RAS Lakmal,3,2017,Sri Lanka,South Africa
LD Chandimal,36,2017,Sri Lanka,South Africa
PADLR Sandakan,0,2017,Sri Lanka,South Africa
SS Pathirana,26,2017,Sri Lanka,South Africa
WU Tharanga,26,2017,Sri Lanka,South Africa
N Dickwella,25,2017,Sri Lanka,South Africa
PC de Silva,14,2017,Sri Lanka,South Africa
BKG Mendis,20,2017,Sri Lanka,South Africa
DAS Gunaratne,18,2017,Sri Lanka,South Africa
KMDN Kulasekara,12,2017,Sri Lanka,South Africa
DM de Silva,1,2017,Sri Lanka,South Africa
RAS Lakmal,2,2017,Sri Lanka,South Africa
DAS Gunaratne,2,2017,Sri Lanka,South Africa
CBRLS Kumara,5,2017,Sri Lanka,South Africa
LD Madushanka,0,2017,Sri Lanka,South Africa
WU Tharanga,31,2017,Sri Lanka,South Africa
BKG Mendis,4,2017,Sri Lanka,South Africa
N Dickwella,74,2017,Sri Lanka,South Africa
PADLR Sandakan,0,2017,Sri Lanka,South Africa
LD Chandimal,4,2017,Sri Lanka,South Africa
SS Pathirana,18,2017,Sri Lanka,South Africa
DM de Silva,16,2017,Sri Lanka,South Africa
RAS Lakmal,0,2017,Sri Lanka,South Africa
DAS Gunaratne,38,2017,Sri Lanka,South Africa
CBRLS Kumara,1,2017,Sri Lanka,South Africa
WU Tharanga,119,2017,Sri Lanka,South Africa
N Dickwella,58,2017,Sri Lanka,South Africa
PADLR Sandakan,1,2017,Sri Lanka,South Africa
BKG Mendis,29,2017,Sri Lanka,South Africa
LD Madushanka,6,2017,Sri Lanka,South Africa
KMDN Kulasekara,1,2017,Sri Lanka,South Africa
DS Weerakkody,58,2017,Sri Lanka,South Africa
DM de Silva,5,2017,Sri Lanka,South Africa
SS Pathirana,1,2017,Sri Lanka,South Africa
DAS Gunaratne,114,2017,Sri Lanka,South Africa
WU Tharanga,7,2017,Sri Lanka,South Africa
N Dickwella,39,2017,Sri Lanka,South Africa
JDF Vandersay,7,2017,Sri Lanka,South Africa
BKG Mendis,1,2017,Sri Lanka,South Africa
LD Madushanka,7,2017,Sri Lanka,South Africa
DS Weerakkody,10,2017,Sri Lanka,South Africa
DM de Silva,11,2017,Sri Lanka,South Africa
SS Pathirana,56,2017,Sri Lanka,South Africa
RAS Lakmal,20,2017,Sri Lanka,South Africa
MA Aponso,2,2016,Sri Lanka,Australia
AD Mathews,0,2016,Sri Lanka,Australia
BKG Mendis,67,2016,Sri Lanka,Australia
TM Dilshan,22,2016,Sri Lanka,Australia
LD Chandimal,80,2016,Sri Lanka,Australia
MDKJ Perera,1,2016,Sri Lanka,Australia
NLTC Perera,21,2016,Sri Lanka,Australia
MDK Perera,10,2016,Sri Lanka,Australia
DM de Silva,2,2016,Sri Lanka,Australia
TAM Siriwardana,19,2016,Sri Lanka,Australia
AD Mathews,57,2016,Sri Lanka,Australia
BKG Mendis,69,2016,Sri Lanka,Australia
TM Dilshan,10,2016,Sri Lanka,Australia
S Prasanna,2,2016,Sri Lanka,Australia
NLTC Perera,12,2016,Sri Lanka,Australia
MDK Perera,5,2016,Sri Lanka,Australia
DM de Silva,7,2016,Sri Lanka,Australia
MA Aponso,2,2016,Sri Lanka,Australia
MDKJ Perera,54,2016,Sri Lanka,Australia
LD Chandimal,48,2016,Sri Lanka,Australia
MD Gunathilaka,2,2016,Sri Lanka,Australia
MA Aponso,1,2016,Sri Lanka,Australia
S Prasanna,3,2016,Sri Lanka,Australia
AD Mathews,2,2016,Sri Lanka,Australia
BKG Mendis,4,2016,Sri Lanka,Australia
TM Dilshan,42,2016,Sri Lanka,Australia
LD Chandimal,102,2016,Sri Lanka,Australia
MDKJ Perera,11,2016,Sri Lanka,Australia
NLTC Perera,9,2016,Sri Lanka,Australia
MDK Perera,17,2016,Sri Lanka,Australia
DM de Silva,12,2016,Sri Lanka,Australia
MD Gunathilaka,5,2016,Sri Lanka,Australia
MA Aponso,1,2016,Sri Lanka,Australia
AD Mathews,40,2016,Sri Lanka,Australia
AK Perera,7,2016,Sri Lanka,Australia
BKG Mendis,1,2016,Sri Lanka,Australia
LD Chandimal,5,2016,Sri Lanka,Australia
WIA Fernando,0,2016,Sri Lanka,Australia
MDKJ Perera,6,2016,Sri Lanka,Australia
SS Pathirana,24,2016,Sri Lanka,Australia
NLTC Perera,13,2016,Sri Lanka,Australia
MDK Perera,18,2016,Sri Lanka,Australia
DM de Silva,76,2016,Sri Lanka,Australia
MA Aponso,0,2016,Sri Lanka,Australia
MDK Perera,5,2016,Sri Lanka,Australia
WU Tharanga,15,2016,Sri Lanka,Australia
BKG Mendis,33,2016,Sri Lanka,Australia
MD Shanaka,13,2016,Sri Lanka,Australia
LD Chandimal,1,2016,Sri Lanka,Australia
MDKJ Perera,14,2016,Sri Lanka,Australia
SS Pathirana,32,2016,Sri Lanka,Australia
DM de Silva,34,2016,Sri Lanka,Australia
MD Gunathilaka,39,2016,Sri Lanka,Australia
RAS Lakmal,0,2016,Sri Lanka,Australia
