Match ID,Team 1,Team 2,Team 1 Runs,Team 2 Runs,Outcome By,Outcome By Value,Winner,Date
1000887,Australia,Pakistan,268,176,runs,92,Australia,2017-01-13
1000889,Australia,Pakistan,220,221,wickets,6,Pakistan,2017-01-15
1000891,Australia,Pakistan,265,263,wickets,7,Australia,2017-01-19
1000893,Australia,Pakistan,353,267,runs,86,Australia,2017-01-22
1000895,Australia,Pakistan,369,312,runs,57,Australia,2017-01-26
1001371,Australia,New Zealand,324,256,runs,68,Australia,2016-12-04
1001373,Australia,New Zealand,378,262,runs,116,Australia,2016-12-06
1001375,Australia,New Zealand,264,147,runs,117,Australia,2016-12-09
1003273,Scotland,Afghanistan,132,178,runs,78,Afghanistan,2016-07-06
1004285,Scotland,Hong Kong,266,213,runs,53,Scotland,2016-09-10
1007649,Zimbabwe,India,168,173,wickets,9,India,2016-06-11
1007651,Zimbabwe,India,126,129,wickets,8,India,2016-06-13
1007653,Zimbabwe,India,123,126,wickets,10,India,2016-06-15
1019973,New Zealand,Bangladesh,341,264,runs,77,New Zealand,2016-12-26
1019975,New Zealand,Bangladesh,251,184,runs,67,New Zealand,2016-12-29
1019977,New Zealand,Bangladesh,239,236,wickets,8,New Zealand,2016-12-31
1020013,New Zealand,Australia,286,280,runs,6,New Zealand,2017-01-30
1020017,New Zealand,Australia,281,257,runs,24,New Zealand,2017-02-05
1026847,Hong Kong,Papua New Guinea,269,163,runs,106,Hong Kong,2016-11-04
1026849,Hong Kong,Papua New Guinea,187,201,runs,14,Papua New Guinea,2016-11-06
1026851,Hong Kong,Papua New Guinea,181,244,wickets,7,Hong Kong,2016-11-08
1029819,Bangladesh,England,288,309,runs,21,England,2016-10-07
1029821,Bangladesh,England,238,204,runs,34,Bangladesh,2016-10-09
1029823,Bangladesh,England,277,278,wickets,4,England,2016-10-12
1030219,India,New Zealand,194,190,wickets,6,India,2016-10-16
1030221,India,New Zealand,236,242,runs,6,New Zealand,2016-10-20
1030223,India,New Zealand,289,285,wickets,7,India,2016-10-23
1030225,India,New Zealand,241,260,runs,19,New Zealand,2016-10-26
1030227,India,New Zealand,269,79,runs,190,India,2016-10-29
1034819,India,England,356,350,wickets,3,India,2017-01-15
1034821,India,England,381,366,runs,15,India,2017-01-19
1034823,India,England,316,321,runs,5,England,2017-01-22
1050223,Pakistan,West Indies,284,175,runs,111,Pakistan,2016-09-30
1050225,Pakistan,West Indies,337,278,runs,59,Pakistan,2016-10-02
1050227,Pakistan,West Indies,308,172,runs,136,Pakistan,2016-10-05
1051297,Bangladesh,Afghanistan,265,258,runs,7,Bangladesh,2016-09-25
1051299,Bangladesh,Afghanistan,208,212,wickets,2,Afghanistan,2016-09-28
1051301,Bangladesh,Afghanistan,279,138,runs,141,Bangladesh,2016-10-01
1059710,Zimbabwe,Sri Lanka,154,155,wickets,8,Sri Lanka,2016-11-14
1059711,Sri Lanka,West Indies,165,227,runs,62,West Indies,2016-11-16
1059714,Sri Lanka,West Indies,330,329,runs,1,Sri Lanka,2016-11-23
1059715,Zimbabwe,West Indies,218,124,runs,5,Zimbabwe,2016-11-25
1059716,Zimbabwe,Sri Lanka,160,166,wickets,6,Sri Lanka,2016-11-27
1078659,Hong Kong,Scotland,206,205,wickets,7,Hong Kong,2017-01-22
1078660,United Arab Emirates,Scotland,174,173,wickets,4,United Arab Emirates,2017-01-24
1078661,United Arab Emirates,Hong Kong,175,174,wickets,6,United Arab Emirates,2017-01-26
1079246,Zimbabwe,Afghanistan,99,215,runs,12,Afghanistan,2017-02-16
225171,Ireland,England,263,301,runs,38,England,2006-06-13
225246,England,Pakistan,166,169,wickets,7,Pakistan,2006-09-02
225247,England,Pakistan,271,274,wickets,2,Pakistan,2006-09-05
225248,England,Pakistan,237,235,wickets,8,England,2006-09-08
225249,England,Pakistan,155,154,wickets,3,England,2006-09-10
225250,England,Sri Lanka,237,257,runs,20,Sri Lanka,2006-06-17
225251,England,Sri Lanka,273,319,runs,46,Sri Lanka,2006-06-20
225252,England,Sri Lanka,261,265,wickets,8,Sri Lanka,2006-06-24
225253,England,Sri Lanka,285,318,runs,33,Sri Lanka,2006-06-28
225254,England,Sri Lanka,321,324,wickets,8,Sri Lanka,2006-07-01
226375,Australia,South Africa,228,231,wickets,5,South Africa,2006-01-15
226376,Australia,South Africa,245,186,runs,59,Australia,2006-01-20
226377,Australia,South Africa,281,201,runs,80,Australia,2006-02-03
226378,Australia,South Africa,344,287,runs,57,Australia,2006-02-05
226380,Australia,Sri Lanka,258,309,runs,51,Sri Lanka,2006-01-22
226381,Australia,Sri Lanka,219,218,wickets,5,Australia,2006-01-26
226382,Australia,Sri Lanka,237,233,wickets,6,Australia,2006-01-29
226383,South Africa,Sri Lanka,188,282,runs,94,Sri Lanka,2006-01-17
226384,South Africa,Sri Lanka,263,254,runs,9,South Africa,2006-01-24
226385,South Africa,Sri Lanka,224,221,wickets,5,South Africa,2006-01-31
226386,South Africa,Sri Lanka,181,257,runs,76,Sri Lanka,2006-02-07
226391,New Zealand,Sri Lanka,256,255,wickets,5,New Zealand,2006-01-03
226392,New Zealand,Sri Lanka,224,203,runs,21,New Zealand,2006-01-06
235831,Pakistan,India,311,328,runs,7,Pakistan,2006-02-06
236358,Australia,Sri Lanka,252,274,runs,22,Sri Lanka,2006-02-10
236520,Pakistan,India,265,266,wickets,7,India,2006-02-11
236595,Australia,Sri Lanka,368,201,runs,167,Australia,2006-02-12
236809,Pakistan,India,288,292,wickets,5,India,2006-02-13
236963,Australia,Sri Lanka,267,266,wickets,9,Australia,2006-02-14
237222,Pakistan,India,161,162,wickets,5,India,2006-02-16
237568,New Zealand,West Indies,288,207,runs,81,New Zealand,2006-02-18
237571,Pakistan,India,286,287,wickets,8,India,2006-02-19
237574,Bangladesh,Sri Lanka,118,119,wickets,5,Sri Lanka,2006-02-20
238169,Bangladesh,Sri Lanka,213,212,wickets,4,Bangladesh,2006-02-22
238170,Bangladesh,Sri Lanka,231,309,runs,78,Sri Lanka,2006-02-25
238173,Bangladesh,Australia,195,196,wickets,4,Australia,2006-04-23
238174,Bangladesh,Australia,183,250,runs,67,Australia,2006-04-26
238175,Bangladesh,Australia,124,127,wickets,9,Australia,2006-04-28
238176,New Zealand,West Indies,204,200,wickets,3,New Zealand,2006-02-22
238177,New Zealand,West Indies,276,255,runs,21,New Zealand,2006-02-25
238178,New Zealand,West Indies,324,233,runs,91,New Zealand,2006-03-01
238179,New Zealand,West Indies,233,234,wickets,3,West Indies,2006-03-04
238188,India,England,203,164,runs,39,India,2006-03-28
238189,India,England,230,226,wickets,4,India,2006-03-31
238190,India,England,294,245,runs,49,India,2006-04-03
238193,India,England,223,227,wickets,5,England,2006-04-12
238194,India,England,289,288,wickets,7,India,2006-04-15
238196,South Africa,Australia,207,229,wickets,6,South Africa,2006-02-26
238197,South Africa,Australia,289,93,runs,196,South Africa,2006-03-03
238198,South Africa,Australia,230,254,runs,24,Australia,2006-03-05
238199,South Africa,Australia,246,247,wickets,1,Australia,2006-03-10
238200,South Africa,Australia,438,434,wickets,1,South Africa,2006-03-12
238214,Sri Lanka,Pakistan,130,134,wickets,4,Pakistan,2006-03-19
238215,Sri Lanka,Pakistan,224,229,wickets,4,Pakistan,2006-03-22
239907,West Indies,Zimbabwe,154,151,wickets,5,West Indies,2006-04-29
239908,West Indies,Zimbabwe,242,144,runs,98,West Indies,2006-04-30
239911,West Indies,Zimbabwe,156,152,wickets,10,West Indies,2006-05-10
239913,West Indies,Zimbabwe,266,162,runs,104,West Indies,2006-05-14
239916,West Indies,India,198,197,runs,1,West Indies,2006-05-20
239917,West Indies,India,248,245,wickets,4,West Indies,2006-05-23
239918,West Indies,India,218,217,wickets,6,West Indies,2006-05-26
239919,West Indies,India,255,236,runs,19,West Indies,2006-05-28
244510,India,Pakistan,197,201,wickets,6,Pakistan,2006-04-18
244511,India,Pakistan,269,218,runs,51,India,2006-04-19
247457,West Indies,Pakistan,241,187,runs,54,West Indies,2007-03-13
247458,Australia,Scotland,334,131,runs,203,Australia,2007-03-14
247460,Bermuda,Sri Lanka,78,321,runs,243,Sri Lanka,2007-03-15
247462,Netherlands,South Africa,132,353,runs,221,South Africa,2007-03-16
247463,England,New Zealand,209,210,wickets,6,New Zealand,2007-03-16
247464,Bangladesh,India,192,191,wickets,5,Bangladesh,2007-03-17
247465,Ireland,Pakistan,133,132,wickets,3,Ireland,2007-03-17
247466,Australia,Netherlands,358,129,runs,229,Australia,2007-03-18
247467,Canada,England,228,279,runs,51,England,2007-03-18
247468,Bermuda,India,156,413,runs,257,India,2007-03-19
247469,West Indies,Zimbabwe,204,202,wickets,6,West Indies,2007-03-19
247470,Scotland,South Africa,186,188,wickets,7,South Africa,2007-03-20
247471,Kenya,New Zealand,183,331,runs,148,New Zealand,2007-03-20
247472,Bangladesh,Sri Lanka,112,318,runs,198,Sri Lanka,2007-03-21
247473,Pakistan,Zimbabwe,349,99,runs,93,Pakistan,2007-03-21
247474,Netherlands,Scotland,140,136,wickets,8,Netherlands,2007-03-22
247475,Canada,New Zealand,249,363,runs,114,New Zealand,2007-03-22
247476,India,Sri Lanka,185,254,runs,69,Sri Lanka,2007-03-23
247477,West Indies,Ireland,190,183,wickets,8,West Indies,2007-03-23
247478,Australia,South Africa,377,294,runs,83,Australia,2007-03-24
247479,England,Kenya,178,177,wickets,7,England,2007-03-24
247480,Bangladesh,Bermuda,96,94,wickets,7,Bangladesh,2007-03-25
247481,West Indies,Australia,219,322,runs,103,Australia,2007-03-27
247482,South Africa,Sri Lanka,212,209,wickets,1,South Africa,2007-03-28
247483,West Indies,New Zealand,177,179,wickets,7,New Zealand,2007-03-29
247484,England,Ireland,266,218,runs,48,England,2007-03-30
247485,Australia,Bangladesh,106,104,wickets,10,Australia,2007-03-31
247486,West Indies,Sri Lanka,190,303,runs,113,Sri Lanka,2007-04-01
247487,Bangladesh,New Zealand,174,178,wickets,9,New Zealand,2007-04-02
247488,Ireland,South Africa,152,165,wickets,7,South Africa,2007-04-03
247489,England,Sri Lanka,233,235,runs,2,Sri Lanka,2007-04-04
247490,Bangladesh,South Africa,251,184,runs,67,Bangladesh,2007-04-07
247491,Australia,England,248,247,wickets,7,Australia,2007-04-08
247492,Ireland,New Zealand,134,263,runs,129,New Zealand,2007-04-09
247493,West Indies,South Africa,289,356,runs,67,South Africa,2007-04-10
247494,Bangladesh,England,143,147,wickets,4,England,2007-04-11
247495,New Zealand,Sri Lanka,219,222,wickets,6,Sri Lanka,2007-04-12
247496,Australia,Ireland,92,91,wickets,9,Australia,2007-04-13
247497,New Zealand,South Africa,196,193,wickets,5,New Zealand,2007-04-14
247498,Bangladesh,Ireland,169,243,runs,74,Ireland,2007-04-15
247499,Australia,Sri Lanka,232,226,wickets,7,Australia,2007-04-16
247500,England,South Africa,154,157,wickets,9,South Africa,2007-04-17
247501,Ireland,Sri Lanka,77,81,wickets,8,Sri Lanka,2007-04-18
247502,West Indies,Bangladesh,230,131,runs,99,West Indies,2007-04-19
247503,Australia,New Zealand,348,133,runs,215,Australia,2007-04-20
247504,West Indies,England,300,301,wickets,1,England,2007-04-21
247505,New Zealand,Sri Lanka,208,289,runs,81,Sri Lanka,2007-04-24
247506,Australia,South Africa,153,149,wickets,7,Australia,2007-04-25
247507,Australia,Sri Lanka,281,215,runs,53,Australia,2007-04-28
249207,Zimbabwe,Bangladesh,197,201,wickets,8,Bangladesh,2006-08-06
249211,South Africa,India,248,91,runs,157,South Africa,2006-11-22
249212,South Africa,India,274,168,runs,106,South Africa,2006-11-26
249213,South Africa,India,243,163,runs,80,South Africa,2006-11-29
249214,South Africa,India,201,200,wickets,9,South Africa,2006-12-03
249228,Australia,New Zealand,289,184,runs,105,Australia,2007-01-14
249229,Australia,New Zealand,224,218,wickets,2,Australia,2007-01-21
249230,Australia,New Zealand,343,335,runs,8,Australia,2007-01-28
249231,Australia,New Zealand,291,290,wickets,5,Australia,2007-02-04
249232,Australia,England,246,242,wickets,8,Australia,2007-01-12
249233,Australia,England,156,155,wickets,4,Australia,2007-01-19
249234,Australia,England,111,110,wickets,9,Australia,2007-01-26
249235,Australia,England,200,292,runs,92,England,2007-02-02
249236,England,New Zealand,206,205,wickets,3,England,2007-01-16
249237,England,New Zealand,120,210,runs,90,New Zealand,2007-01-23
249238,England,New Zealand,260,318,runs,58,New Zealand,2007-01-30
249239,England,New Zealand,270,256,runs,14,England,2007-02-06
249240,Australia,England,252,253,wickets,4,England,2007-02-09
249241,Australia,England,152,246,runs,34,England,2007-02-11
249378,Kenya,Bangladesh,168,170,wickets,6,Bangladesh,2006-08-12
249379,Kenya,Bangladesh,184,185,wickets,2,Bangladesh,2006-08-13
249380,Kenya,Bangladesh,118,120,wickets,6,Bangladesh,2006-08-15
249739,Bangladesh,Sri Lanka,265,302,runs,37,Sri Lanka,2006-10-07
249740,West Indies,Zimbabwe,90,85,wickets,9,West Indies,2006-10-08
249741,Sri Lanka,Zimbabwe,285,141,runs,144,Sri Lanka,2006-10-10
249742,Bangladesh,West Indies,161,164,wickets,10,West Indies,2006-10-11
249743,Bangladesh,Zimbabwe,231,130,runs,101,Bangladesh,2006-10-13
249744,Sri Lanka,West Indies,83,80,wickets,9,Sri Lanka,2006-10-14
249745,India,England,126,125,wickets,4,India,2006-10-15
249746,New Zealand,South Africa,195,108,runs,87,New Zealand,2006-10-16
249747,Pakistan,Sri Lanka,255,253,wickets,4,Pakistan,2006-10-17
249748,Australia,West Indies,224,234,runs,10,West Indies,2006-10-18
249749,New Zealand,Sri Lanka,165,166,wickets,7,Sri Lanka,2006-10-20
249750,Australia,England,170,169,wickets,6,Australia,2006-10-21
249751,South Africa,Sri Lanka,219,141,runs,78,South Africa,2006-10-24
249752,New Zealand,Pakistan,274,223,runs,51,New Zealand,2006-10-25
249753,India,West Indies,223,224,wickets,3,West Indies,2006-10-26
249754,Pakistan,South Africa,89,213,runs,124,South Africa,2006-10-27
249755,England,West Indies,276,272,wickets,3,England,2006-10-28
249756,India,Australia,249,252,wickets,6,Australia,2006-10-29
249757,Australia,New Zealand,240,206,runs,34,Australia,2006-11-01
249758,South Africa,West Indies,258,262,wickets,6,West Indies,2006-11-02
249759,Australia,West Indies,116,138,wickets,8,Australia,2006-11-05
250668,South Africa,Pakistan,392,228,runs,164,South Africa,2007-02-04
250669,South Africa,Pakistan,210,351,runs,141,Pakistan,2007-02-07
250671,South Africa,Pakistan,113,107,wickets,10,South Africa,2007-02-11
250672,South Africa,Pakistan,156,153,wickets,9,South Africa,2007-02-14
251489,New Zealand,Sri Lanka,285,289,wickets,7,Sri Lanka,2006-12-28
251491,New Zealand,Sri Lanka,110,112,wickets,4,New Zealand,2007-01-02
251492,New Zealand,Sri Lanka,73,262,runs,189,Sri Lanka,2007-01-06
251494,New Zealand,Australia,149,148,wickets,10,New Zealand,2007-02-16
251495,New Zealand,Australia,340,336,wickets,5,New Zealand,2007-02-18
251496,New Zealand,Australia,350,346,wickets,1,New Zealand,2007-02-20
255961,South Africa,Zimbabwe,202,201,wickets,5,South Africa,2006-09-15
256607,India,West Indies,309,141,runs,29,West Indies,2006-09-14
256610,Australia,West Indies,272,273,wickets,3,West Indies,2006-09-18
256612,India,West Indies,162,146,runs,16,India,2006-09-20
256614,Australia,India,213,195,runs,18,Australia,2006-09-22
256615,Australia,West Indies,240,113,runs,127,Australia,2006-09-24
257470,South Africa,Zimbabwe,418,247,runs,171,South Africa,2006-09-20
257769,Pakistan,West Indies,154,151,wickets,2,Pakistan,2006-12-07
257770,Pakistan,West Indies,192,207,wickets,7,Pakistan,2006-12-10
257771,Pakistan,West Indies,209,212,wickets,7,West Indies,2006-12-13
257772,Pakistan,West Indies,239,238,wickets,7,Pakistan,2006-12-16
258465,England,West Indies,225,146,runs,79,England,2007-07-01
258466,England,West Indies,217,278,runs,61,West Indies,2007-07-04
258467,England,West Indies,196,289,runs,93,West Indies,2007-07-07
258471,England,India,288,184,runs,104,England,2007-08-21
258472,England,India,320,329,runs,9,India,2007-08-24
258473,England,India,281,239,runs,42,England,2007-08-27
258474,England,India,213,212,wickets,3,England,2007-08-30
258475,England,India,242,324,runs,38,India,2007-09-02
258476,England,India,316,317,wickets,2,India,2007-09-05
258477,England,India,188,187,wickets,7,England,2007-09-08
259384,Bermuda,Canada,235,239,wickets,5,Canada,2006-11-27
259389,Bermuda,Netherlands,94,91,wickets,6,Bermuda,2006-12-02
259390,Bermuda,Canada,178,179,wickets,3,Canada,2006-11-30
259391,Canada,Netherlands,223,205,wickets,1,Netherlands,2006-12-01
259793,South Africa,Zimbabwe,156,152,wickets,6,South Africa,2006-09-18
264068,Bangladesh,Zimbabwe,218,217,wickets,6,Bangladesh,2006-12-03
264069,Bangladesh,Zimbabwe,220,194,runs,26,Bangladesh,2006-12-05
264070,Bangladesh,Zimbabwe,147,146,wickets,8,Bangladesh,2006-12-08
264071,Bangladesh,Zimbabwe,197,193,wickets,3,Bangladesh,2006-12-09
267386,Bermuda,Canada,106,162,runs,56,Canada,2007-02-02
267387,Bermuda,Netherlands,194,198,wickets,8,Netherlands,2007-02-04
267389,Kenya,Scotland,177,254,runs,77,Scotland,2007-02-04
267391,Kenya,Canada,250,92,runs,158,Kenya,2007-02-05
267708,India,West Indies,268,270,wickets,3,West Indies,2007-01-27
267709,India,West Indies,341,181,runs,160,India,2007-01-31
267712,India,Sri Lanka,252,257,runs,5,Sri Lanka,2007-02-11
267713,India,Sri Lanka,263,259,wickets,7,India,2007-02-17
267715,India,Sri Lanka,233,230,wickets,5,India,2007-02-14
275789,Scotland,India,203,212,wickets,7,India,2007-08-16
282688,Bangladesh,India,250,251,wickets,5,India,2007-05-10
282689,Bangladesh,India,238,284,runs,46,India,2007-05-12
289107,Africa XI,Asia XI,283,317,runs,34,Asia XI,2007-06-06
289108,Africa XI,Asia XI,306,337,runs,31,Asia XI,2007-06-09
289110,Africa XI,Asia XI,318,331,runs,13,Asia XI,2007-06-10
291217,Sri Lanka,England,269,150,runs,119,Sri Lanka,2007-10-01
291218,Sri Lanka,England,169,234,runs,65,England,2007-10-04
291220,Sri Lanka,England,211,212,wickets,5,England,2007-10-10
291221,Sri Lanka,England,211,104,runs,107,Sri Lanka,2007-10-13
291345,Australia,New Zealand,255,254,wickets,7,Australia,2007-12-14
291347,Australia,New Zealand,282,168,runs,114,Australia,2007-12-20
291361,Australia,Sri Lanka,253,125,runs,128,Australia,2008-02-08
291362,Australia,India,159,160,wickets,5,India,2008-02-10
291364,Australia,Sri Lanka,236,173,runs,63,Australia,2008-02-15
291365,Australia,India,203,153,runs,50,Australia,2008-02-17
291366,India,Sri Lanka,239,238,wickets,2,India,2008-02-19
291367,Australia,Sri Lanka,184,77,runs,24,Australia,2008-02-22
291368,Australia,India,317,299,runs,18,Australia,2008-02-24
291369,India,Sri Lanka,180,179,wickets,7,India,2008-02-26
291370,Australia,Sri Lanka,208,221,runs,13,Sri Lanka,2008-02-29
291371,Australia,India,239,242,wickets,6,India,2008-03-02
291372,Australia,India,249,258,runs,9,India,2008-03-04
293071,Ireland,India,193,171,wickets,9,India,2007-06-23
293072,Ireland,South Africa,131,173,runs,42,South Africa,2007-06-24
293076,India,South Africa,242,245,wickets,4,South Africa,2007-06-26
293077,India,South Africa,227,226,wickets,6,India,2007-06-29
293078,India,South Africa,152,148,wickets,6,India,2007-07-01
293481,Sri Lanka,Bangladesh,234,164,runs,70,Sri Lanka,2007-07-20
293482,Sri Lanka,Bangladesh,141,137,wickets,5,Sri Lanka,2007-07-23
293483,Sri Lanka,Bangladesh,196,157,runs,39,Sri Lanka,2007-07-25
296685,Kenya,Canada,233,230,wickets,4,Kenya,2007-10-18
296687,Kenya,Canada,193,189,wickets,4,Kenya,2007-10-20
296904,England,New Zealand,307,193,runs,114,England,2008-06-15
296906,England,New Zealand,160,182,runs,22,New Zealand,2008-06-21
296907,England,New Zealand,245,246,wickets,1,New Zealand,2008-06-25
296908,England,New Zealand,215,266,runs,51,New Zealand,2008-06-28
296914,England,South Africa,275,255,runs,20,England,2008-08-22
296915,England,South Africa,85,83,wickets,10,England,2008-08-26
296916,England,South Africa,296,170,runs,126,England,2008-08-29
296917,England,South Africa,137,183,wickets,7,England,2008-08-31
297794,India,Australia,222,306,runs,84,Australia,2007-10-02
297795,India,Australia,243,290,runs,47,Australia,2007-10-05
297796,India,Australia,291,283,runs,8,India,2007-10-08
297797,India,Australia,148,149,wickets,9,Australia,2007-10-11
297798,India,Australia,299,317,runs,18,Australia,2007-10-14
297799,India,Australia,195,193,wickets,2,India,2007-10-17
297801,India,Pakistan,242,239,wickets,5,India,2007-11-05
297802,India,Pakistan,321,322,wickets,4,Pakistan,2007-11-08
297803,India,Pakistan,294,248,runs,46,India,2007-11-11
297804,India,Pakistan,260,255,wickets,6,India,2007-11-15
297805,India,Pakistan,275,306,runs,31,Pakistan,2007-11-18
298796,South Africa,New Zealand,249,248,wickets,2,South Africa,2007-11-25
298797,South Africa,New Zealand,209,210,wickets,7,New Zealand,2007-11-30
298798,South Africa,New Zealand,242,238,wickets,5,South Africa,2007-12-02
298805,South Africa,West Indies,176,175,wickets,6,South Africa,2008-01-20
298806,South Africa,West Indies,255,169,runs,86,South Africa,2008-01-25
298807,South Africa,West Indies,256,252,wickets,7,South Africa,2008-01-27
298808,South Africa,West Indies,266,263,wickets,5,South Africa,2008-02-01
298809,South Africa,West Indies,211,295,wickets,8,South Africa,2008-02-03
299006,Pakistan,South Africa,249,294,runs,45,South Africa,2007-10-18
299007,Pakistan,South Africa,265,240,runs,25,Pakistan,2007-10-20
299008,Pakistan,South Africa,202,197,wickets,6,Pakistan,2007-10-23
299009,Pakistan,South Africa,230,233,wickets,7,South Africa,2007-10-26
299010,Pakistan,South Africa,219,233,runs,14,South Africa,2007-10-29
300426,New Zealand,Bangladesh,203,201,wickets,6,New Zealand,2007-12-26
300427,New Zealand,Bangladesh,335,181,runs,102,New Zealand,2007-12-28
300428,New Zealand,Bangladesh,95,93,wickets,10,New Zealand,2007-12-31
300437,New Zealand,England,131,130,wickets,6,New Zealand,2008-02-09
300438,New Zealand,England,165,158,wickets,10,New Zealand,2008-02-12
300439,New Zealand,England,234,229,wickets,6,England,2008-02-15
300441,New Zealand,England,213,242,runs,34,New Zealand,2008-02-23
300486,Zimbabwe,South Africa,206,210,wickets,5,South Africa,2007-08-22
300487,Zimbabwe,South Africa,247,251,wickets,8,South Africa,2007-08-25
300488,Zimbabwe,South Africa,295,323,runs,28,South Africa,2007-08-26
313992,Kenya,Bermuda,175,174,wickets,8,Kenya,2007-10-25
313993,Kenya,Bermuda,187,183,wickets,3,Kenya,2007-10-27
313994,Kenya,Bermuda,169,167,wickets,1,Kenya,2007-10-28
317578,Zimbabwe,West Indies,274,244,runs,30,Zimbabwe,2007-11-30
317579,Zimbabwe,West Indies,176,286,runs,110,West Indies,2007-12-02
317581,Zimbabwe,West Indies,232,234,wickets,5,West Indies,2007-12-07
319134,West Indies,Sri Lanka,236,235,wickets,1,West Indies,2008-04-10
319135,West Indies,Sri Lanka,125,112,wickets,7,West Indies,2008-04-12
319143,West Indies,Australia,189,273,runs,84,Australia,2008-06-24
319144,West Indies,Australia,140,213,runs,63,Australia,2008-06-27
319145,West Indies,Australia,223,227,wickets,7,Australia,2008-06-29
319146,West Indies,Australia,281,282,runs,1,Australia,2008-07-04
319147,West Indies,Australia,172,341,runs,169,Australia,2008-07-06
323949,Bangladesh,South Africa,178,180,wickets,9,South Africa,2008-03-09
323950,Bangladesh,South Africa,173,179,wickets,7,South Africa,2008-03-12
323951,Bangladesh,South Africa,143,147,wickets,7,South Africa,2008-03-14
325569,Canada,Bermuda,184,201,runs,11,Bermuda,2008-06-29
325579,Netherlands,Scotland,117,120,wickets,6,Scotland,2008-07-29
325580,Ireland,Scotland,129,152,wickets,7,Ireland,2008-07-31
325581,Ireland,Zimbabwe,147,303,runs,156,Zimbabwe,2008-10-17
325800,Pakistan,Zimbabwe,347,243,runs,104,Pakistan,2008-01-21
325801,Pakistan,Zimbabwe,239,238,wickets,5,Pakistan,2008-01-24
325802,Pakistan,Zimbabwe,272,235,runs,37,Pakistan,2008-01-27
325803,Pakistan,Zimbabwe,245,244,wickets,7,Pakistan,2008-01-30
325804,Pakistan,Zimbabwe,187,181,wickets,7,Pakistan,2008-02-02
335346,Bangladesh,United Arab Emirates,300,204,runs,96,Bangladesh,2008-06-24
335347,Pakistan,Hong Kong,288,133,runs,155,Pakistan,2008-06-24
335348,Bangladesh,Sri Lanka,226,357,runs,131,Sri Lanka,2008-06-25
335349,Hong Kong,India,118,374,runs,256,India,2008-06-25
335350,Sri Lanka,United Arab Emirates,290,148,runs,142,Sri Lanka,2008-06-26
335351,Pakistan,India,299,301,wickets,6,India,2008-06-26
335352,Bangladesh,India,283,284,wickets,7,India,2008-06-28
335353,Pakistan,Sri Lanka,238,302,runs,64,Sri Lanka,2008-06-29
335354,Bangladesh,Sri Lanka,174,332,runs,158,Sri Lanka,2008-06-30
335355,Pakistan,India,309,308,wickets,8,Pakistan,2008-07-02
335356,India,Sri Lanka,310,308,wickets,6,India,2008-07-03
335357,Pakistan,Bangladesh,116,115,wickets,10,Pakistan,2008-07-04
335358,India,Sri Lanka,173,273,runs,100,Sri Lanka,2008-07-06
336201,Australia,Bangladesh,254,74,runs,180,Australia,2008-08-30
336202,Australia,Bangladesh,118,117,wickets,8,Australia,2008-09-03
336204,Australia,Bangladesh,198,125,runs,73,Australia,2008-09-06
343732,Sri Lanka,India,147,146,wickets,8,Sri Lanka,2008-08-18
343733,Sri Lanka,India,142,143,wickets,3,India,2008-08-20
343734,Sri Lanka,India,204,237,runs,33,India,2008-08-24
343736,Sri Lanka,India,227,103,runs,112,Sri Lanka,2008-08-29
343759,Pakistan,Bangladesh,322,129,runs,152,Pakistan,2008-04-08
343760,Pakistan,Bangladesh,160,225,wickets,7,Pakistan,2008-04-11
343761,Pakistan,Bangladesh,308,285,runs,23,Pakistan,2008-04-13
343762,Pakistan,Bangladesh,212,210,wickets,7,Pakistan,2008-04-16
343763,Pakistan,Bangladesh,329,179,runs,150,Pakistan,2008-04-19
345468,Bangladesh,Pakistan,163,233,runs,70,Pakistan,2008-06-08
345469,India,Pakistan,330,190,runs,140,India,2008-06-10
345470,Bangladesh,India,222,223,wickets,7,India,2008-06-12
345471,India,Pakistan,290,315,runs,25,Pakistan,2008-06-14
350043,England,Australia,256,260,runs,4,Australia,2009-09-04
350044,England,Australia,210,249,runs,39,Australia,2009-09-06
350045,England,Australia,228,230,wickets,6,Australia,2009-09-09
350046,England,Australia,220,221,wickets,7,Australia,2009-09-12
350047,England,Australia,299,302,wickets,4,Australia,2009-09-15
350048,England,Australia,185,296,runs,111,Australia,2009-09-17
350049,England,Australia,177,176,wickets,4,England,2009-09-20
350348,South Africa,Bangladesh,283,222,runs,61,South Africa,2008-11-07
350477,South Africa,Australia,145,286,runs,141,Australia,2009-04-03
350478,South Africa,Australia,132,131,wickets,7,South Africa,2009-04-05
350479,South Africa,Australia,289,264,runs,25,South Africa,2009-04-09
350480,South Africa,Australia,317,256,runs,61,South Africa,2009-04-13
350481,South Africa,Australia,256,303,runs,47,Australia,2009-04-17
351684,Australia,South Africa,271,272,wickets,3,South Africa,2009-01-16
351685,Australia,South Africa,249,244,runs,5,Australia,2009-01-18
351686,Australia,South Africa,269,270,wickets,3,South Africa,2009-01-23
351687,Australia,South Africa,222,223,wickets,8,South Africa,2009-01-26
351688,Australia,South Africa,249,288,runs,39,South Africa,2009-01-30
351689,Australia,New Zealand,181,182,wickets,2,New Zealand,2009-02-01
351690,Australia,New Zealand,225,226,wickets,6,New Zealand,2009-02-06
351691,Australia,New Zealand,301,269,runs,32,Australia,2009-02-08
351692,Australia,New Zealand,247,244,wickets,6,Australia,2009-02-10
352665,West Indies,England,244,270,runs,1,England,2009-03-20
352666,West Indies,England,264,243,runs,21,West Indies,2009-03-22
352667,West Indies,England,117,117,wickets,8,West Indies,2009-03-27
352668,West Indies,England,239,136,wickets,9,England,2009-03-29
352669,West Indies,England,146,172,runs,26,England,2009-04-03
360800,South Africa,Kenya,336,177,runs,159,South Africa,2008-10-31
361043,India,England,387,229,runs,158,India,2008-11-14
361044,India,England,292,238,runs,54,India,2008-11-17
361045,India,England,198,240,runs,16,India,2008-11-20
361046,India,England,166,178,runs,19,India,2008-11-23
361047,India,England,273,270,wickets,6,India,2008-11-26
366341,Sri Lanka,India,212,258,runs,46,India,2008-08-27
366623,New Zealand,India,162,273,runs,53,India,2009-03-03
366624,New Zealand,India,270,201,runs,84,India,2009-03-11
366625,New Zealand,India,151,149,wickets,8,New Zealand,2009-03-14
366627,New Zealand,India,334,392,runs,58,India,2009-03-08
366711,New Zealand,West Indies,129,128,wickets,7,New Zealand,2009-01-07
374059,Pakistan,West Indies,295,294,wickets,4,Pakistan,2008-11-12
374060,Pakistan,West Indies,232,208,runs,24,Pakistan,2008-11-14
375456,Zimbabwe,Sri Lanka,127,130,wickets,6,Sri Lanka,2008-11-20
375457,Zimbabwe,Sri Lanka,67,68,wickets,9,Sri Lanka,2008-11-22
375460,Zimbabwe,Sri Lanka,166,171,runs,5,Sri Lanka,2008-11-24
375462,Zimbabwe,Sri Lanka,133,152,runs,19,Sri Lanka,2008-11-30
377313,West Indies,India,319,339,runs,20,India,2009-06-26
377314,West Indies,India,192,188,wickets,8,West Indies,2009-06-28
377315,West Indies,India,186,159,wickets,6,India,2009-07-03
378753,Bangladesh,Zimbabwe,167,205,runs,38,Zimbabwe,2009-01-10
378755,Bangladesh,Sri Lanka,151,147,wickets,5,Bangladesh,2009-01-14
378759,Bangladesh,Zimbabwe,121,119,wickets,6,Bangladesh,2009-01-23
380715,England,West Indies,161,160,wickets,6,England,2009-05-24
380716,England,West Indies,328,270,runs,58,England,2009-05-26
383275,Ireland,England,112,203,runs,3,England,2009-08-27
385025,Kenya,Zimbabwe,234,236,wickets,4,Zimbabwe,2009-01-31
385749,Pakistan,Sri Lanka,220,219,wickets,8,Pakistan,2009-01-20
385750,Pakistan,Sri Lanka,161,290,runs,129,Sri Lanka,2009-01-21
385751,Pakistan,Sri Lanka,75,309,runs,234,Sri Lanka,2009-01-24
386530,Sri Lanka,India,246,247,wickets,6,India,2009-01-28
386531,Sri Lanka,India,241,256,runs,15,India,2009-01-31
386532,Sri Lanka,India,216,363,runs,147,India,2009-02-03
386533,Sri Lanka,India,265,332,runs,67,India,2009-02-05
386534,Sri Lanka,India,320,252,runs,68,Sri Lanka,2009-02-08
387566,South Africa,England,250,252,wickets,7,England,2009-11-22
387567,South Africa,England,354,242,runs,112,South Africa,2009-11-27
387568,South Africa,England,119,121,wickets,7,England,2009-11-29
390204,Ireland,Scotland,233,232,wickets,7,Ireland,2009-04-01
390227,Canada,Scotland,252,104,runs,148,Canada,2009-04-08
390253,Afghanistan,Scotland,295,206,runs,89,Afghanistan,2009-04-19
392616,Australia,Pakistan,168,171,wickets,4,Pakistan,2009-04-22
392617,Australia,Pakistan,208,207,wickets,6,Australia,2009-04-24
392618,Australia,Pakistan,198,171,runs,27,Australia,2009-04-27
392619,Australia,Pakistan,200,197,wickets,8,Australia,2009-05-01
392620,Australia,Pakistan,250,254,wickets,7,Pakistan,2009-05-03
401073,West Indies,Bangladesh,194,246,runs,52,Bangladesh,2009-07-26
401074,West Indies,Bangladesh,274,276,wickets,3,Bangladesh,2009-07-28
401075,West Indies,Bangladesh,248,249,wickets,3,Bangladesh,2009-07-31
403370,Sri Lanka,Pakistan,232,196,runs,36,Sri Lanka,2009-07-30
403371,Sri Lanka,Pakistan,169,168,wickets,6,Sri Lanka,2009-08-01
403372,Sri Lanka,Pakistan,289,288,wickets,6,Sri Lanka,2009-08-03
403373,Sri Lanka,Pakistan,175,321,runs,146,Pakistan,2009-08-07
403374,Sri Lanka,Pakistan,147,279,runs,132,Pakistan,2009-08-09
403380,Sri Lanka,New Zealand,216,119,runs,97,Sri Lanka,2009-09-08
403381,Sri Lanka,India,307,168,runs,139,Sri Lanka,2009-09-12
403382,India,New Zealand,156,155,wickets,6,India,2009-09-11
403383,Sri Lanka,India,273,319,runs,46,India,2009-09-14
406192,Australia,West Indies,256,143,runs,113,Australia,2010-02-07
406193,Australia,West Indies,171,170,wickets,8,Australia,2010-02-09
406195,Australia,West Indies,324,274,runs,50,Australia,2010-02-14
406196,Australia,West Indies,324,199,runs,125,Australia,2010-02-19
406202,Australia,Pakistan,275,274,wickets,5,Australia,2010-01-22
406203,Australia,Pakistan,267,127,runs,140,Australia,2010-01-24
406204,Australia,Pakistan,286,246,runs,40,Australia,2010-01-26
406205,Australia,Pakistan,277,142,runs,135,Australia,2010-01-29
406206,Australia,Pakistan,213,212,wickets,2,Australia,2010-01-31
410337,Zimbabwe,Bangladesh,207,211,wickets,8,Bangladesh,2009-08-09
410338,Zimbabwe,Bangladesh,271,320,runs,49,Bangladesh,2009-08-11
410339,Zimbabwe,Bangladesh,323,254,runs,69,Zimbabwe,2009-08-14
410340,Zimbabwe,Bangladesh,312,313,wickets,4,Bangladesh,2009-08-16
410341,Zimbabwe,Bangladesh,209,212,wickets,5,Bangladesh,2009-08-18
415162,Canada,Kenya,117,113,wickets,9,Canada,2009-08-19
415273,South Africa,Sri Lanka,206,319,runs,55,Sri Lanka,2009-09-22
415274,Pakistan,West Indies,134,133,wickets,5,Pakistan,2009-09-23
415275,South Africa,New Zealand,217,214,wickets,5,South Africa,2009-09-24
415276,England,Sri Lanka,213,212,wickets,6,England,2009-09-25
415277,Australia,West Indies,275,225,runs,50,Australia,2009-09-26
415278,India,Pakistan,248,302,runs,54,Pakistan,2009-09-26
415279,New Zealand,Sri Lanka,315,277,runs,38,New Zealand,2009-09-27
415280,South Africa,England,301,323,runs,22,England,2009-09-27
415282,England,New Zealand,146,147,wickets,4,New Zealand,2009-09-29
415283,Australia,Pakistan,206,205,wickets,2,Australia,2009-09-30
415284,India,West Indies,130,129,wickets,7,India,2009-09-30
415285,Australia,England,258,257,wickets,9,Australia,2009-10-02
415286,New Zealand,Pakistan,234,233,wickets,5,New Zealand,2009-10-03
415287,Australia,New Zealand,206,200,wickets,6,Australia,2009-10-05
416236,India,Australia,288,292,runs,4,Australia,2009-10-25
416237,India,Australia,354,255,runs,99,India,2009-10-28
416238,India,Australia,230,229,wickets,6,India,2009-10-31
416239,India,Australia,226,250,runs,24,Australia,2009-11-02
416240,India,Australia,347,350,runs,3,Australia,2009-11-05
416241,India,Australia,170,172,wickets,6,Australia,2009-11-08
422626,Bangladesh,Zimbabwe,186,189,wickets,5,Zimbabwe,2009-10-27
422627,Bangladesh,Zimbabwe,221,219,wickets,7,Bangladesh,2009-10-29
422628,Bangladesh,Zimbabwe,198,196,wickets,4,Bangladesh,2009-10-31
422629,Bangladesh,Zimbabwe,49,44,wickets,6,Bangladesh,2009-11-03
422630,Bangladesh,Zimbabwe,222,221,wickets,1,Bangladesh,2009-11-05
423783,New Zealand,Bangladesh,336,190,runs,146,New Zealand,2010-02-05
423784,New Zealand,Bangladesh,185,183,wickets,5,New Zealand,2010-02-08
423785,New Zealand,Bangladesh,244,241,wickets,3,New Zealand,2010-02-11
423791,New Zealand,Australia,281,275,wickets,2,New Zealand,2010-03-03
423792,New Zealand,Australia,253,273,runs,12,Australia,2010-03-06
423793,New Zealand,Australia,245,248,wickets,6,Australia,2010-03-09
423794,New Zealand,Australia,238,202,wickets,6,Australia,2010-03-11
423795,New Zealand,Australia,241,190,runs,51,New Zealand,2010-03-13
426384,Ireland,Australia,192,231,runs,39,Australia,2010-06-17
426387,England,Australia,268,267,wickets,4,England,2010-06-22
426388,England,Australia,243,239,wickets,4,England,2010-06-24
426389,England,Australia,214,212,wickets,1,England,2010-06-27
426390,England,Australia,212,290,runs,78,Australia,2010-06-30
426391,England,Australia,235,277,runs,42,Australia,2010-07-03
426403,England,Bangladesh,251,250,wickets,6,England,2010-07-08
426404,England,Bangladesh,231,236,runs,5,Bangladesh,2010-07-10
426405,England,Bangladesh,347,203,runs,144,England,2010-07-12
426420,Bangladesh,England,228,229,wickets,6,England,2010-02-28
426421,Bangladesh,England,260,261,wickets,2,England,2010-03-02
426422,Bangladesh,England,239,284,runs,45,England,2010-03-05
426428,England,Pakistan,274,250,runs,24,England,2010-09-10
426429,England,Pakistan,295,294,wickets,4,England,2010-09-12
426430,England,Pakistan,218,241,runs,23,Pakistan,2010-09-17
426431,England,Pakistan,227,265,runs,38,Pakistan,2010-09-20
426432,England,Pakistan,256,135,runs,121,England,2010-09-22
426720,New Zealand,Pakistan,149,287,runs,138,Pakistan,2009-11-03
426721,New Zealand,Pakistan,303,239,runs,64,New Zealand,2009-11-06
426722,New Zealand,Pakistan,211,204,runs,7,New Zealand,2009-11-09
430508,South Africa,Zimbabwe,295,250,runs,45,South Africa,2009-11-08
430509,South Africa,Zimbabwe,331,119,runs,212,South Africa,2009-11-10
430886,India,Sri Lanka,414,411,runs,3,India,2009-12-15
430887,India,Sri Lanka,301,302,wickets,3,Sri Lanka,2009-12-18
430888,India,Sri Lanka,243,239,wickets,7,India,2009-12-21
430889,India,Sri Lanka,317,315,wickets,7,India,2009-12-24
433558,Bangladesh,India,283,370,runs,87,India,2011-02-19
433559,Kenya,New Zealand,69,72,wickets,10,New Zealand,2011-02-20
433560,Sri Lanka,Canada,332,122,runs,210,Sri Lanka,2011-02-20
433561,Australia,Zimbabwe,262,171,runs,91,Australia,2011-02-21
433562,England,Netherlands,296,292,wickets,6,England,2011-02-22
433563,Kenya,Pakistan,112,317,runs,205,Pakistan,2011-02-23
433564,South Africa,West Indies,223,222,wickets,7,South Africa,2011-02-24
433565,Australia,New Zealand,207,206,wickets,7,Australia,2011-02-25
433566,Bangladesh,Ireland,205,178,runs,27,Bangladesh,2011-02-25
433567,Sri Lanka,Pakistan,266,277,runs,11,Pakistan,2011-02-26
433569,Netherlands,West Indies,115,330,runs,215,West Indies,2011-02-28
433570,Canada,Zimbabwe,123,298,runs,175,Zimbabwe,2011-02-28
433571,Sri Lanka,Kenya,146,142,wickets,9,Sri Lanka,2011-03-01
433572,England,Ireland,327,329,wickets,3,Ireland,2011-03-02
433573,Netherlands,South Africa,120,351,runs,231,South Africa,2011-03-03
433574,Canada,Pakistan,138,184,runs,46,Pakistan,2011-03-03
433575,New Zealand,Zimbabwe,166,162,wickets,10,New Zealand,2011-03-04
433576,Bangladesh,West Indies,58,59,wickets,9,West Indies,2011-03-04
433578,India,Ireland,210,207,wickets,5,India,2011-03-06
433579,England,South Africa,171,165,runs,6,England,2011-03-06
433580,Canada,Kenya,199,198,wickets,5,Canada,2011-03-07
433581,New Zealand,Pakistan,302,192,runs,110,New Zealand,2011-03-08
433582,India,Netherlands,191,189,wickets,5,India,2011-03-09
433583,Sri Lanka,Zimbabwe,327,188,runs,139,Sri Lanka,2011-03-10
433584,Ireland,West Indies,231,275,runs,44,West Indies,2011-03-11
433585,Bangladesh,England,227,225,wickets,2,Bangladesh,2011-03-11
433586,India,South Africa,296,300,wickets,3,South Africa,2011-03-12
433587,Canada,New Zealand,261,358,runs,97,New Zealand,2011-03-13
433588,Australia,Kenya,324,264,runs,60,Australia,2011-03-13
433589,Pakistan,Zimbabwe,164,151,wickets,7,Pakistan,2011-03-14
433590,Bangladesh,Netherlands,166,160,wickets,6,Bangladesh,2011-03-14
433591,Ireland,South Africa,141,272,runs,131,South Africa,2011-03-15
433592,Australia,Canada,212,211,wickets,7,Australia,2011-03-16
433593,England,West Indies,243,225,runs,18,England,2011-03-17
433594,New Zealand,Sri Lanka,153,265,runs,112,Sri Lanka,2011-03-18
433595,Ireland,Netherlands,307,306,wickets,6,Ireland,2011-03-18
433596,Australia,Pakistan,176,178,wickets,4,Pakistan,2011-03-19
433597,Bangladesh,South Africa,78,284,runs,206,South Africa,2011-03-19
433598,Kenya,Zimbabwe,147,308,runs,161,Zimbabwe,2011-03-20
433599,India,West Indies,268,188,runs,80,India,2011-03-20
433600,Pakistan,West Indies,113,112,wickets,10,Pakistan,2011-03-23
433601,India,Australia,261,260,wickets,5,India,2011-03-24
433602,New Zealand,South Africa,221,172,runs,49,New Zealand,2011-03-25
433603,Sri Lanka,England,231,229,wickets,10,Sri Lanka,2011-03-26
433604,Sri Lanka,New Zealand,220,217,wickets,5,Sri Lanka,2011-03-29
433605,India,Pakistan,260,231,runs,29,India,2011-03-30
433606,India,Sri Lanka,277,274,wickets,6,India,2011-04-02
434258,Bangladesh,Sri Lanka,260,261,wickets,7,Sri Lanka,2010-01-04
434259,India,Sri Lanka,279,283,wickets,5,Sri Lanka,2010-01-05
434260,Bangladesh,India,296,297,wickets,6,India,2010-01-07
434261,Bangladesh,Sri Lanka,249,252,wickets,9,Sri Lanka,2010-01-08
434262,India,Sri Lanka,214,213,wickets,8,India,2010-01-10
434263,Bangladesh,India,247,249,wickets,6,India,2010-01-11
434264,India,Sri Lanka,245,249,wickets,4,Sri Lanka,2010-01-13
439140,West Indies,Zimbabwe,252,254,runs,2,Zimbabwe,2010-03-04
439141,West Indies,Zimbabwe,208,206,wickets,4,West Indies,2010-03-06
439142,West Indies,Zimbabwe,245,104,runs,141,West Indies,2010-03-10
439143,West Indies,Zimbabwe,142,141,wickets,4,West Indies,2010-03-12
439144,West Indies,Zimbabwe,165,161,wickets,4,West Indies,2010-03-14
439147,West Indies,South Africa,215,280,runs,66,South Africa,2010-05-22
439148,West Indies,South Africa,283,300,runs,17,South Africa,2010-05-24
439149,West Indies,South Africa,157,224,runs,67,South Africa,2010-05-28
439150,West Indies,South Africa,303,304,wickets,7,South Africa,2010-05-30
439151,West Indies,South Africa,252,255,wickets,1,South Africa,2010-06-03
441827,India,South Africa,298,297,runs,1,India,2010-02-21
441828,India,South Africa,401,248,runs,153,India,2010-02-24
441829,India,South Africa,275,365,runs,90,South Africa,2010-02-27
446957,Australia,Sri Lanka,239,243,wickets,1,Sri Lanka,2010-11-03
446958,Australia,Sri Lanka,210,213,runs,29,Sri Lanka,2010-11-05
446959,Australia,Sri Lanka,119,115,wickets,8,Australia,2010-11-07
446962,Australia,England,297,294,wickets,6,Australia,2011-01-16
446963,Australia,England,230,184,runs,46,Australia,2011-01-21
446964,Australia,England,215,214,wickets,4,Australia,2011-01-23
446965,Australia,England,278,299,runs,21,England,2011-01-26
446966,Australia,England,249,198,runs,51,Australia,2011-01-30
446967,Australia,England,334,333,wickets,2,Australia,2011-02-02
446968,Australia,England,279,222,runs,57,Australia,2011-02-06
450107,Ireland,Bangladesh,189,191,wickets,6,Bangladesh,2010-07-16
450379,Canada,Ireland,154,155,wickets,5,Ireland,2010-07-07
450498,Scotland,Afghanistan,224,225,wickets,9,Afghanistan,2010-08-16
450501,Scotland,Afghanistan,121,120,wickets,6,Scotland,2010-08-17
452146,Zimbabwe,India,289,285,wickets,6,Zimbabwe,2010-05-28
452147,India,Sri Lanka,243,242,wickets,7,India,2010-05-30
452148,Zimbabwe,Sri Lanka,118,119,wickets,9,Sri Lanka,2010-06-01
452149,Zimbabwe,India,197,194,wickets,7,Zimbabwe,2010-06-03
452150,India,Sri Lanka,268,270,wickets,6,Sri Lanka,2010-06-05
452151,Zimbabwe,Sri Lanka,240,236,wickets,8,Zimbabwe,2010-06-07
452152,Zimbabwe,Sri Lanka,199,203,wickets,9,Sri Lanka,2010-06-09
455231,Sri Lanka,Pakistan,242,226,runs,16,Sri Lanka,2010-06-15
455232,Bangladesh,India,167,168,wickets,6,India,2010-06-16
455233,Sri Lanka,Bangladesh,312,186,runs,126,Sri Lanka,2010-06-18
455234,India,Pakistan,271,267,wickets,3,India,2010-06-19
455235,Bangladesh,Pakistan,246,385,runs,139,Pakistan,2010-06-21
455236,Sri Lanka,India,211,209,wickets,7,Sri Lanka,2010-06-22
455237,Sri Lanka,India,187,268,runs,81,India,2010-06-24
456662,India,New Zealand,88,288,runs,200,New Zealand,2010-08-10
456663,Sri Lanka,India,170,171,wickets,6,India,2010-08-16
456664,Sri Lanka,New Zealand,195,192,wickets,3,Sri Lanka,2010-08-13
456665,India,New Zealand,223,118,runs,105,India,2010-08-25
456666,Sri Lanka,India,104,103,wickets,8,Sri Lanka,2010-08-22
456668,Sri Lanka,India,299,225,runs,74,Sri Lanka,2010-08-28
461566,Pakistan,South Africa,203,207,wickets,8,South Africa,2010-10-29
461567,Pakistan,South Africa,289,286,wickets,1,Pakistan,2010-10-31
461568,Pakistan,South Africa,226,228,runs,2,South Africa,2010-11-02
461569,Pakistan,South Africa,275,274,wickets,1,Pakistan,2010-11-05
461570,Pakistan,South Africa,260,317,runs,57,South Africa,2010-11-08
463143,South Africa,Zimbabwe,351,287,runs,64,South Africa,2010-10-15
463144,South Africa,Zimbabwe,273,268,wickets,8,South Africa,2010-10-17
463145,South Africa,Zimbabwe,399,127,runs,272,South Africa,2010-10-22
463150,South Africa,India,289,154,runs,135,South Africa,2011-01-12
463151,South Africa,India,189,190,runs,1,India,2011-01-15
463152,South Africa,India,220,223,wickets,2,India,2011-01-18
463153,South Africa,India,265,142,runs,48,South Africa,2011-01-21
463154,South Africa,India,250,234,runs,33,South Africa,2011-01-23
464529,India,Australia,292,289,wickets,5,India,2010-10-20
464720,Ireland,Netherlands,129,125,wickets,9,Ireland,2010-08-18
464723,Canada,Ireland,163,175,runs,4,Canada,2010-09-06
464991,Sri Lanka,West Indies,199,203,wickets,8,Sri Lanka,2011-02-03
464992,Sri Lanka,West Indies,277,251,runs,26,Sri Lanka,2011-02-06
467883,India,New Zealand,276,236,runs,40,India,2010-11-28
467884,India,New Zealand,259,258,wickets,8,India,2010-12-01
467885,India,New Zealand,229,224,wickets,9,India,2010-12-04
467886,India,New Zealand,321,315,wickets,5,India,2010-12-07
467887,India,New Zealand,107,103,wickets,8,India,2010-12-10
473923,New Zealand,Pakistan,125,124,wickets,9,New Zealand,2011-01-22
473925,New Zealand,Pakistan,250,293,runs,43,Pakistan,2011-01-29
473926,New Zealand,Pakistan,262,264,wickets,2,Pakistan,2011-02-01
473927,New Zealand,Pakistan,227,268,runs,41,Pakistan,2011-02-03
473928,New Zealand,Pakistan,311,254,runs,57,New Zealand,2011-02-05
474467,England,Sri Lanka,229,121,runs,110,England,2011-06-28
474468,England,Sri Lanka,240,309,runs,69,Sri Lanka,2011-07-01
474469,England,Sri Lanka,246,249,wickets,6,Sri Lanka,2011-07-03
474470,England,Sri Lanka,171,174,wickets,10,England,2011-07-06
474471,England,Sri Lanka,268,252,runs,16,England,2011-07-09
474478,England,India,188,187,wickets,7,England,2011-09-06
474479,England,India,218,234,wickets,3,England,2011-09-09
474481,England,India,241,304,wickets,6,England,2011-09-16
476596,Bangladesh,New Zealand,228,200,runs,9,Bangladesh,2010-10-05
476598,Bangladesh,New Zealand,177,173,wickets,7,Bangladesh,2010-10-11
476599,Bangladesh,New Zealand,241,232,runs,9,Bangladesh,2010-10-14
476600,Bangladesh,New Zealand,174,171,runs,3,Bangladesh,2010-10-17
483126,Ireland,England,117,201,runs,11,England,2011-08-25
486520,Bangladesh,Zimbabwe,200,209,runs,9,Zimbabwe,2010-12-01
486522,Bangladesh,Zimbabwe,194,191,wickets,6,Bangladesh,2010-12-03
486523,Bangladesh,Zimbabwe,246,181,runs,65,Bangladesh,2010-12-06
486526,Bangladesh,Zimbabwe,189,188,wickets,6,Bangladesh,2010-12-12
489213,West Indies,Pakistan,221,222,wickets,8,Pakistan,2011-04-23
489214,West Indies,Pakistan,220,223,wickets,7,Pakistan,2011-04-25
489215,West Indies,Pakistan,171,177,wickets,3,Pakistan,2011-04-28
489216,West Indies,Pakistan,154,248,runs,1,West Indies,2011-05-02
489217,West Indies,Pakistan,140,139,wickets,10,West Indies,2011-05-05
489221,West Indies,India,214,217,wickets,4,India,2011-06-06
489222,West Indies,India,240,183,wickets,7,India,2011-06-08
489223,West Indies,India,225,228,wickets,3,India,2011-06-11
489224,West Indies,India,249,146,runs,103,West Indies,2011-06-13
489225,West Indies,India,255,251,wickets,7,West Indies,2011-06-16
503363,Bangladesh,Australia,210,270,runs,60,Australia,2011-04-09
503364,Bangladesh,Australia,229,232,wickets,9,Australia,2011-04-11
503365,Bangladesh,Australia,295,361,runs,66,Australia,2011-04-13
504779,Scotland,Netherlands,162,180,wickets,5,Scotland,2011-06-29
514025,South Africa,Australia,129,183,runs,93,Australia,2011-10-19
514026,South Africa,Australia,303,223,runs,80,South Africa,2011-10-23
514027,South Africa,Australia,222,227,wickets,3,Australia,2011-10-28
514035,South Africa,Sri Lanka,301,43,runs,258,South Africa,2012-01-11
514036,South Africa,Sri Lanka,237,236,wickets,5,South Africa,2012-01-14
514037,South Africa,Sri Lanka,179,266,runs,4,South Africa,2012-01-17
514038,South Africa,Sri Lanka,299,304,wickets,5,Sri Lanka,2012-01-20
514039,South Africa,Sri Lanka,312,314,wickets,2,Sri Lanka,2012-01-22
516206,Sri Lanka,Australia,191,192,wickets,7,Australia,2011-08-10
516207,Sri Lanka,Australia,208,211,wickets,8,Australia,2011-08-14
516208,Sri Lanka,Australia,286,208,runs,78,Sri Lanka,2011-08-16
516209,Sri Lanka,Australia,132,133,wickets,5,Australia,2011-08-20
516210,Sri Lanka,Australia,213,211,wickets,4,Sri Lanka,2011-08-22
518956,Australia,India,216,151,runs,65,Australia,2012-02-05
518957,India,Sri Lanka,234,233,wickets,4,India,2012-02-08
518958,Australia,Sri Lanka,231,226,runs,5,Australia,2012-02-10
518959,Australia,India,269,270,wickets,4,India,2012-02-12
518961,Australia,Sri Lanka,158,152,wickets,8,Sri Lanka,2012-02-17
518962,Australia,India,288,178,runs,110,Australia,2012-02-19
518963,India,Sri Lanka,238,289,runs,51,Sri Lanka,2012-02-21
518964,Australia,Sri Lanka,280,283,wickets,3,Sri Lanka,2012-02-24
518965,Australia,India,252,165,runs,87,Australia,2012-02-26
518966,India,Sri Lanka,321,320,wickets,7,India,2012-02-28
518967,Australia,Sri Lanka,229,238,runs,9,Sri Lanka,2012-03-02
518968,Australia,Sri Lanka,321,306,runs,15,Australia,2012-03-04
518969,Australia,Sri Lanka,271,274,wickets,8,Sri Lanka,2012-03-06
518970,Australia,Sri Lanka,231,215,runs,16,Australia,2012-03-08
520592,New Zealand,Zimbabwe,248,158,runs,90,New Zealand,2012-02-03
520593,New Zealand,Zimbabwe,372,231,runs,141,New Zealand,2012-02-06
520594,New Zealand,Zimbabwe,373,171,runs,202,New Zealand,2012-02-09
520600,New Zealand,South Africa,253,254,wickets,6,South Africa,2012-02-25
520601,New Zealand,South Africa,230,231,wickets,6,South Africa,2012-02-29
520602,New Zealand,South Africa,206,208,wickets,5,South Africa,2012-03-03
521218,India,England,300,174,runs,126,India,2011-10-14
521219,India,England,238,237,wickets,8,India,2011-10-17
521220,India,England,300,298,wickets,5,India,2011-10-20
521221,India,England,223,220,wickets,6,India,2011-10-23
521222,India,England,271,176,runs,95,India,2011-10-25
522246,Zimbabwe,Bangladesh,186,184,wickets,4,Zimbabwe,2011-08-12
522247,Zimbabwe,Bangladesh,191,188,wickets,7,Zimbabwe,2011-08-14
522248,Zimbabwe,Bangladesh,250,245,runs,5,Zimbabwe,2011-08-16
522249,Zimbabwe,Bangladesh,199,203,wickets,6,Bangladesh,2011-08-19
522250,Zimbabwe,Bangladesh,160,253,runs,93,Bangladesh,2011-08-21
523732,Zimbabwe,Pakistan,242,247,runs,5,Pakistan,2011-09-08
523733,Zimbabwe,Pakistan,225,228,wickets,10,Pakistan,2011-09-11
523734,Zimbabwe,Pakistan,242,270,runs,28,Pakistan,2011-09-14
523804,Ireland,Canada,328,195,runs,133,Ireland,2011-09-19
523805,Ireland,Canada,249,193,runs,56,Ireland,2011-09-20
527014,Zimbabwe,New Zealand,231,232,wickets,9,New Zealand,2011-10-20
527015,Zimbabwe,New Zealand,259,261,wickets,4,New Zealand,2011-10-22
527016,Zimbabwe,New Zealand,329,328,wickets,1,Zimbabwe,2011-10-25
530427,Pakistan,Sri Lanka,132,131,wickets,8,Pakistan,2011-11-11
530428,Pakistan,Sri Lanka,210,235,runs,25,Sri Lanka,2011-11-14
530429,Pakistan,Sri Lanka,257,236,runs,21,Pakistan,2011-11-18
530430,Pakistan,Sri Lanka,200,174,runs,26,Pakistan,2011-11-20
530431,Pakistan,Sri Lanka,219,218,wickets,3,Pakistan,2011-11-23
531631,England,Pakistan,260,130,runs,130,England,2012-02-13
531632,England,Pakistan,250,230,runs,20,England,2012-02-15
531633,England,Pakistan,226,222,wickets,9,England,2012-02-18
531634,England,Pakistan,241,237,wickets,4,England,2012-02-21
531983,Bangladesh,West Indies,258,298,runs,40,West Indies,2011-10-13
531984,Bangladesh,West Indies,220,221,wickets,8,West Indies,2011-10-15
531985,Bangladesh,West Indies,62,61,wickets,8,Bangladesh,2011-10-18
534209,England,West Indies,288,172,runs,114,England,2012-06-16
534210,England,West Indies,239,238,wickets,8,England,2012-06-19
534215,England,Australia,272,257,runs,15,England,2012-06-29
534216,England,Australia,252,251,wickets,6,England,2012-07-01
534218,England,Australia,201,200,wickets,8,England,2012-07-07
534219,England,Australia,138,145,wickets,7,England,2012-07-10
534229,England,South Africa,207,287,runs,80,South Africa,2012-08-28
534230,England,South Africa,212,211,wickets,4,England,2012-08-31
534231,England,South Africa,224,220,wickets,6,England,2012-09-02
534232,England,South Africa,182,186,wickets,7,South Africa,2012-09-05
535794,Bangladesh,Pakistan,241,262,runs,21,Pakistan,2012-03-11
535795,India,Sri Lanka,304,254,runs,50,India,2012-03-13
535796,Pakistan,Sri Lanka,189,188,wickets,6,Pakistan,2012-03-15
535797,Bangladesh,India,293,289,wickets,5,Bangladesh,2012-03-16
535798,India,Pakistan,330,329,wickets,6,India,2012-03-18
535799,Bangladesh,Sri Lanka,212,232,wickets,5,Bangladesh,2012-03-20
535800,Bangladesh,Pakistan,234,236,runs,2,Pakistan,2012-03-22
536929,India,West Indies,213,211,wickets,1,India,2011-11-29
536930,India,West Indies,270,269,wickets,5,India,2011-12-02
536931,India,West Indies,244,260,runs,16,West Indies,2011-12-05
536932,India,West Indies,418,265,runs,153,India,2011-12-08
536933,India,West Indies,267,233,runs,34,India,2011-12-11
538069,Bangladesh,Pakistan,91,93,wickets,5,Pakistan,2011-12-01
538070,Bangladesh,Pakistan,186,262,runs,76,Pakistan,2011-12-03
538071,Bangladesh,Pakistan,119,177,runs,58,Pakistan,2011-12-06
540168,West Indies,Australia,140,204,runs,64,Australia,2012-03-16
540169,West Indies,Australia,163,154,wickets,5,West Indies,2012-03-18
540171,West Indies,Australia,294,252,runs,42,West Indies,2012-03-23
540172,West Indies,Australia,251,281,runs,30,Australia,2012-03-25
543881,Kenya,Ireland,201,200,wickets,7,Kenya,2012-02-18
543882,Kenya,Ireland,120,237,runs,117,Ireland,2012-02-20
543888,Afghanistan,Netherlands,153,156,wickets,9,Netherlands,2012-03-29
545656,Afghanistan,Pakistan,195,198,wickets,7,Pakistan,2012-02-10
555892,Ireland,Afghanistan,163,104,runs,59,Ireland,2012-07-05
560923,West Indies,New Zealand,136,190,wickets,9,West Indies,2012-07-05
560924,West Indies,New Zealand,315,260,runs,55,West Indies,2012-07-07
560925,West Indies,New Zealand,161,249,runs,88,New Zealand,2012-07-11
560926,West Indies,New Zealand,264,240,runs,24,West Indies,2012-07-14
560927,West Indies,New Zealand,241,221,runs,20,West Indies,2012-07-16
562439,Sri Lanka,Pakistan,135,135,wickets,6,Pakistan,2012-06-07
562440,Sri Lanka,Pakistan,280,204,runs,76,Sri Lanka,2012-06-09
562442,Sri Lanka,Pakistan,243,199,runs,44,Sri Lanka,2012-06-16
562443,Sri Lanka,Pakistan,248,247,wickets,2,Sri Lanka,2012-06-18
564781,Sri Lanka,India,293,314,runs,21,India,2012-07-21
564782,Sri Lanka,India,139,138,wickets,9,Sri Lanka,2012-07-24
564783,Sri Lanka,India,286,288,wickets,5,India,2012-07-28
564784,Sri Lanka,India,251,255,wickets,6,India,2012-07-31
564785,Sri Lanka,India,274,294,runs,20,India,2012-08-04
565812,India,England,316,325,runs,9,England,2013-01-11
565813,India,England,285,158,runs,127,India,2013-01-15
565814,India,England,157,155,wickets,7,India,2013-01-19
565815,India,England,258,257,wickets,5,India,2013-01-23
565816,India,England,226,227,wickets,7,England,2013-01-27
566923,England,New Zealand,227,231,wickets,5,New Zealand,2013-05-31
566924,England,New Zealand,273,359,runs,86,New Zealand,2013-06-02
566925,England,New Zealand,287,253,runs,34,England,2013-06-05
566940,Ireland,England,269,274,wickets,6,England,2013-09-03
566942,England,Australia,227,315,runs,88,Australia,2013-09-08
566944,England,Australia,231,227,wickets,3,England,2013-09-14
566945,England,Australia,249,298,runs,49,Australia,2013-09-16
566946,England,South Africa,179,175,wickets,7,England,2013-06-19
566947,India,Sri Lanka,182,181,wickets,8,India,2013-06-20
566948,England,India,124,129,runs,5,India,2013-06-23
567358,South Africa,New Zealand,208,209,wickets,1,New Zealand,2013-01-19
567359,South Africa,New Zealand,252,279,runs,27,New Zealand,2013-01-22
567360,South Africa,New Zealand,264,260,wickets,1,South Africa,2013-01-25
567368,South Africa,Pakistan,315,190,runs,125,South Africa,2013-03-10
567369,South Africa,Pakistan,191,192,wickets,6,Pakistan,2013-03-15
567370,South Africa,Pakistan,343,309,runs,34,South Africa,2013-03-17
567371,South Africa,Pakistan,234,236,wickets,3,Pakistan,2013-03-21
567372,South Africa,Pakistan,208,205,wickets,6,South Africa,2013-03-24
569240,New Zealand,England,259,258,wickets,3,New Zealand,2013-02-17
569241,New Zealand,England,269,270,wickets,8,England,2013-02-20
569242,New Zealand,England,185,186,wickets,5,England,2013-02-23
571145,Australia,Pakistan,199,198,wickets,4,Australia,2012-08-28
571146,Australia,Pakistan,248,249,wickets,7,Pakistan,2012-08-31
571147,Australia,Pakistan,250,244,wickets,3,Australia,2012-09-03
571947,Afghanistan,Australia,206,272,runs,66,Australia,2012-08-25
573014,Australia,Sri Lanka,305,198,runs,107,Australia,2013-01-11
573015,Australia,Sri Lanka,170,172,wickets,8,Sri Lanka,2013-01-13
573016,Australia,Sri Lanka,74,75,wickets,4,Sri Lanka,2013-01-18
573018,Australia,Sri Lanka,247,215,runs,32,Australia,2013-01-23
573022,Australia,West Indies,71,70,wickets,9,Australia,2013-02-01
573023,Australia,West Indies,266,212,runs,54,Australia,2013-02-03
573024,Australia,West Indies,329,290,runs,39,Australia,2013-02-06
573025,Australia,West Indies,221,220,wickets,5,Australia,2013-02-08
573026,Australia,West Indies,274,257,runs,17,Australia,2013-02-10
578614,India,South Africa,331,305,runs,26,India,2013-06-06
578615,Pakistan,West Indies,170,172,wickets,2,West Indies,2013-06-07
578616,England,Australia,269,221,runs,48,England,2013-06-08
578617,New Zealand,Sri Lanka,139,138,wickets,1,New Zealand,2013-06-09
578618,Pakistan,South Africa,167,234,runs,67,South Africa,2013-06-10
578619,India,West Indies,236,233,wickets,8,India,2013-06-11
578621,England,Sri Lanka,293,297,wickets,7,Sri Lanka,2013-06-13
578623,India,Pakistan,102,165,wickets,8,India,2013-06-15
578624,England,New Zealand,169,159,runs,10,England,2013-06-16
578625,Australia,Sri Lanka,233,253,runs,20,Sri Lanka,2013-06-17
582188,Sri Lanka,New Zealand,118,250,runs,14,Sri Lanka,2012-11-04
582189,Sri Lanka,New Zealand,200,188,wickets,7,Sri Lanka,2012-11-06
582190,Sri Lanka,New Zealand,131,131,wickets,7,Sri Lanka,2012-11-10
587471,Bangladesh,West Indies,201,199,wickets,7,Bangladesh,2012-11-30
587472,Bangladesh,West Indies,292,132,runs,160,Bangladesh,2012-12-02
587473,Bangladesh,West Indies,227,228,wickets,4,West Indies,2012-12-05
587474,Bangladesh,West Indies,136,211,runs,75,West Indies,2012-12-07
587475,Bangladesh,West Indies,221,217,wickets,2,Bangladesh,2012-12-08
589308,India,Pakistan,227,228,wickets,6,Pakistan,2012-12-30
589309,India,Pakistan,165,250,runs,85,Pakistan,2013-01-03
589310,India,Pakistan,167,157,runs,10,India,2013-01-06
592266,Canada,Kenya,227,228,wickets,6,Kenya,2013-03-11
593983,West Indies,Zimbabwe,337,181,runs,156,West Indies,2013-02-22
593985,West Indies,Zimbabwe,215,211,wickets,5,West Indies,2013-02-26
597923,West Indies,Sri Lanka,209,208,wickets,6,West Indies,2013-06-28
597924,West Indies,India,230,229,wickets,1,West Indies,2013-06-30
597925,India,Sri Lanka,187,348,runs,161,Sri Lanka,2013-07-02
597926,West Indies,India,171,311,runs,102,India,2013-07-05
597927,West Indies,Sri Lanka,190,219,runs,39,Sri Lanka,2013-07-07
597928,India,Sri Lanka,119,96,runs,81,India,2013-07-09
597929,India,Sri Lanka,203,201,wickets,1,India,2013-07-11
601077,Scotland,Pakistan,135,231,runs,96,Pakistan,2013-05-17
601613,Ireland,Pakistan,229,230,wickets,2,Pakistan,2013-05-26
602474,Sri Lanka,Bangladesh,238,259,wickets,8,Sri Lanka,2013-03-23
602476,Sri Lanka,Bangladesh,302,184,wickets,3,Bangladesh,2013-03-28
623573,Zimbabwe,Bangladesh,148,269,runs,121,Bangladesh,2013-05-03
623574,Zimbabwe,Bangladesh,253,252,wickets,6,Zimbabwe,2013-05-05
623575,Zimbabwe,Bangladesh,251,247,wickets,7,Zimbabwe,2013-05-08
631138,Netherlands,Ireland,148,236,runs,88,Ireland,2013-07-07
635653,Sri Lanka,South Africa,320,140,runs,180,Sri Lanka,2013-07-20
635654,Sri Lanka,South Africa,223,104,runs,17,Sri Lanka,2013-07-23
635655,Sri Lanka,South Africa,167,223,runs,56,South Africa,2013-07-26
635656,Sri Lanka,South Africa,239,238,wickets,8,Sri Lanka,2013-07-28
635657,Sri Lanka,South Africa,307,179,runs,128,Sri Lanka,2013-07-31
636159,Australia,England,270,269,wickets,6,Australia,2014-01-12
636160,Australia,England,301,300,wickets,1,Australia,2014-01-17
636161,Australia,England,244,243,wickets,7,Australia,2014-01-19
636162,Australia,England,259,316,runs,57,England,2014-01-24
636163,Australia,England,217,212,runs,5,Australia,2014-01-26
636533,West Indies,England,269,254,runs,15,West Indies,2014-02-28
636534,West Indies,England,159,163,wickets,3,England,2014-03-02
636535,West Indies,England,278,303,runs,25,England,2014-03-05
643665,Zimbabwe,India,228,230,wickets,6,India,2013-07-24
643667,Zimbabwe,India,236,294,runs,58,India,2013-07-26
643669,Zimbabwe,India,183,187,wickets,7,India,2013-07-28
643675,Zimbabwe,India,144,145,wickets,9,India,2013-08-01
643677,Zimbabwe,India,163,167,wickets,7,India,2013-08-03
645635,West Indies,Pakistan,98,224,runs,126,Pakistan,2013-07-14
645637,West Indies,Pakistan,232,195,runs,37,West Indies,2013-07-16
645641,West Indies,Pakistan,261,189,wickets,6,Pakistan,2013-07-21
645643,West Indies,Pakistan,242,243,wickets,4,Pakistan,2013-07-24
647249,India,Australia,232,304,runs,72,Australia,2013-10-13
647251,India,Australia,362,359,wickets,9,India,2013-10-16
647253,India,Australia,303,304,wickets,4,Australia,2013-10-19
647259,India,Australia,351,350,wickets,6,India,2013-10-30
647261,India,Australia,383,326,runs,57,India,2013-11-02
648651,South Africa,India,358,217,runs,141,South Africa,2013-12-05
648653,South Africa,India,280,146,runs,134,South Africa,2013-12-08
649091,Pakistan,South Africa,182,183,runs,1,South Africa,2013-10-30
649093,Pakistan,South Africa,209,143,runs,66,Pakistan,2013-11-01
649095,Pakistan,South Africa,191,259,runs,68,South Africa,2013-11-06
649097,Pakistan,South Africa,238,266,runs,28,South Africa,2013-11-08
649099,Pakistan,South Africa,151,268,runs,117,South Africa,2013-11-11
656399,New Zealand,Sri Lanka,331,233,runs,98,New Zealand,2015-02-14
656401,Australia,England,342,231,runs,111,Australia,2015-02-14
656403,South Africa,Zimbabwe,339,277,runs,62,South Africa,2015-02-15
656405,India,Pakistan,300,224,runs,76,India,2015-02-15
656407,Ireland,West Indies,307,304,wickets,4,Ireland,2015-02-16
656409,New Zealand,Scotland,146,142,wickets,3,New Zealand,2015-02-17
656411,Afghanistan,Bangladesh,162,267,runs,105,Bangladesh,2015-02-18
656413,United Arab Emirates,Zimbabwe,285,286,wickets,4,Zimbabwe,2015-02-19
656415,New Zealand,England,125,123,wickets,8,New Zealand,2015-02-20
656417,Pakistan,West Indies,160,310,runs,150,West Indies,2015-02-21
656421,Afghanistan,Sri Lanka,232,236,wickets,4,Sri Lanka,2015-02-22
656423,India,South Africa,307,177,runs,130,India,2015-02-22
656425,England,Scotland,303,184,runs,119,England,2015-02-23
656427,West Indies,Zimbabwe,372,289,runs,73,West Indies,2015-02-24
656429,Ireland,United Arab Emirates,279,278,wickets,2,Ireland,2015-02-25
656431,Afghanistan,Scotland,211,210,wickets,1,Afghanistan,2015-02-26
656433,Bangladesh,Sri Lanka,240,332,runs,92,Sri Lanka,2015-02-26
656435,South Africa,West Indies,408,151,runs,257,South Africa,2015-02-27
656437,New Zealand,Australia,152,151,wickets,1,New Zealand,2015-02-28
656439,India,United Arab Emirates,104,102,wickets,9,India,2015-02-28
656441,England,Sri Lanka,309,312,wickets,9,Sri Lanka,2015-03-01
656443,Pakistan,Zimbabwe,235,215,runs,20,Pakistan,2015-03-01
656445,Ireland,South Africa,210,411,runs,201,South Africa,2015-03-03
656447,Pakistan,United Arab Emirates,339,210,runs,129,Pakistan,2015-03-04
656449,Australia,Afghanistan,417,142,runs,275,Australia,2015-03-04
656451,Bangladesh,Scotland,322,318,wickets,6,Bangladesh,2015-03-05
656453,India,West Indies,185,182,wickets,4,India,2015-03-06
656455,Pakistan,South Africa,222,202,runs,29,Pakistan,2015-03-07
656457,Ireland,Zimbabwe,331,326,runs,5,Ireland,2015-03-07
656459,New Zealand,Afghanistan,188,186,wickets,6,New Zealand,2015-03-08
656461,Australia,Sri Lanka,376,312,runs,64,Australia,2015-03-08
656463,Bangladesh,England,275,260,runs,15,Bangladesh,2015-03-09
656465,India,Ireland,260,259,wickets,8,India,2015-03-10
656467,Scotland,Sri Lanka,215,363,runs,148,Sri Lanka,2015-03-11
656469,South Africa,United Arab Emirates,341,195,runs,146,South Africa,2015-03-12
656471,New Zealand,Bangladesh,290,288,wickets,3,New Zealand,2015-03-13
656473,Afghanistan,England,111,101,wickets,9,England,2015-03-13
656475,India,Zimbabwe,288,287,wickets,6,India,2015-03-14
656477,Australia,Scotland,133,130,wickets,7,Australia,2015-03-14
656479,United Arab Emirates,West Indies,175,176,wickets,6,West Indies,2015-03-15
656481,Ireland,Pakistan,237,241,wickets,7,Pakistan,2015-03-15
656483,South Africa,Sri Lanka,134,133,wickets,9,South Africa,2015-03-18
656485,Bangladesh,India,193,302,runs,109,India,2015-03-19
656487,Australia,Pakistan,216,213,wickets,6,Australia,2015-03-20
656489,New Zealand,West Indies,393,250,runs,143,New Zealand,2015-03-21
656491,New Zealand,South Africa,299,281,wickets,4,New Zealand,2015-03-24
656493,Australia,India,328,233,runs,95,Australia,2015-03-26
656495,Australia,New Zealand,186,183,wickets,7,Australia,2015-03-29
657637,Pakistan,Sri Lanka,322,311,runs,11,Pakistan,2013-12-18
657639,Pakistan,Sri Lanka,284,287,wickets,2,Sri Lanka,2013-12-20
657641,Pakistan,Sri Lanka,326,213,runs,113,Pakistan,2013-12-22
657643,Pakistan,Sri Lanka,226,225,wickets,8,Pakistan,2013-12-25
657645,Pakistan,Sri Lanka,232,235,wickets,2,Sri Lanka,2013-12-27
659549,Zimbabwe,Pakistan,246,244,wickets,7,Zimbabwe,2013-08-27
659551,Zimbabwe,Pakistan,209,299,runs,90,Pakistan,2013-08-29
659553,Zimbabwe,Pakistan,152,260,runs,108,Pakistan,2013-08-31
660827,Canada,Netherlands,67,70,wickets,9,Netherlands,2013-08-29
660837,Ireland,Scotland,225,223,wickets,1,Ireland,2013-09-06
661685,New Zealand,West Indies,156,157,wickets,2,West Indies,2013-12-26
661689,New Zealand,West Indies,283,124,runs,159,New Zealand,2014-01-01
661691,New Zealand,West Indies,285,134,runs,58,New Zealand,2014-01-04
661693,New Zealand,West Indies,160,363,runs,203,West Indies,2014-01-08
667641,New Zealand,India,292,268,runs,24,New Zealand,2014-01-19
667643,New Zealand,India,271,277,runs,15,New Zealand,2014-01-22
667647,New Zealand,India,280,278,wickets,7,New Zealand,2014-01-28
667649,New Zealand,India,303,216,runs,87,New Zealand,2014-01-31
667723,England,India,161,304,runs,133,India,2014-08-27
667725,England,India,227,228,wickets,6,India,2014-08-30
667727,England,India,206,212,wickets,9,India,2014-09-02
667729,England,India,294,253,runs,41,England,2014-09-05
667889,England,Sri Lanka,247,144,runs,81,England,2014-05-22
667891,England,Sri Lanka,99,256,runs,157,Sri Lanka,2014-05-25
667893,England,Sri Lanka,73,67,wickets,10,England,2014-05-28
667895,England,Sri Lanka,293,300,runs,7,Sri Lanka,2014-05-31
667897,England,Sri Lanka,219,222,wickets,6,Sri Lanka,2014-06-03
668953,Bangladesh,New Zealand,265,162,runs,43,Bangladesh,2013-10-29
668955,Bangladesh,New Zealand,247,207,runs,40,Bangladesh,2013-10-31
668957,Bangladesh,New Zealand,309,307,wickets,4,Bangladesh,2013-11-03
668963,Sri Lanka,New Zealand,138,203,wickets,4,New Zealand,2013-11-12
668965,Sri Lanka,New Zealand,211,126,runs,36,Sri Lanka,2013-11-16
676529,India,West Indies,212,211,wickets,6,India,2013-11-21
676531,India,West Indies,288,289,wickets,2,West Indies,2013-11-24
676533,India,West Indies,266,263,wickets,5,India,2013-11-27
684679,Scotland,England,133,167,runs,39,England,2014-05-09
685731,South Africa,Pakistan,195,218,runs,23,Pakistan,2013-11-24
685733,South Africa,Pakistan,261,262,runs,1,Pakistan,2013-11-27
685735,South Africa,Pakistan,181,179,wickets,4,South Africa,2013-11-30
690355,Bangladesh,Sri Lanka,167,180,runs,13,Sri Lanka,2014-02-17
690357,Bangladesh,Sri Lanka,228,289,runs,61,Sri Lanka,2014-02-20
690359,Bangladesh,Sri Lanka,240,246,wickets,6,Sri Lanka,2014-02-22
696731,Canada,Scotland,171,341,runs,170,Scotland,2014-01-23
696733,Kenya,Netherlands,266,265,wickets,4,Kenya,2014-01-23
696747,Canada,Netherlands,210,212,wickets,8,Netherlands,2014-01-28
696759,Kenya,Scotland,260,261,wickets,3,Scotland,2014-01-30
702139,West Indies,Ireland,205,202,wickets,4,West Indies,2014-02-23
706767,Ireland,Sri Lanka,140,219,runs,79,Sri Lanka,2014-05-06
710291,Pakistan,Sri Lanka,284,296,runs,12,Sri Lanka,2014-02-25
710293,Bangladesh,India,279,280,wickets,6,India,2014-02-26
710295,Afghanistan,Pakistan,176,248,runs,72,Pakistan,2014-02-27
710297,India,Sri Lanka,264,265,wickets,2,Sri Lanka,2014-02-28
710299,Bangladesh,Afghanistan,222,254,runs,32,Afghanistan,2014-03-01
710301,India,Pakistan,245,249,wickets,1,Pakistan,2014-03-02
710303,Afghanistan,Sri Lanka,124,253,runs,129,Sri Lanka,2014-03-03
710305,Bangladesh,Pakistan,326,329,wickets,3,Pakistan,2014-03-04
710307,Afghanistan,India,159,160,wickets,8,India,2014-03-05
710309,Bangladesh,Sri Lanka,204,208,wickets,3,Sri Lanka,2014-03-06
710311,Pakistan,Sri Lanka,260,261,wickets,5,Sri Lanka,2014-03-08
722339,South Africa,West Indies,279,164,runs,61,South Africa,2015-01-16
722341,South Africa,West Indies,439,291,runs,148,South Africa,2015-01-18
722343,South Africa,West Indies,124,122,wickets,9,South Africa,2015-01-21
722345,South Africa,West Indies,262,266,wickets,1,West Indies,2015-01-25
722347,South Africa,West Indies,361,230,runs,131,South Africa,2015-01-28
727919,Australia,Pakistan,255,162,runs,93,Australia,2014-10-07
727921,Australia,Pakistan,217,215,wickets,5,Australia,2014-10-10
727923,Australia,Pakistan,231,230,runs,1,Australia,2014-10-12
727935,Ireland,Scotland,173,172,wickets,7,Ireland,2014-09-08
727937,Ireland,Scotland,225,221,wickets,3,Ireland,2014-09-10
727939,Ireland,Scotland,241,243,wickets,8,Scotland,2014-09-12
730083,Sri Lanka,South Africa,229,304,runs,75,South Africa,2014-07-06
730085,Sri Lanka,South Africa,267,180,runs,87,Sri Lanka,2014-07-09
730087,Sri Lanka,South Africa,257,339,runs,82,South Africa,2014-07-12
730287,West Indies,Bangladesh,219,217,wickets,3,West Indies,2014-08-20
730289,West Indies,Bangladesh,247,70,runs,177,West Indies,2014-08-22
730291,West Indies,Bangladesh,338,247,runs,91,West Indies,2014-08-25
736437,Zimbabwe,South Africa,216,309,runs,93,South Africa,2014-08-17
736439,Zimbabwe,South Africa,196,257,runs,61,South Africa,2014-08-19
736441,Zimbabwe,South Africa,165,171,wickets,7,South Africa,2014-08-21
736443,Zimbabwe,Australia,152,350,runs,198,Australia,2014-08-25
736445,Australia,South Africa,327,328,wickets,7,South Africa,2014-08-27
736447,Zimbabwe,South Africa,170,231,runs,61,South Africa,2014-08-29
736449,Zimbabwe,Australia,211,209,wickets,3,Zimbabwe,2014-08-31
736451,Australia,South Africa,282,220,runs,62,Australia,2014-09-02
736453,Zimbabwe,South Africa,208,271,runs,63,South Africa,2014-09-04
736455,Australia,South Africa,217,221,wickets,6,South Africa,2014-09-06
736503,Afghanistan,United Arab Emirates,302,232,runs,70,Afghanistan,2014-05-02
736511,Hong Kong,United Arab Emirates,157,158,wickets,2,United Arab Emirates,2014-05-04
742619,New Zealand,Pakistan,246,250,wickets,3,Pakistan,2014-12-08
742621,New Zealand,Pakistan,255,252,wickets,4,New Zealand,2014-12-12
742623,New Zealand,Pakistan,217,364,runs,147,Pakistan,2014-12-14
742625,New Zealand,Pakistan,299,292,runs,7,New Zealand,2014-12-17
742627,New Zealand,Pakistan,275,207,runs,68,New Zealand,2014-12-19
743943,England,New Zealand,408,198,runs,210,England,2015-06-09
743945,England,New Zealand,365,398,runs,13,New Zealand,2015-06-12
743947,England,New Zealand,302,306,wickets,3,New Zealand,2015-06-14
743949,England,New Zealand,350,349,wickets,7,England,2015-06-17
743951,England,New Zealand,192,283,wickets,3,England,2015-06-20
743973,Ireland,Australia,157,222,runs,23,Australia,2015-08-27
743977,England,Australia,246,305,runs,59,Australia,2015-09-03
743979,England,Australia,245,309,runs,64,Australia,2015-09-05
743981,England,Australia,300,207,runs,93,England,2015-09-08
743983,England,Australia,304,299,wickets,3,England,2015-09-11
743985,England,Australia,138,140,wickets,8,Australia,2015-09-13
744679,Bangladesh,India,272,153,wickets,7,India,2014-06-15
744681,Bangladesh,India,58,105,runs,47,India,2014-06-17
745159,Sri Lanka,Pakistan,275,277,wickets,4,Pakistan,2014-08-23
745161,Sri Lanka,Pakistan,310,233,runs,77,Sri Lanka,2014-08-26
745163,Sri Lanka,Pakistan,104,102,wickets,7,Sri Lanka,2014-08-30
749771,New Zealand,South Africa,230,236,wickets,6,South Africa,2014-10-21
749773,New Zealand,South Africa,210,282,runs,72,South Africa,2014-10-24
749781,New Zealand,Sri Lanka,219,218,wickets,3,New Zealand,2015-01-11
749783,New Zealand,Sri Lanka,248,252,wickets,6,Sri Lanka,2015-01-15
749787,New Zealand,Sri Lanka,280,276,wickets,4,New Zealand,2015-01-20
749789,New Zealand,Sri Lanka,360,252,runs,108,New Zealand,2015-01-23
749791,New Zealand,Sri Lanka,315,195,runs,120,New Zealand,2015-01-25
749793,New Zealand,Sri Lanka,253,287,runs,34,Sri Lanka,2015-01-29
749795,New Zealand,Pakistan,213,210,wickets,7,New Zealand,2015-01-31
749797,New Zealand,Pakistan,369,250,runs,119,New Zealand,2015-02-03
750663,Sri Lanka,England,317,292,runs,25,Sri Lanka,2014-11-26
750665,Sri Lanka,England,186,185,wickets,8,Sri Lanka,2014-11-29
750667,Sri Lanka,England,242,236,wickets,5,England,2014-12-03
750669,Sri Lanka,England,267,265,wickets,6,Sri Lanka,2014-12-07
750671,Sri Lanka,England,239,240,wickets,5,England,2014-12-10
750673,Sri Lanka,England,292,202,runs,90,Sri Lanka,2014-12-13
750675,Sri Lanka,England,302,215,runs,87,Sri Lanka,2014-12-16
754723,Australia,South Africa,300,268,runs,32,Australia,2014-11-14
754725,Australia,South Africa,154,157,wickets,3,South Africa,2014-11-16
754727,Australia,South Africa,329,256,runs,73,Australia,2014-11-19
754729,Australia,South Africa,268,267,wickets,3,Australia,2014-11-21
754731,Australia,South Africa,275,280,wickets,2,Australia,2014-11-23
754749,Australia,India,269,267,wickets,4,Australia,2015-01-18
754751,Australia,England,235,234,wickets,3,Australia,2015-01-16
754753,England,India,156,153,wickets,9,England,2015-01-20
754755,Australia,England,304,303,wickets,3,Australia,2015-01-23
754759,England,India,201,200,wickets,3,England,2015-01-30
754761,Australia,England,278,166,runs,112,Australia,2015-02-01
756037,Zimbabwe,Afghanistan,257,256,wickets,8,Zimbabwe,2014-07-20
756039,Zimbabwe,Afghanistan,261,264,wickets,2,Afghanistan,2014-07-22
756041,Zimbabwe,Afghanistan,159,259,runs,100,Afghanistan,2014-07-24
760787,Bangladesh,Zimbabwe,281,194,runs,87,Bangladesh,2014-11-21
760789,Bangladesh,Zimbabwe,251,183,runs,68,Bangladesh,2014-11-23
760791,Bangladesh,Zimbabwe,297,173,runs,124,Bangladesh,2014-11-26
760793,Bangladesh,Zimbabwe,256,235,runs,21,Bangladesh,2014-11-28
760795,Bangladesh,Zimbabwe,130,128,wickets,5,Bangladesh,2014-12-01
770121,India,West Indies,197,321,runs,124,West Indies,2014-10-08
770123,India,West Indies,263,215,runs,48,India,2014-10-11
770127,India,West Indies,330,271,runs,59,India,2014-10-17
792289,India,Sri Lanka,363,194,runs,169,India,2014-11-02
792291,India,Sri Lanka,275,274,wickets,6,India,2014-11-06
792293,India,Sri Lanka,245,242,wickets,6,India,2014-11-09
792295,India,Sri Lanka,404,251,runs,153,India,2014-11-13
792297,India,Sri Lanka,288,286,wickets,3,India,2014-11-16
800469,South Africa,England,250,399,runs,39,England,2016-02-03
800471,South Africa,England,262,263,wickets,5,England,2016-02-06
800473,South Africa,England,319,318,wickets,7,South Africa,2016-02-09
800475,South Africa,England,266,262,wickets,1,South Africa,2016-02-12
800477,South Africa,England,237,236,wickets,5,South Africa,2016-02-14
803795,United Arab Emirates,Afghanistan,249,248,wickets,5,United Arab Emirates,2014-11-28
803797,United Arab Emirates,Afghanistan,282,280,wickets,6,United Arab Emirates,2014-11-30
810829,Ireland,Scotland,220,216,wickets,3,Ireland,2015-01-12
810833,Afghanistan,Ireland,246,175,runs,71,Afghanistan,2015-01-17
812623,Afghanistan,Scotland,240,237,wickets,8,Afghanistan,2015-01-08
812645,Afghanistan,Scotland,63,213,runs,150,Scotland,2015-01-14
817207,Bangladesh,South Africa,160,164,wickets,8,South Africa,2015-07-10
817209,Bangladesh,South Africa,167,162,wickets,7,Bangladesh,2015-07-12
817211,Bangladesh,South Africa,170,168,wickets,9,Bangladesh,2015-07-15
848843,South Africa,New Zealand,304,284,runs,20,South Africa,2015-08-19
848845,South Africa,New Zealand,204,207,wickets,8,New Zealand,2015-08-23
848847,South Africa,New Zealand,283,221,runs,62,South Africa,2015-08-26
858485,Bangladesh,Pakistan,329,250,runs,79,Bangladesh,2015-04-17
858487,Bangladesh,Pakistan,240,239,wickets,7,Bangladesh,2015-04-19
858489,Bangladesh,Pakistan,251,250,wickets,8,Bangladesh,2015-04-22
860269,Sri Lanka,Pakistan,255,259,wickets,6,Pakistan,2015-07-11
860271,Sri Lanka,Pakistan,288,287,wickets,2,Sri Lanka,2015-07-15
860273,Sri Lanka,Pakistan,181,316,runs,135,Pakistan,2015-07-19
860275,Sri Lanka,Pakistan,256,257,wickets,7,Pakistan,2015-07-22
860277,Sri Lanka,Pakistan,368,203,runs,165,Sri Lanka,2015-07-26
868727,Pakistan,Zimbabwe,375,334,runs,41,Pakistan,2015-05-26
868729,Pakistan,Zimbabwe,269,268,wickets,6,Pakistan,2015-05-29
870731,Bangladesh,India,307,228,runs,79,Bangladesh,2015-06-18
870733,Bangladesh,India,200,200,wickets,6,Bangladesh,2015-06-21
870735,Bangladesh,India,240,317,runs,77,India,2015-06-24
885959,Zimbabwe,India,251,255,runs,4,India,2015-07-10
885965,Zimbabwe,India,209,271,runs,62,India,2015-07-12
885967,Zimbabwe,India,193,276,runs,83,India,2015-07-14
894287,Zimbabwe,New Zealand,304,303,wickets,7,Zimbabwe,2015-08-02
894289,Zimbabwe,New Zealand,235,236,wickets,10,New Zealand,2015-08-04
894291,Zimbabwe,New Zealand,235,273,runs,38,New Zealand,2015-08-07
895807,Australia,India,310,309,wickets,5,Australia,2016-01-12
895809,Australia,India,309,308,wickets,7,Australia,2016-01-15
895811,Australia,India,296,295,wickets,3,Australia,2016-01-17
895813,Australia,India,348,323,runs,25,Australia,2016-01-20
895815,Australia,India,330,331,wickets,6,India,2016-01-23
902641,England,Pakistan,216,217,wickets,6,Pakistan,2015-11-11
902643,England,Pakistan,283,188,runs,95,England,2015-11-13
902645,England,Pakistan,210,208,wickets,6,England,2015-11-17
902647,England,Pakistan,355,271,runs,84,England,2015-11-20
903593,India,South Africa,298,303,runs,5,South Africa,2015-10-11
903595,India,South Africa,247,225,runs,22,India,2015-10-14
903597,India,South Africa,252,270,runs,18,South Africa,2015-10-18
903599,India,South Africa,299,264,runs,35,India,2015-10-22
903601,India,South Africa,224,438,runs,214,South Africa,2015-10-25
911049,United Arab Emirates,Hong Kong,209,298,runs,89,Hong Kong,2015-11-16
913621,Ireland,Sri Lanka,241,377,runs,136,Sri Lanka,2016-06-18
913625,England,Sri Lanka,256,254,wickets,10,England,2016-06-24
913629,England,Sri Lanka,309,305,wickets,6,England,2016-06-29
913631,England,Sri Lanka,324,202,runs,122,England,2016-07-02
913649,Ireland,Pakistan,82,337,runs,255,Pakistan,2016-08-18
913653,England,Pakistan,194,260,runs,44,England,2016-08-24
913655,England,Pakistan,255,251,wickets,4,England,2016-08-27
913657,England,Pakistan,444,275,runs,169,England,2016-08-30
913659,England,Pakistan,252,247,wickets,4,England,2016-09-01
913661,England,Pakistan,302,304,wickets,4,Pakistan,2016-09-04
914207,New Zealand,Sri Lanka,191,188,wickets,7,New Zealand,2015-12-26
914209,New Zealand,Sri Lanka,118,117,wickets,10,New Zealand,2015-12-28
914211,New Zealand,Sri Lanka,276,277,wickets,8,Sri Lanka,2015-12-31
914215,New Zealand,Sri Lanka,294,258,runs,36,New Zealand,2016-01-05
914227,New Zealand,Pakistan,280,210,runs,70,New Zealand,2016-01-25
914231,New Zealand,Australia,307,148,runs,159,New Zealand,2016-02-03
914233,New Zealand,Australia,281,283,wickets,4,Australia,2016-02-06
914235,New Zealand,Australia,246,191,runs,55,New Zealand,2016-02-08
914265,New Zealand,Pakistan,265,290,wickets,3,New Zealand,2016-01-31
915777,Sri Lanka,West Indies,164,159,wickets,1,Sri Lanka,2015-11-01
915779,Sri Lanka,West Indies,225,214,wickets,8,Sri Lanka,2015-11-04
915781,Sri Lanka,West Indies,180,206,runs,19,Sri Lanka,2015-11-07
919607,Zimbabwe,Pakistan,128,259,runs,131,Pakistan,2015-10-01
919609,Zimbabwe,Pakistan,276,256,runs,5,Zimbabwe,2015-10-03
919611,Zimbabwe,Pakistan,161,162,wickets,7,Pakistan,2015-10-05
919613,Zimbabwe,Ireland,222,219,wickets,2,Zimbabwe,2015-10-09
919615,Zimbabwe,Ireland,270,268,wickets,5,Zimbabwe,2015-10-11
919617,Zimbabwe,Ireland,187,189,wickets,2,Ireland,2015-10-13
924627,Zimbabwe,Afghanistan,126,122,wickets,8,Zimbabwe,2015-10-16
924629,Zimbabwe,Afghanistan,213,271,runs,58,Afghanistan,2015-10-18
924633,Zimbabwe,Afghanistan,184,185,wickets,3,Afghanistan,2015-10-22
931390,Bangladesh,Zimbabwe,273,128,runs,145,Bangladesh,2015-11-07
931392,Bangladesh,Zimbabwe,241,183,runs,58,Bangladesh,2015-11-09
931394,Bangladesh,Zimbabwe,276,215,runs,61,Bangladesh,2015-11-11
932849,West Indies,South Africa,191,188,wickets,4,West Indies,2016-06-03
932851,West Indies,Australia,116,117,wickets,6,Australia,2016-06-05
932853,Australia,South Africa,142,189,runs,47,South Africa,2016-06-07
932855,Australia,South Africa,288,252,runs,36,Australia,2016-06-11
932857,West Indies,Australia,266,265,wickets,4,West Indies,2016-06-13
932859,West Indies,South Africa,204,343,runs,139,South Africa,2016-06-15
932863,West Indies,Australia,282,283,wickets,6,Australia,2016-06-21
932865,West Indies,South Africa,285,185,runs,100,West Indies,2016-06-24
932867,West Indies,Australia,212,270,runs,58,Australia,2016-06-26
936131,South Africa,Ireland,354,148,runs,206,South Africa,2016-09-25
936133,Australia,Ireland,199,198,wickets,9,Australia,2016-09-27
936135,South Africa,Australia,295,294,wickets,6,South Africa,2016-09-30
936137,South Africa,Australia,361,219,runs,142,South Africa,2016-10-02
936139,South Africa,Australia,372,371,wickets,4,South Africa,2016-10-05
936141,South Africa,Australia,168,167,wickets,6,South Africa,2016-10-09
936143,South Africa,Australia,327,296,runs,31,South Africa,2016-10-12
936159,South Africa,Sri Lanka,185,181,wickets,8,South Africa,2017-01-28
936161,South Africa,Sri Lanka,307,186,runs,121,South Africa,2017-02-01
936163,South Africa,Sri Lanka,164,163,wickets,7,South Africa,2017-02-04
936165,South Africa,Sri Lanka,367,327,runs,40,South Africa,2017-02-07
936167,South Africa,Sri Lanka,384,296,runs,88,South Africa,2017-02-10
953335,Afghanistan,Zimbabwe,131,82,runs,49,Afghanistan,2015-12-25
953337,Afghanistan,Zimbabwe,254,253,wickets,4,Afghanistan,2015-12-29
953339,Afghanistan,Zimbabwe,58,175,runs,117,Zimbabwe,2016-01-02
953341,Afghanistan,Zimbabwe,161,226,runs,65,Zimbabwe,2016-01-04
953343,Afghanistan,Zimbabwe,254,248,wickets,2,Afghanistan,2016-01-06
995457,Sri Lanka,Australia,227,228,wickets,3,Australia,2016-08-21
995459,Sri Lanka,Australia,288,206,runs,82,Sri Lanka,2016-08-24
995461,Sri Lanka,Australia,226,227,wickets,2,Australia,2016-08-28
995463,Sri Lanka,Australia,212,217,wickets,6,Australia,2016-08-31
995465,Sri Lanka,Australia,195,199,wickets,5,Australia,2016-09-01
997961,Ireland,Afghanistan,211,250,runs,39,Afghanistan,2016-07-12
997965,Ireland,Afghanistan,150,229,runs,79,Afghanistan,2016-07-17
997967,Ireland,Afghanistan,265,253,runs,12,Ireland,2016-07-19
997993,Scotland,United Arab Emirates,327,229,runs,98,Scotland,2016-08-14
997995,Scotland,United Arab Emirates,229,228,wickets,7,Scotland,2016-08-16
