SPD Smith,0,2017,Australia,Pakistan
DA Warner,7,2017,Australia,Pakistan
SPD Smith,60,2017,Australia,Pakistan
DA Warner,16,2017,Australia,Pakistan
SPD Smith,108,2017,Australia,Pakistan
DA Warner,35,2017,Australia,Pakistan
SPD Smith,49,2017,Australia,Pakistan
DA Warner,130,2017,Australia,Pakistan
SPD Smith,4,2017,Australia,Pakistan
DA Warner,179,2017,Australia,Pakistan
SPD Smith,164,2016,Australia,New Zealand
GJ Bailey,17,2016,Australia,New Zealand
AJ Finch,0,2016,Australia,New Zealand
DA Warner,24,2016,Australia,New Zealand
SPD Smith,72,2016,Australia,New Zealand
GJ Bailey,0,2016,Australia,New Zealand
AJ Finch,19,2016,Australia,New Zealand
DA Warner,119,2016,Australia,New Zealand
SPD Smith,0,2016,Australia,New Zealand
GJ Bailey,23,2016,Australia,New Zealand
AJ Finch,3,2016,Australia,New Zealand
DA Warner,156,2016,Australia,New Zealand
AJ Finch,4,2017,Australia,New Zealand
AJ Finch,56,2017,Australia,New Zealand
MEK Hussey,73,2006,Australia,South Africa
MJ Clarke,8,2006,Australia,South Africa
RT Ponting,33,2006,Australia,South Africa
BJ Haddin,1,2006,Australia,South Africa
MJ Clarke,34,2006,Australia,South Africa
RT Ponting,9,2006,Australia,South Africa
MEK Hussey,18,2006,Australia,South Africa
MEK Hussey,62,2006,Australia,South Africa
MJ Clarke,1,2006,Australia,South Africa
RT Ponting,53,2006,Australia,South Africa
MEK Hussey,47,2006,Australia,South Africa
MJ Clarke,27,2006,Australia,South Africa
RT Ponting,72,2006,Australia,South Africa
MJ Clarke,67,2006,Australia,Sri Lanka
MEK Hussey,0,2006,Australia,Sri Lanka
RT Ponting,13,2006,Australia,Sri Lanka
BJ Haddin,41,2006,Australia,Sri Lanka
MJ Clarke,16,2006,Australia,Sri Lanka
MEK Hussey,25,2006,Australia,Sri Lanka
MJ Clarke,9,2006,Australia,Sri Lanka
MEK Hussey,16,2006,Australia,Sri Lanka
MJ Clarke,80,2006,Australia,Sri Lanka
MEK Hussey,23,2006,Australia,Sri Lanka
MJ Clarke,54,2006,Australia,Sri Lanka
RT Ponting,124,2006,Australia,Sri Lanka
RT Ponting,28,2006,Australia,Sri Lanka
MEK Hussey,36,2006,Australia,Bangladesh
RT Ponting,14,2006,Australia,Bangladesh
MJ Clarke,16,2006,Australia,Bangladesh
RT Ponting,5,2006,Australia,Bangladesh
MEK Hussey,18,2006,Australia,Bangladesh
MJ Clarke,54,2006,Australia,Bangladesh
SR Watson,22,2006,Australia,South Africa
MEK Hussey,56,2006,Australia,South Africa
MJ Clarke,53,2006,Australia,South Africa
SR Watson,27,2006,Australia,South Africa
MJ Clarke,1,2006,Australia,South Africa
MEK Hussey,22,2006,Australia,South Africa
SR Watson,4,2006,Australia,South Africa
MEK Hussey,22,2006,Australia,South Africa
MJ Clarke,25,2006,Australia,South Africa
RT Ponting,62,2006,Australia,South Africa
MJ Clarke,7,2006,Australia,South Africa
RT Ponting,7,2006,Australia,South Africa
MEK Hussey,19,2006,Australia,South Africa
MEK Hussey,81,2006,Australia,South Africa
RT Ponting,164,2006,Australia,South Africa
SR Watson,18,2007,Australia,Scotland
MEK Hussey,4,2007,Australia,Scotland
MJ Clarke,15,2007,Australia,Scotland
RT Ponting,113,2007,Australia,Scotland
SR Watson,12,2007,Australia,Netherlands
MEK Hussey,2,2007,Australia,Netherlands
MJ Clarke,93,2007,Australia,Netherlands
RT Ponting,23,2007,Australia,Netherlands
SR Watson,14,2007,Australia,South Africa
MEK Hussey,5,2007,Australia,South Africa
MJ Clarke,92,2007,Australia,South Africa
RT Ponting,91,2007,Australia,South Africa
SR Watson,33,2007,Australia,West Indies
MEK Hussey,9,2007,Australia,West Indies
MJ Clarke,41,2007,Australia,West Indies
RT Ponting,35,2007,Australia,West Indies
RT Ponting,86,2007,Australia,England
MJ Clarke,55,2007,Australia,England
MEK Hussey,30,2007,Australia,Ireland
MJ Clarke,23,2007,Australia,Sri Lanka
RT Ponting,66,2007,Australia,Sri Lanka
SR Watson,65,2007,Australia,New Zealand
MEK Hussey,37,2007,Australia,New Zealand
MJ Clarke,49,2007,Australia,New Zealand
RT Ponting,66,2007,Australia,New Zealand
MJ Clarke,60,2007,Australia,South Africa
RT Ponting,22,2007,Australia,South Africa
SR Watson,3,2007,Australia,Sri Lanka
MJ Clarke,8,2007,Australia,Sri Lanka
RT Ponting,37,2007,Australia,Sri Lanka
MJ Clarke,33,2007,Australia,New Zealand
MG Johnson,2,2007,Australia,New Zealand
MEK Hussey,20,2007,Australia,New Zealand
RT Ponting,10,2007,Australia,New Zealand
MJ Clarke,75,2007,Australia,New Zealand
MEK Hussey,65,2007,Australia,New Zealand
RT Ponting,5,2007,Australia,New Zealand
MEK Hussey,29,2007,Australia,New Zealand
MJ Clarke,7,2007,Australia,New Zealand
RT Ponting,111,2007,Australia,New Zealand
MJ Clarke,9,2007,Australia,New Zealand
MEK Hussey,8,2007,Australia,New Zealand
RT Ponting,104,2007,Australia,New Zealand
MJ Clarke,57,2007,Australia,England
RT Ponting,82,2007,Australia,England
MEK Hussey,46,2007,Australia,England
MJ Clarke,36,2007,Australia,England
RT Ponting,51,2007,Australia,England
MJ Clarke,18,2007,Australia,England
MEK Hussey,6,2007,Australia,England
SR Watson,9,2007,Australia,England
MEK Hussey,17,2007,Australia,England
MJ Clarke,33,2007,Australia,England
RT Ponting,75,2007,Australia,England
MJ Clarke,0,2007,Australia,England
SR Watson,37,2007,Australia,England
MEK Hussey,0,2007,Australia,England
RT Ponting,7,2007,Australia,England
MJ Clarke,47,2006,Australia,West Indies
SR Watson,0,2006,Australia,West Indies
MEK Hussey,13,2006,Australia,West Indies
RT Ponting,1,2006,Australia,West Indies
SR Watson,21,2006,Australia,England
MEK Hussey,32,2006,Australia,England
RT Ponting,1,2006,Australia,England
MJ Clarke,2,2006,Australia,India
SR Watson,50,2006,Australia,India
RT Ponting,58,2006,Australia,India
MG Johnson,3,2006,Australia,New Zealand
SR Watson,0,2006,Australia,New Zealand
MEK Hussey,35,2006,Australia,New Zealand
MJ Clarke,14,2006,Australia,New Zealand
RT Ponting,58,2006,Australia,New Zealand
SR Watson,57,2006,Australia,West Indies
RT Ponting,0,2006,Australia,West Indies
BJ Haddin,6,2007,Australia,New Zealand
SR Watson,8,2007,Australia,New Zealand
MEK Hussey,42,2007,Australia,New Zealand
MG Johnson,8,2007,Australia,New Zealand
BJ Haddin,49,2007,Australia,New Zealand
MEK Hussey,105,2007,Australia,New Zealand
BJ Haddin,38,2007,Australia,New Zealand
SR Watson,68,2007,Australia,New Zealand
MEK Hussey,13,2007,Australia,New Zealand
BJ Haddin,70,2006,Australia,West Indies
SR Watson,0,2006,Australia,West Indies
MEK Hussey,109,2006,Australia,West Indies
MJ Clarke,1,2006,Australia,West Indies
BJ Haddin,46,2006,Australia,India
RT Ponting,4,2006,Australia,India
MEK Hussey,13,2006,Australia,India
BJ Haddin,17,2006,Australia,West Indies
SR Watson,18,2006,Australia,West Indies
MEK Hussey,30,2006,Australia,West Indies
MJ Clarke,23,2006,Australia,West Indies
RT Ponting,6,2006,Australia,West Indies
RT Ponting,107,2007,Australia,New Zealand
MJ Clarke,48,2007,Australia,New Zealand
MJ Clarke,7,2007,Australia,New Zealand
BJ Haddin,26,2007,Australia,New Zealand
MEK Hussey,9,2007,Australia,New Zealand
RT Ponting,134,2007,Australia,New Zealand
MEK Hussey,10,2008,Australia,Sri Lanka
MJ Clarke,77,2008,Australia,Sri Lanka
RT Ponting,9,2008,Australia,Sri Lanka
BJ Haddin,5,2008,Australia,India
MG Johnson,3,2008,Australia,India
MEK Hussey,65,2008,Australia,India
MJ Clarke,11,2008,Australia,India
RT Ponting,9,2008,Australia,India
MG Johnson,0,2008,Australia,Sri Lanka
MEK Hussey,25,2008,Australia,Sri Lanka
MJ Clarke,43,2008,Australia,Sri Lanka
RT Ponting,25,2008,Australia,Sri Lanka
RT Ponting,10,2008,Australia,India
MJ Clarke,79,2008,Australia,India
MG Johnson,9,2008,Australia,India
MEK Hussey,5,2008,Australia,India
MG Johnson,6,2008,Australia,Sri Lanka
MEK Hussey,64,2008,Australia,Sri Lanka
MJ Clarke,50,2008,Australia,Sri Lanka
RT Ponting,11,2008,Australia,Sri Lanka
MJ Clarke,31,2008,Australia,India
MEK Hussey,15,2008,Australia,India
RT Ponting,124,2008,Australia,India
BJ Haddin,7,2008,Australia,Sri Lanka
MJ Clarke,0,2008,Australia,Sri Lanka
RT Ponting,1,2008,Australia,Sri Lanka
MG Johnson,3,2008,Australia,Sri Lanka
MEK Hussey,5,2008,Australia,Sri Lanka
MG Johnson,6,2008,Australia,India
MEK Hussey,45,2008,Australia,India
MJ Clarke,4,2008,Australia,India
RT Ponting,1,2008,Australia,India
MJ Clarke,17,2008,Australia,India
MG Johnson,8,2008,Australia,India
MEK Hussey,44,2008,Australia,India
RT Ponting,1,2008,Australia,India
BJ Haddin,87,2007,Australia,India
MJ Clarke,27,2007,Australia,India
MJ Clarke,59,2007,Australia,India
RT Ponting,25,2007,Australia,India
MJ Clarke,6,2007,Australia,India
RT Ponting,29,2007,Australia,India
RT Ponting,39,2007,Australia,India
MJ Clarke,0,2007,Australia,India
BJ Haddin,25,2007,Australia,India
MG Johnson,1,2007,Australia,India
RT Ponting,49,2007,Australia,India
BJ Haddin,19,2007,Australia,India
MG Johnson,24,2007,Australia,India
MJ Clarke,0,2007,Australia,India
RT Ponting,57,2007,Australia,India
BJ Haddin,50,2008,Australia,West Indies
MG Johnson,3,2008,Australia,West Indies
SR Watson,31,2008,Australia,West Indies
MEK Hussey,44,2008,Australia,West Indies
MJ Clarke,9,2008,Australia,West Indies
RT Ponting,5,2008,Australia,West Indies
SR Watson,0,2008,Australia,West Indies
MEK Hussey,62,2008,Australia,West Indies
MJ Clarke,56,2008,Australia,West Indies
RT Ponting,13,2008,Australia,West Indies
SR Watson,126,2008,Australia,West Indies
MJ Clarke,11,2008,Australia,West Indies
RT Ponting,69,2008,Australia,West Indies
SR Watson,20,2008,Australia,West Indies
MEK Hussey,37,2008,Australia,West Indies
MJ Clarke,36,2008,Australia,West Indies
MG Johnson,0,2008,Australia,West Indies
SR Watson,29,2008,Australia,West Indies
MEK Hussey,51,2008,Australia,West Indies
MJ Clarke,5,2008,Australia,West Indies
BJ Haddin,3,2008,Australia,Bangladesh
MG Johnson,0,2008,Australia,Bangladesh
MEK Hussey,85,2008,Australia,Bangladesh
MJ Clarke,14,2008,Australia,Bangladesh
MJ Clarke,1,2008,Australia,Bangladesh
SR Watson,29,2008,Australia,Bangladesh
MEK Hussey,8,2008,Australia,Bangladesh
BJ Haddin,16,2008,Australia,Bangladesh
SR Watson,27,2008,Australia,Bangladesh
MEK Hussey,57,2008,Australia,Bangladesh
MJ Clarke,25,2008,Australia,Bangladesh
SR Watson,46,2009,Australia,England
MEK Hussey,20,2009,Australia,England
MJ Clarke,45,2009,Australia,England
MG Johnson,43,2009,Australia,England
SR Watson,34,2009,Australia,England
MEK Hussey,8,2009,Australia,England
MJ Clarke,4,2009,Australia,England
SR Watson,7,2009,Australia,England
MEK Hussey,8,2009,Australia,England
MJ Clarke,52,2009,Australia,England
MJ Clarke,62,2009,Australia,England
RT Ponting,48,2009,Australia,England
SR Watson,26,2009,Australia,England
MJ Clarke,52,2009,Australia,England
RT Ponting,126,2009,Australia,England
MG Johnson,18,2009,Australia,England
SR Watson,36,2009,Australia,England
MEK Hussey,6,2009,Australia,England
RT Ponting,6,2009,Australia,England
SR Watson,4,2009,Australia,England
MEK Hussey,65,2009,Australia,England
MG Johnson,10,2009,Australia,England
SR Watson,0,2009,Australia,England
MEK Hussey,49,2009,Australia,England
MJ Clarke,38,2009,Australia,England
RT Ponting,53,2009,Australia,England
BJ Haddin,53,2009,Australia,South Africa
MEK Hussey,83,2009,Australia,South Africa
MJ Clarke,1,2009,Australia,South Africa
RT Ponting,37,2009,Australia,South Africa
MG Johnson,1,2009,Australia,South Africa
BJ Haddin,1,2009,Australia,South Africa
MG Johnson,30,2009,Australia,South Africa
MEK Hussey,3,2009,Australia,South Africa
MJ Clarke,5,2009,Australia,South Africa
RT Ponting,8,2009,Australia,South Africa
BJ Haddin,15,2009,Australia,South Africa
MEK Hussey,1,2009,Australia,South Africa
MJ Clarke,35,2009,Australia,South Africa
RT Ponting,20,2009,Australia,South Africa
MG Johnson,9,2009,Australia,South Africa
BJ Haddin,78,2009,Australia,South Africa
MEK Hussey,2,2009,Australia,South Africa
MJ Clarke,50,2009,Australia,South Africa
RT Ponting,53,2009,Australia,South Africa
MG Johnson,5,2009,Australia,South Africa
BJ Haddin,62,2009,Australia,South Africa
MEK Hussey,49,2009,Australia,South Africa
MJ Clarke,66,2009,Australia,South Africa
RT Ponting,40,2009,Australia,South Africa
MG Johnson,2,2009,Australia,South Africa
BJ Haddin,19,2009,Australia,South Africa
MEK Hussey,6,2009,Australia,South Africa
MJ Clarke,19,2009,Australia,South Africa
RT Ponting,46,2009,Australia,South Africa
BJ Haddin,23,2009,Australia,South Africa
DA Warner,5,2009,Australia,South Africa
MEK Hussey,28,2009,Australia,South Africa
RT Ponting,64,2009,Australia,South Africa
BJ Haddin,6,2009,Australia,South Africa
MG Johnson,10,2009,Australia,South Africa
DA Warner,69,2009,Australia,South Africa
MEK Hussey,12,2009,Australia,South Africa
RT Ponting,29,2009,Australia,South Africa
BJ Haddin,3,2009,Australia,South Africa
MG Johnson,0,2009,Australia,South Africa
DA Warner,1,2009,Australia,South Africa
MEK Hussey,28,2009,Australia,South Africa
RT Ponting,63,2009,Australia,South Africa
MJ Clarke,0,2009,Australia,South Africa
BJ Haddin,63,2009,Australia,South Africa
MG Johnson,5,2009,Australia,South Africa
DA Warner,22,2009,Australia,South Africa
MEK Hussey,78,2009,Australia,South Africa
RT Ponting,12,2009,Australia,South Africa
BJ Haddin,31,2009,Australia,New Zealand
MG Johnson,20,2009,Australia,New Zealand
DA Warner,7,2009,Australia,New Zealand
MEK Hussey,49,2009,Australia,New Zealand
MJ Clarke,12,2009,Australia,New Zealand
RT Ponting,5,2009,Australia,New Zealand
MJ Clarke,98,2009,Australia,New Zealand
BJ Haddin,12,2009,Australia,New Zealand
DA Warner,2,2009,Australia,New Zealand
MEK Hussey,75,2009,Australia,New Zealand
BJ Haddin,109,2009,Australia,New Zealand
MEK Hussey,51,2009,Australia,New Zealand
MJ Clarke,64,2009,Australia,New Zealand
RT Ponting,16,2009,Australia,New Zealand
MG Johnson,1,2009,Australia,New Zealand
MJ Clarke,14,2009,Australia,New Zealand
BJ Haddin,43,2009,Australia,New Zealand
MEK Hussey,75,2009,Australia,New Zealand
RT Ponting,15,2009,Australia,New Zealand
BJ Haddin,40,2009,Australia,Pakistan
SR Watson,40,2009,Australia,Pakistan
MJ Clarke,4,2009,Australia,Pakistan
MJ Clarke,39,2009,Australia,Pakistan
SR Watson,30,2009,Australia,Pakistan
BJ Haddin,8,2009,Australia,Pakistan
BJ Haddin,26,2009,Australia,Pakistan
SR Watson,0,2009,Australia,Pakistan
MJ Clarke,66,2009,Australia,Pakistan
BJ Haddin,0,2009,Australia,Pakistan
SR Watson,85,2009,Australia,Pakistan
MJ Clarke,100,2009,Australia,Pakistan
BJ Haddin,36,2009,Australia,Pakistan
SR Watson,116,2009,Australia,Pakistan
MJ Clarke,26,2009,Australia,Pakistan
BJ Haddin,8,2010,Australia,West Indies
SR Watson,59,2010,Australia,West Indies
MEK Hussey,28,2010,Australia,West Indies
MJ Clarke,18,2010,Australia,West Indies
RT Ponting,49,2010,Australia,West Indies
MG Johnson,21,2010,Australia,West Indies
SR Watson,53,2010,Australia,West Indies
MJ Clarke,27,2010,Australia,West Indies
RT Ponting,57,2010,Australia,West Indies
RT Ponting,106,2010,Australia,West Indies
SR Watson,26,2010,Australia,West Indies
MEK Hussey,23,2010,Australia,West Indies
MG Johnson,7,2010,Australia,West Indies
MJ Clarke,47,2010,Australia,West Indies
BJ Haddin,32,2010,Australia,West Indies
SR Watson,51,2010,Australia,West Indies
RT Ponting,61,2010,Australia,West Indies
BJ Haddin,7,2010,Australia,Pakistan
MEK Hussey,35,2010,Australia,Pakistan
SR Watson,5,2010,Australia,Pakistan
MJ Clarke,58,2010,Australia,Pakistan
RT Ponting,27,2010,Australia,Pakistan
BJ Haddin,27,2010,Australia,Pakistan
SR Watson,69,2010,Australia,Pakistan
MEK Hussey,29,2010,Australia,Pakistan
MJ Clarke,25,2010,Australia,Pakistan
RT Ponting,13,2010,Australia,Pakistan
BJ Haddin,1,2010,Australia,Pakistan
SR Watson,33,2010,Australia,Pakistan
MEK Hussey,49,2010,Australia,Pakistan
MJ Clarke,80,2010,Australia,Pakistan
RT Ponting,0,2010,Australia,Pakistan
BJ Haddin,32,2010,Australia,Pakistan
MEK Hussey,67,2010,Australia,Pakistan
MJ Clarke,10,2010,Australia,Pakistan
RT Ponting,30,2010,Australia,Pakistan
MEK Hussey,40,2010,Australia,Pakistan
MG Johnson,13,2010,Australia,Pakistan
RT Ponting,55,2010,Australia,Pakistan
BJ Haddin,7,2010,Australia,Pakistan
MG Johnson,73,2009,Australia,West Indies
SR Watson,0,2009,Australia,West Indies
MEK Hussey,6,2009,Australia,West Indies
RT Ponting,79,2009,Australia,West Indies
MG Johnson,9,2009,Australia,Pakistan
MEK Hussey,64,2009,Australia,Pakistan
SR Watson,24,2009,Australia,Pakistan
RT Ponting,32,2009,Australia,Pakistan
RT Ponting,111,2009,Australia,England
SR Watson,136,2009,Australia,England
RT Ponting,1,2009,Australia,New Zealand
SR Watson,105,2009,Australia,New Zealand
MEK Hussey,11,2009,Australia,New Zealand
RT Ponting,74,2009,Australia,India
MG Johnson,14,2009,Australia,India
SR Watson,5,2009,Australia,India
MEK Hussey,73,2009,Australia,India
MG Johnson,21,2009,Australia,India
SR Watson,19,2009,Australia,India
RT Ponting,12,2009,Australia,India
MEK Hussey,53,2009,Australia,India
MG Johnson,9,2009,Australia,India
SR Watson,41,2009,Australia,India
MEK Hussey,81,2009,Australia,India
RT Ponting,59,2009,Australia,India
RT Ponting,52,2009,Australia,India
MG Johnson,8,2009,Australia,India
SR Watson,49,2009,Australia,India
MEK Hussey,40,2009,Australia,India
SR Watson,93,2009,Australia,India
MEK Hussey,31,2009,Australia,India
RT Ponting,45,2009,Australia,India
SR Watson,49,2009,Australia,India
MEK Hussey,35,2009,Australia,India
RT Ponting,25,2009,Australia,India
MJ Clarke,22,2010,Australia,New Zealand
BJ Haddin,12,2010,Australia,New Zealand
MG Johnson,21,2010,Australia,New Zealand
SR Watson,45,2010,Australia,New Zealand
MEK Hussey,59,2010,Australia,New Zealand
RT Ponting,44,2010,Australia,New Zealand
MJ Clarke,11,2010,Australia,New Zealand
BJ Haddin,53,2010,Australia,New Zealand
SR Watson,47,2010,Australia,New Zealand
MEK Hussey,56,2010,Australia,New Zealand
RT Ponting,1,2010,Australia,New Zealand
MG Johnson,16,2010,Australia,New Zealand
BJ Haddin,110,2010,Australia,New Zealand
SR Watson,15,2010,Australia,New Zealand
MEK Hussey,9,2010,Australia,New Zealand
RT Ponting,69,2010,Australia,New Zealand
BJ Haddin,0,2010,Australia,New Zealand
SR Watson,32,2010,Australia,New Zealand
MEK Hussey,28,2010,Australia,New Zealand
RT Ponting,50,2010,Australia,New Zealand
BJ Haddin,17,2010,Australia,New Zealand
SR Watson,53,2010,Australia,New Zealand
MEK Hussey,46,2010,Australia,New Zealand
RT Ponting,0,2010,Australia,New Zealand
MG Johnson,6,2010,Australia,New Zealand
RT Ponting,33,2010,Australia,Ireland
SR Watson,13,2010,Australia,Ireland
MEK Hussey,8,2010,Australia,Ireland
MJ Clarke,0,2010,Australia,Ireland
RT Ponting,21,2010,Australia,England
SR Watson,32,2010,Australia,England
MEK Hussey,28,2010,Australia,England
MJ Clarke,87,2010,Australia,England
RT Ponting,13,2010,Australia,England
SPD Smith,41,2010,Australia,England
SR Watson,57,2010,Australia,England
MEK Hussey,14,2010,Australia,England
MJ Clarke,1,2010,Australia,England
RT Ponting,3,2010,Australia,England
SPD Smith,20,2010,Australia,England
SR Watson,61,2010,Australia,England
MEK Hussey,21,2010,Australia,England
MJ Clarke,33,2010,Australia,England
RT Ponting,92,2010,Australia,England
SPD Smith,18,2010,Australia,England
SR Watson,41,2010,Australia,England
MEK Hussey,1,2010,Australia,England
MJ Clarke,99,2010,Australia,England
RT Ponting,15,2010,Australia,England
SPD Smith,15,2010,Australia,England
SR Watson,14,2010,Australia,England
MEK Hussey,79,2010,Australia,England
BJ Haddin,29,2011,Australia,Zimbabwe
MG Johnson,7,2011,Australia,Zimbabwe
SPD Smith,11,2011,Australia,Zimbabwe
SR Watson,79,2011,Australia,Zimbabwe
MJ Clarke,58,2011,Australia,Zimbabwe
RT Ponting,28,2011,Australia,Zimbabwe
MJ Clarke,24,2011,Australia,New Zealand
BJ Haddin,55,2011,Australia,New Zealand
SR Watson,62,2011,Australia,New Zealand
RT Ponting,12,2011,Australia,New Zealand
BJ Haddin,65,2011,Australia,Kenya
MG Johnson,12,2011,Australia,Kenya
SPD Smith,17,2011,Australia,Kenya
SR Watson,21,2011,Australia,Kenya
MEK Hussey,54,2011,Australia,Kenya
MJ Clarke,93,2011,Australia,Kenya
RT Ponting,36,2011,Australia,Kenya
BJ Haddin,88,2011,Australia,Canada
RT Ponting,7,2011,Australia,Canada
SR Watson,94,2011,Australia,Canada
MJ Clarke,16,2011,Australia,Canada
BJ Haddin,42,2011,Australia,Pakistan
MG Johnson,0,2011,Australia,Pakistan
SPD Smith,25,2011,Australia,Pakistan
SR Watson,9,2011,Australia,Pakistan
MEK Hussey,12,2011,Australia,Pakistan
MJ Clarke,34,2011,Australia,Pakistan
RT Ponting,19,2011,Australia,Pakistan
MJ Clarke,8,2011,Australia,India
BJ Haddin,53,2011,Australia,India
MG Johnson,6,2011,Australia,India
SR Watson,25,2011,Australia,India
MEK Hussey,3,2011,Australia,India
RT Ponting,104,2011,Australia,India
BJ Haddin,49,2010,Australia,Sri Lanka
MG Johnson,10,2010,Australia,Sri Lanka
SPD Smith,12,2010,Australia,Sri Lanka
SR Watson,10,2010,Australia,Sri Lanka
MEK Hussey,71,2010,Australia,Sri Lanka
MJ Clarke,27,2010,Australia,Sri Lanka
BJ Haddin,1,2010,Australia,Sri Lanka
MG Johnson,23,2010,Australia,Sri Lanka
SPD Smith,33,2010,Australia,Sri Lanka
SR Watson,40,2010,Australia,Sri Lanka
MEK Hussey,15,2010,Australia,Sri Lanka
MJ Clarke,25,2010,Australia,Sri Lanka
RT Ponting,10,2010,Australia,Sri Lanka
MJ Clarke,50,2010,Australia,Sri Lanka
BJ Haddin,31,2010,Australia,Sri Lanka
SR Watson,15,2010,Australia,Sri Lanka
MEK Hussey,6,2010,Australia,Sri Lanka
MJ Clarke,36,2011,Australia,England
BJ Haddin,39,2011,Australia,England
SPD Smith,5,2011,Australia,England
SR Watson,161,2011,Australia,England
MEK Hussey,21,2011,Australia,England
BJ Haddin,5,2011,Australia,England
SPD Smith,0,2011,Australia,England
SR Watson,5,2011,Australia,England
MJ Clarke,10,2011,Australia,England
MJ Clarke,9,2011,Australia,England
BJ Haddin,54,2011,Australia,England
SPD Smith,26,2011,Australia,England
SR Watson,9,2011,Australia,England
MJ Clarke,15,2011,Australia,England
BJ Haddin,20,2011,Australia,England
SPD Smith,46,2011,Australia,England
SR Watson,64,2011,Australia,England
BJ Haddin,37,2011,Australia,England
MJ Clarke,54,2011,Australia,England
MG Johnson,16,2011,Australia,England
SPD Smith,24,2011,Australia,England
SR Watson,16,2011,Australia,England
MJ Clarke,82,2011,Australia,England
BJ Haddin,20,2011,Australia,England
MG Johnson,57,2011,Australia,England
SPD Smith,0,2011,Australia,England
SR Watson,51,2011,Australia,England
BJ Haddin,27,2011,Australia,England
MG Johnson,26,2011,Australia,England
MEK Hussey,69,2010,Australia,India
MJ Clarke,111,2010,Australia,India
BJ Haddin,10,2011,Australia,Bangladesh
MG Johnson,26,2011,Australia,Bangladesh
SPD Smith,1,2011,Australia,Bangladesh
SR Watson,37,2011,Australia,Bangladesh
MEK Hussey,33,2011,Australia,Bangladesh
MJ Clarke,101,2011,Australia,Bangladesh
RT Ponting,34,2011,Australia,Bangladesh
BJ Haddin,8,2011,Australia,Bangladesh
SR Watson,185,2011,Australia,Bangladesh
RT Ponting,37,2011,Australia,Bangladesh
RT Ponting,47,2011,Australia,Bangladesh
MG Johnson,41,2011,Australia,Bangladesh
SPD Smith,5,2011,Australia,Bangladesh
SR Watson,72,2011,Australia,Bangladesh
MEK Hussey,108,2011,Australia,Bangladesh
MJ Clarke,47,2011,Australia,Bangladesh
BJ Haddin,9,2011,Australia,South Africa
DA Warner,20,2011,Australia,South Africa
MEK Hussey,30,2011,Australia,South Africa
MJ Clarke,44,2011,Australia,South Africa
RT Ponting,63,2011,Australia,South Africa
SPD Smith,26,2011,Australia,South Africa
DA Warner,74,2011,Australia,South Africa
SR Watson,15,2011,Australia,South Africa
MEK Hussey,37,2011,Australia,South Africa
MJ Clarke,1,2011,Australia,South Africa
RT Ponting,10,2011,Australia,South Africa
MG Johnson,9,2011,Australia,South Africa
BJ Haddin,13,2011,Australia,South Africa
DA Warner,10,2011,Australia,South Africa
SR Watson,49,2011,Australia,South Africa
MEK Hussey,45,2011,Australia,South Africa
MJ Clarke,26,2011,Australia,South Africa
RT Ponting,11,2011,Australia,South Africa
MG Johnson,6,2011,Australia,South Africa
BJ Haddin,23,2011,Australia,South Africa
MJ Clarke,53,2011,Australia,Sri Lanka
RT Ponting,53,2011,Australia,Sri Lanka
SR Watson,69,2011,Australia,Sri Lanka
MEK Hussey,2,2011,Australia,Sri Lanka
BJ Haddin,12,2011,Australia,Sri Lanka
MJ Clarke,58,2011,Australia,Sri Lanka
SR Watson,43,2011,Australia,Sri Lanka
BJ Haddin,7,2011,Australia,Sri Lanka
RT Ponting,90,2011,Australia,Sri Lanka
MJ Clarke,46,2011,Australia,Sri Lanka
BJ Haddin,5,2011,Australia,Sri Lanka
MG Johnson,1,2011,Australia,Sri Lanka
SPD Smith,18,2011,Australia,Sri Lanka
SR Watson,5,2011,Australia,Sri Lanka
MEK Hussey,63,2011,Australia,Sri Lanka
RT Ponting,22,2011,Australia,Sri Lanka
MJ Clarke,38,2011,Australia,Sri Lanka
BJ Haddin,5,2011,Australia,Sri Lanka
SR Watson,12,2011,Australia,Sri Lanka
MEK Hussey,0,2011,Australia,Sri Lanka
RT Ponting,0,2011,Australia,Sri Lanka
BJ Haddin,8,2011,Australia,Sri Lanka
MG Johnson,1,2011,Australia,Sri Lanka
SR Watson,56,2011,Australia,Sri Lanka
MEK Hussey,6,2011,Australia,Sri Lanka
MJ Clarke,47,2011,Australia,Sri Lanka
RT Ponting,31,2011,Australia,Sri Lanka
MJ Clarke,10,2012,Australia,India
DA Warner,6,2012,Australia,India
MEK Hussey,45,2012,Australia,India
RT Ponting,2,2012,Australia,India
MJ Clarke,57,2012,Australia,Sri Lanka
RT Ponting,1,2012,Australia,Sri Lanka
DA Warner,34,2012,Australia,Sri Lanka
MEK Hussey,23,2012,Australia,Sri Lanka
DA Warner,18,2012,Australia,India
MJ Clarke,38,2012,Australia,India
RT Ponting,6,2012,Australia,India
DA Warner,13,2012,Australia,Sri Lanka
MEK Hussey,13,2012,Australia,Sri Lanka
RT Ponting,2,2012,Australia,Sri Lanka
DA Warner,43,2012,Australia,India
MEK Hussey,59,2012,Australia,India
RT Ponting,7,2012,Australia,India
MJ Clarke,72,2012,Australia,Sri Lanka
DA Warner,7,2012,Australia,Sri Lanka
MEK Hussey,21,2012,Australia,Sri Lanka
DA Warner,68,2012,Australia,India
SR Watson,1,2012,Australia,India
MEK Hussey,10,2012,Australia,India
DA Warner,6,2012,Australia,Sri Lanka
SR Watson,65,2012,Australia,Sri Lanka
MEK Hussey,29,2012,Australia,Sri Lanka
MJ Clarke,37,2012,Australia,Sri Lanka
DA Warner,163,2012,Australia,Sri Lanka
SR Watson,21,2012,Australia,Sri Lanka
MEK Hussey,19,2012,Australia,Sri Lanka
DA Warner,100,2012,Australia,Sri Lanka
SR Watson,15,2012,Australia,Sri Lanka
MEK Hussey,6,2012,Australia,Sri Lanka
MJ Clarke,117,2012,Australia,Sri Lanka
SR Watson,19,2012,Australia,Sri Lanka
DA Warner,48,2012,Australia,Sri Lanka
MEK Hussey,1,2012,Australia,Sri Lanka
SPD Smith,8,2012,Australia,England
DA Warner,56,2012,Australia,England
SR Watson,12,2012,Australia,England
MJ Clarke,61,2012,Australia,England
GJ Bailey,29,2012,Australia,England
MJ Clarke,10,2012,Australia,England
MG Johnson,8,2012,Australia,England
GJ Bailey,65,2012,Australia,England
DA Warner,10,2012,Australia,England
SR Watson,66,2012,Australia,England
GJ Bailey,9,2012,Australia,England
DA Warner,2,2012,Australia,England
SR Watson,28,2012,Australia,England
MJ Clarke,43,2012,Australia,England
MJ Clarke,1,2012,Australia,England
GJ Bailey,46,2012,Australia,England
SPD Smith,21,2012,Australia,England
DA Warner,32,2012,Australia,England
GJ Bailey,48,2012,Australia,West Indies
DA Warner,40,2012,Australia,West Indies
SR Watson,21,2012,Australia,West Indies
MEK Hussey,32,2012,Australia,West Indies
GJ Bailey,21,2012,Australia,West Indies
DA Warner,13,2012,Australia,West Indies
SR Watson,25,2012,Australia,West Indies
MEK Hussey,24,2012,Australia,West Indies
GJ Bailey,25,2012,Australia,West Indies
DA Warner,1,2012,Australia,West Indies
SR Watson,28,2012,Australia,West Indies
MEK Hussey,26,2012,Australia,West Indies
GJ Bailey,19,2012,Australia,West Indies
DA Warner,69,2012,Australia,West Indies
SR Watson,66,2012,Australia,West Indies
MEK Hussey,25,2012,Australia,West Indies
MJ Clarke,105,2013,Australia,England
MG Johnson,6,2013,Australia,England
GJ Bailey,82,2013,Australia,England
AJ Finch,45,2013,Australia,England
SR Watson,38,2013,Australia,England
MJ Clarke,22,2013,Australia,England
MG Johnson,4,2013,Australia,England
GJ Bailey,87,2013,Australia,England
AJ Finch,0,2013,Australia,England
SR Watson,6,2013,Australia,England
GJ Bailey,4,2013,Australia,England
AJ Finch,26,2013,Australia,England
MJ Clarke,75,2013,Australia,England
MG Johnson,2,2013,Australia,England
SR Watson,143,2013,Australia,England
MEK Hussey,5,2012,Australia,Pakistan
GJ Bailey,57,2012,Australia,Pakistan
DA Warner,5,2012,Australia,Pakistan
MJ Clarke,66,2012,Australia,Pakistan
MG Johnson,2,2012,Australia,Pakistan
GJ Bailey,39,2012,Australia,Pakistan
DA Warner,24,2012,Australia,Pakistan
MEK Hussey,61,2012,Australia,Pakistan
MJ Clarke,37,2012,Australia,Pakistan
MG Johnson,1,2012,Australia,Pakistan
GJ Bailey,1,2012,Australia,Pakistan
DA Warner,21,2012,Australia,Pakistan
MEK Hussey,65,2012,Australia,Pakistan
MJ Clarke,32,2012,Australia,Pakistan
MG Johnson,1,2012,Australia,Afghanistan
GJ Bailey,23,2012,Australia,Afghanistan
DA Warner,24,2012,Australia,Afghanistan
MEK Hussey,49,2012,Australia,Afghanistan
MJ Clarke,75,2012,Australia,Afghanistan
BJ Haddin,10,2013,Australia,Sri Lanka
GJ Bailey,89,2013,Australia,Sri Lanka
AJ Finch,16,2013,Australia,Sri Lanka
BJ Haddin,50,2013,Australia,Sri Lanka
SPD Smith,8,2013,Australia,Sri Lanka
GJ Bailey,26,2013,Australia,Sri Lanka
AJ Finch,4,2013,Australia,Sri Lanka
MG Johnson,2,2013,Australia,Sri Lanka
GJ Bailey,0,2013,Australia,Sri Lanka
MJ Clarke,9,2013,Australia,Sri Lanka
DA Warner,4,2013,Australia,Sri Lanka
GJ Bailey,17,2013,Australia,Sri Lanka
DA Warner,10,2013,Australia,Sri Lanka
AJ Finch,10,2013,Australia,West Indies
MG Johnson,16,2013,Australia,West Indies
GJ Bailey,125,2013,Australia,West Indies
AJ Finch,11,2013,Australia,West Indies
MJ Clarke,16,2013,Australia,West Indies
MG Johnson,8,2013,Australia,West Indies
GJ Bailey,44,2013,Australia,West Indies
AJ Finch,38,2013,Australia,West Indies
SR Watson,122,2013,Australia,West Indies
MJ Clarke,15,2013,Australia,West Indies
AJ Finch,25,2013,Australia,West Indies
SR Watson,76,2013,Australia,West Indies
MJ Clarke,37,2013,Australia,West Indies
BJ Haddin,43,2013,Australia,West Indies
AJ Finch,1,2013,Australia,West Indies
SR Watson,0,2013,Australia,West Indies
MG Johnson,8,2013,Australia,England
DA Warner,9,2013,Australia,England
SR Watson,24,2013,Australia,England
GJ Bailey,55,2013,Australia,England
MG Johnson,4,2013,Australia,Sri Lanka
SR Watson,5,2013,Australia,Sri Lanka
GJ Bailey,4,2013,Australia,Sri Lanka
GJ Bailey,17,2014,Australia,England
MJ Clarke,43,2014,Australia,England
AJ Finch,121,2014,Australia,England
DA Warner,65,2014,Australia,England
SR Watson,0,2014,Australia,England
GJ Bailey,24,2014,Australia,England
MJ Clarke,17,2014,Australia,England
BJ Haddin,26,2014,Australia,England
MG Johnson,1,2014,Australia,England
AJ Finch,0,2014,Australia,England
DA Warner,18,2014,Australia,England
MJ Clarke,34,2014,Australia,England
BJ Haddin,35,2014,Australia,England
AJ Finch,22,2014,Australia,England
DA Warner,71,2014,Australia,England
GJ Bailey,11,2014,Australia,England
MG Johnson,6,2014,Australia,England
SPD Smith,19,2014,Australia,England
AJ Finch,108,2014,Australia,England
GJ Bailey,56,2014,Australia,England
AJ Finch,7,2014,Australia,England
MJ Clarke,8,2014,Australia,England
SR Watson,0,2014,Australia,England
BJ Haddin,10,2013,Australia,India
MG Johnson,9,2013,Australia,India
GJ Bailey,85,2013,Australia,India
AJ Finch,72,2013,Australia,India
SR Watson,2,2013,Australia,India
GJ Bailey,92,2013,Australia,India
AJ Finch,50,2013,Australia,India
BJ Haddin,1,2013,Australia,India
SR Watson,59,2013,Australia,India
BJ Haddin,24,2013,Australia,India
AJ Finch,38,2013,Australia,India
GJ Bailey,43,2013,Australia,India
SR Watson,11,2013,Australia,India
MG Johnson,0,2013,Australia,India
GJ Bailey,156,2013,Australia,India
AJ Finch,20,2013,Australia,India
SR Watson,102,2013,Australia,India
BJ Haddin,40,2013,Australia,India
GJ Bailey,4,2013,Australia,India
AJ Finch,5,2013,Australia,India
SR Watson,49,2013,Australia,India
BJ Haddin,31,2015,Australia,England
MG Johnson,0,2015,Australia,England
GJ Bailey,55,2015,Australia,England
AJ Finch,135,2015,Australia,England
DA Warner,22,2015,Australia,England
SPD Smith,5,2015,Australia,England
SR Watson,0,2015,Australia,England
BJ Haddin,43,2015,Australia,New Zealand
SPD Smith,4,2015,Australia,New Zealand
MJ Clarke,12,2015,Australia,New Zealand
MG Johnson,1,2015,Australia,New Zealand
AJ Finch,14,2015,Australia,New Zealand
DA Warner,34,2015,Australia,New Zealand
SR Watson,23,2015,Australia,New Zealand
BJ Haddin,20,2015,Australia,Afghanistan
SPD Smith,95,2015,Australia,Afghanistan
AJ Finch,4,2015,Australia,Afghanistan
DA Warner,178,2015,Australia,Afghanistan
BJ Haddin,25,2015,Australia,Sri Lanka
MG Johnson,3,2015,Australia,Sri Lanka
SPD Smith,72,2015,Australia,Sri Lanka
AJ Finch,24,2015,Australia,Sri Lanka
DA Warner,9,2015,Australia,Sri Lanka
SR Watson,67,2015,Australia,Sri Lanka
MJ Clarke,68,2015,Australia,Sri Lanka
AJ Finch,20,2015,Australia,Scotland
DA Warner,21,2015,Australia,Scotland
SR Watson,24,2015,Australia,Scotland
MJ Clarke,47,2015,Australia,Scotland
MJ Clarke,8,2015,Australia,Pakistan
SPD Smith,65,2015,Australia,Pakistan
AJ Finch,2,2015,Australia,Pakistan
DA Warner,24,2015,Australia,Pakistan
SR Watson,64,2015,Australia,Pakistan
BJ Haddin,7,2015,Australia,India
MG Johnson,27,2015,Australia,India
SPD Smith,105,2015,Australia,India
AJ Finch,81,2015,Australia,India
DA Warner,12,2015,Australia,India
SR Watson,28,2015,Australia,India
MJ Clarke,10,2015,Australia,India
MJ Clarke,74,2015,Australia,New Zealand
SR Watson,2,2015,Australia,New Zealand
SPD Smith,56,2015,Australia,New Zealand
AJ Finch,0,2015,Australia,New Zealand
DA Warner,45,2015,Australia,New Zealand
BJ Haddin,23,2014,Australia,Pakistan
MG Johnson,21,2014,Australia,Pakistan
SPD Smith,101,2014,Australia,Pakistan
GJ Bailey,18,2014,Australia,Pakistan
AJ Finch,0,2014,Australia,Pakistan
DA Warner,43,2014,Australia,Pakistan
BJ Haddin,17,2014,Australia,Pakistan
SPD Smith,12,2014,Australia,Pakistan
AJ Finch,14,2014,Australia,Pakistan
GJ Bailey,28,2014,Australia,Pakistan
DA Warner,29,2014,Australia,Pakistan
BJ Haddin,2,2014,Australia,Pakistan
GJ Bailey,0,2014,Australia,Pakistan
SPD Smith,77,2014,Australia,Pakistan
AJ Finch,18,2014,Australia,Pakistan
DA Warner,56,2014,Australia,Pakistan
BJ Haddin,46,2014,Australia,Zimbabwe
MG Johnson,20,2014,Australia,Zimbabwe
SPD Smith,1,2014,Australia,Zimbabwe
GJ Bailey,14,2014,Australia,Zimbabwe
AJ Finch,67,2014,Australia,Zimbabwe
BJ Haddin,9,2014,Australia,South Africa
MG Johnson,23,2014,Australia,South Africa
SPD Smith,31,2014,Australia,South Africa
GJ Bailey,66,2014,Australia,South Africa
AJ Finch,102,2014,Australia,South Africa
BJ Haddin,49,2014,Australia,Zimbabwe
GJ Bailey,1,2014,Australia,Zimbabwe
AJ Finch,11,2014,Australia,Zimbabwe
MJ Clarke,68,2014,Australia,Zimbabwe
BJ Haddin,11,2014,Australia,South Africa
MG Johnson,2,2014,Australia,South Africa
SPD Smith,36,2014,Australia,South Africa
GJ Bailey,32,2014,Australia,South Africa
AJ Finch,16,2014,Australia,South Africa
BJ Haddin,6,2014,Australia,South Africa
MG Johnson,6,2014,Australia,South Africa
SPD Smith,10,2014,Australia,South Africa
GJ Bailey,12,2014,Australia,South Africa
AJ Finch,54,2014,Australia,South Africa
GJ Bailey,1,2015,Australia,Ireland
SPD Smith,21,2015,Australia,Ireland
DA Warner,84,2015,Australia,Ireland
SR Watson,26,2015,Australia,Ireland
GJ Bailey,23,2015,Australia,England
SPD Smith,44,2015,Australia,England
DA Warner,59,2015,Australia,England
SR Watson,6,2015,Australia,England
GJ Bailey,54,2015,Australia,England
SPD Smith,70,2015,Australia,England
DA Warner,1,2015,Australia,England
SR Watson,39,2015,Australia,England
SPD Smith,25,2015,Australia,England
AJ Finch,53,2015,Australia,England
GJ Bailey,25,2015,Australia,England
GJ Bailey,75,2015,Australia,England
AJ Finch,15,2015,Australia,England
SPD Smith,5,2015,Australia,England
AJ Finch,70,2015,Australia,England
SPD Smith,12,2015,Australia,England
GJ Bailey,41,2015,Australia,England
MG Johnson,13,2014,Australia,South Africa
GJ Bailey,70,2014,Australia,South Africa
AJ Finch,35,2014,Australia,South Africa
DA Warner,46,2014,Australia,South Africa
SR Watson,13,2014,Australia,South Africa
MJ Clarke,11,2014,Australia,South Africa
MG Johnson,3,2014,Australia,South Africa
SPD Smith,10,2014,Australia,South Africa
GJ Bailey,25,2014,Australia,South Africa
AJ Finch,8,2014,Australia,South Africa
DA Warner,0,2014,Australia,South Africa
SR Watson,11,2014,Australia,South Africa
SPD Smith,73,2014,Australia,South Africa
GJ Bailey,12,2014,Australia,South Africa
AJ Finch,109,2014,Australia,South Africa
DA Warner,53,2014,Australia,South Africa
SR Watson,40,2014,Australia,South Africa
SPD Smith,104,2014,Australia,South Africa
SR Watson,19,2014,Australia,South Africa
AJ Finch,22,2014,Australia,South Africa
DA Warner,4,2014,Australia,South Africa
GJ Bailey,16,2014,Australia,South Africa
SPD Smith,67,2014,Australia,South Africa
AJ Finch,76,2014,Australia,South Africa
DA Warner,21,2014,Australia,South Africa
SR Watson,82,2014,Australia,South Africa
GJ Bailey,4,2014,Australia,South Africa
BJ Haddin,13,2015,Australia,India
SPD Smith,47,2015,Australia,India
GJ Bailey,5,2015,Australia,India
AJ Finch,96,2015,Australia,India
SR Watson,41,2015,Australia,India
DA Warner,24,2015,Australia,India
BJ Haddin,16,2015,Australia,England
AJ Finch,15,2015,Australia,England
GJ Bailey,10,2015,Australia,England
DA Warner,127,2015,Australia,England
SPD Smith,37,2015,Australia,England
SR Watson,16,2015,Australia,England
BJ Haddin,42,2015,Australia,England
AJ Finch,32,2015,Australia,England
SPD Smith,102,2015,Australia,England
BJ Haddin,9,2015,Australia,England
MG Johnson,3,2015,Australia,England
GJ Bailey,2,2015,Australia,England
AJ Finch,0,2015,Australia,England
DA Warner,12,2015,Australia,England
SPD Smith,40,2015,Australia,England
SPD Smith,149,2016,Australia,India
GJ Bailey,112,2016,Australia,India
AJ Finch,8,2016,Australia,India
DA Warner,5,2016,Australia,India
AJ Finch,71,2016,Australia,India
GJ Bailey,76,2016,Australia,India
SPD Smith,46,2016,Australia,India
SPD Smith,41,2016,Australia,India
GJ Bailey,23,2016,Australia,India
AJ Finch,21,2016,Australia,India
SPD Smith,51,2016,Australia,India
GJ Bailey,10,2016,Australia,India
AJ Finch,107,2016,Australia,India
DA Warner,93,2016,Australia,India
SPD Smith,28,2016,Australia,India
GJ Bailey,6,2016,Australia,India
AJ Finch,6,2016,Australia,India
DA Warner,122,2016,Australia,India
GJ Bailey,2,2016,Australia,New Zealand
SPD Smith,18,2016,Australia,New Zealand
DA Warner,12,2016,Australia,New Zealand
SPD Smith,2,2016,Australia,New Zealand
GJ Bailey,0,2016,Australia,New Zealand
DA Warner,98,2016,Australia,New Zealand
GJ Bailey,33,2016,Australia,New Zealand
SPD Smith,21,2016,Australia,New Zealand
DA Warner,16,2016,Australia,New Zealand
SPD Smith,6,2016,Australia,West Indies
AJ Finch,19,2016,Australia,West Indies
DA Warner,55,2016,Australia,West Indies
SPD Smith,8,2016,Australia,South Africa
AJ Finch,72,2016,Australia,South Africa
DA Warner,1,2016,Australia,South Africa
AJ Finch,13,2016,Australia,South Africa
GJ Bailey,11,2016,Australia,South Africa
SPD Smith,52,2016,Australia,South Africa
DA Warner,109,2016,Australia,South Africa
AJ Finch,0,2016,Australia,West Indies
GJ Bailey,55,2016,Australia,West Indies
SPD Smith,74,2016,Australia,West Indies
SPD Smith,78,2016,Australia,West Indies
GJ Bailey,34,2016,Australia,West Indies
AJ Finch,16,2016,Australia,West Indies
AJ Finch,47,2016,Australia,West Indies
GJ Bailey,22,2016,Australia,West Indies
SPD Smith,46,2016,Australia,West Indies
SPD Smith,59,2016,Australia,Ireland
DA Warner,48,2016,Australia,Ireland
SPD Smith,8,2016,Australia,South Africa
GJ Bailey,74,2016,Australia,South Africa
AJ Finch,33,2016,Australia,South Africa
DA Warner,40,2016,Australia,South Africa
SPD Smith,14,2016,Australia,South Africa
AJ Finch,1,2016,Australia,South Africa
DA Warner,50,2016,Australia,South Africa
GJ Bailey,9,2016,Australia,South Africa
SPD Smith,108,2016,Australia,South Africa
GJ Bailey,28,2016,Australia,South Africa
AJ Finch,53,2016,Australia,South Africa
DA Warner,117,2016,Australia,South Africa
SPD Smith,21,2016,Australia,South Africa
GJ Bailey,1,2016,Australia,South Africa
AJ Finch,2,2016,Australia,South Africa
DA Warner,6,2016,Australia,South Africa
GJ Bailey,2,2016,Australia,South Africa
SPD Smith,0,2016,Australia,South Africa
AJ Finch,19,2016,Australia,South Africa
DA Warner,173,2016,Australia,South Africa
GJ Bailey,39,2016,Australia,Sri Lanka
AJ Finch,56,2016,Australia,Sri Lanka
DA Warner,8,2016,Australia,Sri Lanka
SPD Smith,58,2016,Australia,Sri Lanka
AJ Finch,4,2016,Australia,Sri Lanka
SPD Smith,30,2016,Australia,Sri Lanka
DA Warner,1,2016,Australia,Sri Lanka
GJ Bailey,27,2016,Australia,Sri Lanka
AJ Finch,30,2016,Australia,Sri Lanka
DA Warner,10,2016,Australia,Sri Lanka
GJ Bailey,70,2016,Australia,Sri Lanka
GJ Bailey,90,2016,Australia,Sri Lanka
AJ Finch,55,2016,Australia,Sri Lanka
DA Warner,19,2016,Australia,Sri Lanka
GJ Bailey,44,2016,Australia,Sri Lanka
DA Warner,106,2016,Australia,Sri Lanka
