Umar Akmal,17,2017,Pakistan,Australia
Mohammad Hafeez,4,2017,Pakistan,Australia
Mohammad Hafeez,72,2017,Pakistan,Australia
Umar Akmal,18,2017,Pakistan,Australia
Shoaib Malik,42,2017,Pakistan,Australia
Mohammad Hafeez,4,2017,Pakistan,Australia
Umar Akmal,39,2017,Pakistan,Australia
Shoaib Malik,39,2017,Pakistan,Australia
Mohammad Hafeez,40,2017,Pakistan,Australia
Umar Akmal,11,2017,Pakistan,Australia
Shoaib Malik,47,2017,Pakistan,Australia
Mohammad Hafeez,3,2017,Pakistan,Australia
Umar Akmal,46,2017,Pakistan,Australia
Shoaib Malik,10,2017,Pakistan,Australia
Shoaib Malik,6,2016,Pakistan,West Indies
Shoaib Malik,90,2016,Pakistan,West Indies
Shoaib Malik,5,2016,Pakistan,West Indies
Mohammad Hafeez,1,2006,Pakistan,England
Younis Khan,55,2006,Pakistan,England
Mohammad Yousuf,49,2006,Pakistan,England
Shoaib Malik,10,2006,Pakistan,England
Mohammad Hafeez,20,2006,Pakistan,England
Kamran Akmal,0,2006,Pakistan,England
Younis Khan,101,2006,Pakistan,England
Mohammad Yousuf,60,2006,Pakistan,England
Shoaib Malik,1,2006,Pakistan,England
Shahid Afridi,0,2006,Pakistan,England
Mohammad Hafeez,8,2006,Pakistan,England
Shahid Afridi,23,2006,Pakistan,England
Kamran Akmal,10,2006,Pakistan,England
Younis Khan,0,2006,Pakistan,England
Mohammad Yousuf,29,2006,Pakistan,England
Shoaib Malik,0,2006,Pakistan,England
Mohammad Hafeez,18,2006,Pakistan,England
Kamran Akmal,4,2006,Pakistan,England
Younis Khan,47,2006,Pakistan,England
Mohammad Yousuf,11,2006,Pakistan,England
Shahid Afridi,2,2006,Pakistan,England
Younis Khan,18,2006,Pakistan,India
Kamran Akmal,25,2006,Pakistan,India
Shahid Afridi,17,2006,Pakistan,India
Mohammad Yousuf,17,2006,Pakistan,India
Shoaib Malik,90,2006,Pakistan,India
Shahid Afridi,18,2006,Pakistan,India
Kamran Akmal,14,2006,Pakistan,India
Younis Khan,81,2006,Pakistan,India
Mohammad Yousuf,1,2006,Pakistan,India
Shoaib Malik,95,2006,Pakistan,India
Shahid Afridi,19,2006,Pakistan,India
Kamran Akmal,34,2006,Pakistan,India
Younis Khan,16,2006,Pakistan,India
Mohammad Yousuf,1,2006,Pakistan,India
Shoaib Malik,108,2006,Pakistan,India
Kamran Akmal,3,2006,Pakistan,India
Younis Khan,0,2006,Pakistan,India
Mohammad Yousuf,25,2006,Pakistan,India
Shoaib Malik,9,2006,Pakistan,India
Younis Khan,74,2006,Pakistan,India
Kamran Akmal,25,2006,Pakistan,India
Mohammad Yousuf,67,2006,Pakistan,India
Shoaib Malik,12,2006,Pakistan,India
Younis Khan,4,2006,Pakistan,Sri Lanka
Kamran Akmal,20,2006,Pakistan,Sri Lanka
Mohammad Yousuf,26,2006,Pakistan,Sri Lanka
Shoaib Malik,17,2006,Pakistan,Sri Lanka
Shahid Afridi,2,2006,Pakistan,Sri Lanka
Shahid Afridi,1,2006,Pakistan,Sri Lanka
Kamran Akmal,9,2006,Pakistan,Sri Lanka
Younis Khan,25,2006,Pakistan,Sri Lanka
Shoaib Malik,46,2006,Pakistan,Sri Lanka
Mohammad Yousuf,53,2006,Pakistan,Sri Lanka
Kamran Akmal,24,2006,Pakistan,India
Younis Khan,71,2006,Pakistan,India
Mohammad Yousuf,1,2006,Pakistan,India
Shoaib Malik,12,2006,Pakistan,India
Kamran Akmal,18,2006,Pakistan,India
Shahid Afridi,0,2006,Pakistan,India
Younis Khan,5,2006,Pakistan,India
Mohammad Yousuf,5,2006,Pakistan,India
Shoaib Malik,45,2006,Pakistan,India
Shoaib Malik,62,2007,Pakistan,West Indies
Mohammad Hafeez,11,2007,Pakistan,West Indies
Kamran Akmal,0,2007,Pakistan,West Indies
Mohammad Yousuf,37,2007,Pakistan,West Indies
Younis Khan,9,2007,Pakistan,West Indies
Mohammad Hafeez,4,2007,Pakistan,Ireland
Kamran Akmal,27,2007,Pakistan,Ireland
Younis Khan,0,2007,Pakistan,Ireland
Mohammad Yousuf,15,2007,Pakistan,Ireland
Shoaib Malik,9,2007,Pakistan,Ireland
Younis Khan,28,2007,Pakistan,Zimbabwe
Mohammad Yousuf,3,2007,Pakistan,Zimbabwe
Shahid Afridi,16,2007,Pakistan,Zimbabwe
Kamran Akmal,15,2007,Pakistan,Zimbabwe
Shoaib Malik,21,2007,Pakistan,Zimbabwe
Younis Khan,7,2006,Pakistan,Sri Lanka
Mohammad Hafeez,22,2006,Pakistan,Sri Lanka
Kamran Akmal,20,2006,Pakistan,Sri Lanka
Mohammad Yousuf,49,2006,Pakistan,Sri Lanka
Shoaib Malik,46,2006,Pakistan,Sri Lanka
Shahid Afridi,1,2006,Pakistan,Sri Lanka
Mohammad Hafeez,43,2006,Pakistan,New Zealand
Kamran Akmal,16,2006,Pakistan,New Zealand
Younis Khan,2,2006,Pakistan,New Zealand
Mohammad Yousuf,71,2006,Pakistan,New Zealand
Shoaib Malik,52,2006,Pakistan,New Zealand
Shahid Afridi,4,2006,Pakistan,New Zealand
Mohammad Hafeez,1,2006,Pakistan,South Africa
Shahid Afridi,14,2006,Pakistan,South Africa
Shoaib Malik,0,2006,Pakistan,South Africa
Kamran Akmal,1,2006,Pakistan,South Africa
Younis Khan,7,2006,Pakistan,South Africa
Mohammad Yousuf,5,2006,Pakistan,South Africa
Mohammad Hafeez,21,2007,Pakistan,South Africa
Kamran Akmal,13,2007,Pakistan,South Africa
Younis Khan,13,2007,Pakistan,South Africa
Mohammad Yousuf,39,2007,Pakistan,South Africa
Shoaib Malik,52,2007,Pakistan,South Africa
Shahid Afridi,17,2007,Pakistan,South Africa
Shahid Afridi,77,2007,Pakistan,South Africa
Kamran Akmal,0,2007,Pakistan,South Africa
Younis Khan,93,2007,Pakistan,South Africa
Mohammad Yousuf,101,2007,Pakistan,South Africa
Kamran Akmal,3,2007,Pakistan,South Africa
Younis Khan,8,2007,Pakistan,South Africa
Mohammad Yousuf,21,2007,Pakistan,South Africa
Shoaib Malik,19,2007,Pakistan,South Africa
Mohammad Hafeez,0,2007,Pakistan,South Africa
Kamran Akmal,22,2007,Pakistan,South Africa
Younis Khan,19,2007,Pakistan,South Africa
Mohammad Yousuf,5,2007,Pakistan,South Africa
Shoaib Malik,43,2007,Pakistan,South Africa
Mohammad Hafeez,0,2006,Pakistan,West Indies
Kamran Akmal,22,2006,Pakistan,West Indies
Younis Khan,24,2006,Pakistan,West Indies
Shoaib Malik,6,2006,Pakistan,West Indies
Mohammad Hafeez,31,2006,Pakistan,West Indies
Kamran Akmal,23,2006,Pakistan,West Indies
Mohammad Yousuf,28,2006,Pakistan,West Indies
Shoaib Malik,21,2006,Pakistan,West Indies
Mohammad Hafeez,1,2006,Pakistan,West Indies
Shahid Afridi,1,2006,Pakistan,West Indies
Kamran Akmal,11,2006,Pakistan,West Indies
Shoaib Malik,0,2006,Pakistan,West Indies
Mohammad Hafeez,92,2006,Pakistan,West Indies
Kamran Akmal,56,2006,Pakistan,West Indies
Shoaib Malik,34,2006,Pakistan,West Indies
Mohammad Yousuf,66,2007,Pakistan,Africa XI
Mohammad Yousuf,51,2007,Pakistan,Africa XI
Mohammad Yousuf,2,2007,Pakistan,Africa XI
Misbah-ul-Haq,27,2007,Pakistan,India
Kamran Akmal,12,2007,Pakistan,India
Younis Khan,25,2007,Pakistan,India
Mohammad Yousuf,82,2007,Pakistan,India
Shoaib Malik,2,2007,Pakistan,India
Shahid Afridi,31,2007,Pakistan,India
Younis Khan,117,2007,Pakistan,India
Misbah-ul-Haq,49,2007,Pakistan,India
Shahid Afridi,29,2007,Pakistan,India
Kamran Akmal,13,2007,Pakistan,India
Mohammad Yousuf,12,2007,Pakistan,India
Shoaib Malik,25,2007,Pakistan,India
Shahid Afridi,12,2007,Pakistan,India
Misbah-ul-Haq,38,2007,Pakistan,India
Kamran Akmal,2,2007,Pakistan,India
Younis Khan,21,2007,Pakistan,India
Mohammad Yousuf,16,2007,Pakistan,India
Shoaib Malik,12,2007,Pakistan,India
Misbah-ul-Haq,40,2007,Pakistan,India
Kamran Akmal,2,2007,Pakistan,India
Younis Khan,68,2007,Pakistan,India
Mohammad Yousuf,99,2007,Pakistan,India
Shoaib Malik,31,2007,Pakistan,India
Shahid Afridi,1,2007,Pakistan,India
Misbah-ul-Haq,22,2007,Pakistan,India
Mohammad Yousuf,74,2007,Pakistan,India
Shoaib Malik,89,2007,Pakistan,India
Mohammad Hafeez,6,2007,Pakistan,South Africa
Misbah-ul-Haq,20,2007,Pakistan,South Africa
Shahid Afridi,47,2007,Pakistan,South Africa
Kamran Akmal,35,2007,Pakistan,South Africa
Younis Khan,12,2007,Pakistan,South Africa
Mohammad Yousuf,53,2007,Pakistan,South Africa
Shoaib Malik,18,2007,Pakistan,South Africa
Younis Khan,32,2007,Pakistan,South Africa
Mohammad Yousuf,117,2007,Pakistan,South Africa
Misbah-ul-Haq,21,2007,Pakistan,South Africa
Kamran Akmal,0,2007,Pakistan,South Africa
Shoaib Malik,56,2007,Pakistan,South Africa
Shahid Afridi,6,2007,Pakistan,South Africa
Younis Khan,10,2007,Pakistan,South Africa
Mohammad Yousuf,58,2007,Pakistan,South Africa
Misbah-ul-Haq,29,2007,Pakistan,South Africa
Shoaib Malik,42,2007,Pakistan,South Africa
Shahid Afridi,32,2007,Pakistan,South Africa
Shahid Afridi,0,2007,Pakistan,South Africa
Kamran Akmal,28,2007,Pakistan,South Africa
Younis Khan,82,2007,Pakistan,South Africa
Mohammad Yousuf,5,2007,Pakistan,South Africa
Shoaib Malik,45,2007,Pakistan,South Africa
Misbah-ul-Haq,7,2007,Pakistan,South Africa
Younis Khan,58,2007,Pakistan,South Africa
Mohammad Yousuf,53,2007,Pakistan,South Africa
Shoaib Malik,23,2007,Pakistan,South Africa
Misbah-ul-Haq,19,2007,Pakistan,South Africa
Kamran Akmal,24,2007,Pakistan,South Africa
Shahid Afridi,9,2007,Pakistan,South Africa
Misbah-ul-Haq,55,2008,Pakistan,Zimbabwe
Younis Khan,79,2008,Pakistan,Zimbabwe
Mohammad Yousuf,72,2008,Pakistan,Zimbabwe
Shoaib Malik,63,2008,Pakistan,Zimbabwe
Shahid Afridi,2,2008,Pakistan,Zimbabwe
Younis Khan,35,2008,Pakistan,Zimbabwe
Misbah-ul-Haq,20,2008,Pakistan,Zimbabwe
Shahid Afridi,43,2008,Pakistan,Zimbabwe
Mohammad Yousuf,38,2008,Pakistan,Zimbabwe
Shoaib Malik,4,2008,Pakistan,Zimbabwe
Misbah-ul-Haq,44,2008,Pakistan,Zimbabwe
Kamran Akmal,28,2008,Pakistan,Zimbabwe
Younis Khan,10,2008,Pakistan,Zimbabwe
Mohammad Yousuf,5,2008,Pakistan,Zimbabwe
Shoaib Malik,3,2008,Pakistan,Zimbabwe
Shahid Afridi,85,2008,Pakistan,Zimbabwe
Shoaib Malik,88,2008,Pakistan,Zimbabwe
Mohammad Yousuf,108,2008,Pakistan,Zimbabwe
Younis Khan,63,2008,Pakistan,Zimbabwe
Misbah-ul-Haq,31,2008,Pakistan,Zimbabwe
Younis Khan,67,2008,Pakistan,Hong Kong
Shahid Afridi,4,2008,Pakistan,Hong Kong
Mohammad Yousuf,28,2008,Pakistan,Hong Kong
Shoaib Malik,35,2008,Pakistan,Hong Kong
Misbah-ul-Haq,2,2008,Pakistan,Hong Kong
Misbah-ul-Haq,31,2008,Pakistan,India
Younis Khan,59,2008,Pakistan,India
Mohammad Yousuf,30,2008,Pakistan,India
Shoaib Malik,125,2008,Pakistan,India
Shahid Afridi,9,2008,Pakistan,India
Younis Khan,47,2008,Pakistan,Sri Lanka
Misbah-ul-Haq,76,2008,Pakistan,Sri Lanka
Mohammad Yousuf,19,2008,Pakistan,Sri Lanka
Shoaib Malik,52,2008,Pakistan,Sri Lanka
Shahid Afridi,0,2008,Pakistan,Sri Lanka
Misbah-ul-Haq,70,2008,Pakistan,India
Younis Khan,123,2008,Pakistan,India
Mohammad Yousuf,21,2008,Pakistan,India
Misbah-ul-Haq,38,2008,Pakistan,Bangladesh
Younis Khan,1,2008,Pakistan,Bangladesh
Mohammad Yousuf,108,2008,Pakistan,Bangladesh
Shoaib Malik,85,2008,Pakistan,Bangladesh
Shahid Afridi,27,2008,Pakistan,Bangladesh
Younis Khan,13,2008,Pakistan,Bangladesh
Shoaib Malik,4,2008,Pakistan,Bangladesh
Mohammad Yousuf,32,2008,Pakistan,Bangladesh
Misbah-ul-Haq,10,2008,Pakistan,Bangladesh
Kamran Akmal,100,2008,Pakistan,Bangladesh
Mohammad Yousuf,2,2008,Pakistan,Bangladesh
Shoaib Malik,33,2008,Pakistan,Bangladesh
Shahid Afridi,13,2008,Pakistan,Bangladesh
Kamran Akmal,36,2008,Pakistan,Bangladesh
Mohammad Yousuf,37,2008,Pakistan,Bangladesh
Younis Khan,69,2008,Pakistan,Bangladesh
Mohammad Yousuf,22,2008,Pakistan,Bangladesh
Misbah-ul-Haq,35,2008,Pakistan,Bangladesh
Kamran Akmal,10,2008,Pakistan,Bangladesh
Shoaib Malik,27,2008,Pakistan,Bangladesh
Shahid Afridi,4,2008,Pakistan,Bangladesh
Shahid Afridi,20,2008,Pakistan,Bangladesh
Kamran Akmal,25,2008,Pakistan,Bangladesh
Mohammad Yousuf,59,2008,Pakistan,Bangladesh
Shoaib Malik,9,2008,Pakistan,Bangladesh
Misbah-ul-Haq,39,2008,Pakistan,Bangladesh
Misbah-ul-Haq,24,2008,Pakistan,India
Shahid Afridi,23,2008,Pakistan,India
Kamran Akmal,38,2008,Pakistan,India
Younis Khan,0,2008,Pakistan,India
Mohammad Yousuf,11,2008,Pakistan,India
Shoaib Malik,53,2008,Pakistan,India
Misbah-ul-Haq,33,2008,Pakistan,India
Kamran Akmal,15,2008,Pakistan,India
Younis Khan,108,2008,Pakistan,India
Shoaib Malik,11,2008,Pakistan,India
Shahid Afridi,10,2008,Pakistan,India
Younis Khan,56,2008,Pakistan,West Indies
Misbah-ul-Haq,7,2008,Pakistan,West Indies
Shahid Afridi,4,2008,Pakistan,West Indies
Kamran Akmal,24,2008,Pakistan,West Indies
Shoaib Malik,66,2008,Pakistan,West Indies
Saeed Ajmal,4,2008,Pakistan,West Indies
Younis Khan,34,2008,Pakistan,West Indies
Misbah-ul-Haq,52,2008,Pakistan,West Indies
Shoaib Malik,10,2008,Pakistan,West Indies
Kamran Akmal,45,2008,Pakistan,West Indies
Shahid Afridi,28,2008,Pakistan,West Indies
Shoaib Malik,11,2009,Pakistan,Sri Lanka
Younis Khan,20,2009,Pakistan,Sri Lanka
Younis Khan,4,2009,Pakistan,Sri Lanka
Misbah-ul-Haq,1,2009,Pakistan,Sri Lanka
Kamran Akmal,6,2009,Pakistan,Sri Lanka
Shoaib Malik,54,2009,Pakistan,Sri Lanka
Shahid Afridi,14,2009,Pakistan,Sri Lanka
Misbah-ul-Haq,0,2009,Pakistan,Sri Lanka
Saeed Ajmal,2,2009,Pakistan,Sri Lanka
Kamran Akmal,9,2009,Pakistan,Sri Lanka
Younis Khan,4,2009,Pakistan,Sri Lanka
Shoaib Malik,19,2009,Pakistan,Sri Lanka
Shahid Afridi,0,2009,Pakistan,Sri Lanka
Kamran Akmal,48,2009,Pakistan,Australia
Misbah-ul-Haq,30,2009,Pakistan,Australia
Younis Khan,11,2009,Pakistan,Australia
Shoaib Malik,24,2009,Pakistan,Australia
Shahid Afridi,24,2009,Pakistan,Australia
Ahmed Shehzad,4,2009,Pakistan,Australia
Shahid Afridi,41,2009,Pakistan,Australia
Saeed Ajmal,0,2009,Pakistan,Australia
Kamran Akmal,19,2009,Pakistan,Australia
Younis Khan,28,2009,Pakistan,Australia
Misbah-ul-Haq,12,2009,Pakistan,Australia
Shoaib Malik,7,2009,Pakistan,Australia
Ahmed Shehzad,40,2009,Pakistan,Australia
Kamran Akmal,8,2009,Pakistan,Australia
Misbah-ul-Haq,9,2009,Pakistan,Australia
Saeed Ajmal,0,2009,Pakistan,Australia
Younis Khan,0,2009,Pakistan,Australia
Shoaib Malik,30,2009,Pakistan,Australia
Shahid Afridi,6,2009,Pakistan,Australia
Ahmed Shehzad,43,2009,Pakistan,Australia
Misbah-ul-Haq,34,2009,Pakistan,Australia
Saeed Ajmal,0,2009,Pakistan,Australia
Kamran Akmal,1,2009,Pakistan,Australia
Younis Khan,7,2009,Pakistan,Australia
Shoaib Malik,27,2009,Pakistan,Australia
Shahid Afridi,40,2009,Pakistan,Australia
Kamran Akmal,116,2009,Pakistan,Australia
Younis Khan,27,2009,Pakistan,Australia
Ahmed Shehzad,19,2009,Pakistan,Australia
Misbah-ul-Haq,76,2009,Pakistan,Australia
Shahid Afridi,27,2009,Pakistan,Sri Lanka
Misbah-ul-Haq,9,2009,Pakistan,Sri Lanka
Kamran Akmal,20,2009,Pakistan,Sri Lanka
Younis Khan,12,2009,Pakistan,Sri Lanka
Mohammad Yousuf,4,2009,Pakistan,Sri Lanka
Shoaib Malik,9,2009,Pakistan,Sri Lanka
Saeed Ajmal,16,2009,Pakistan,Sri Lanka
Shahid Afridi,7,2009,Pakistan,Sri Lanka
Umar Akmal,18,2009,Pakistan,Sri Lanka
Kamran Akmal,13,2009,Pakistan,Sri Lanka
Younis Khan,23,2009,Pakistan,Sri Lanka
Shoaib Malik,0,2009,Pakistan,Sri Lanka
Shahid Afridi,32,2009,Pakistan,Sri Lanka
Umar Akmal,66,2009,Pakistan,Sri Lanka
Kamran Akmal,45,2009,Pakistan,Sri Lanka
Younis Khan,44,2009,Pakistan,Sri Lanka
Shoaib Malik,12,2009,Pakistan,Sri Lanka
Misbah-ul-Haq,9,2009,Pakistan,Sri Lanka
Umar Akmal,102,2009,Pakistan,Sri Lanka
Kamran Akmal,57,2009,Pakistan,Sri Lanka
Younis Khan,89,2009,Pakistan,Sri Lanka
Mohammad Yousuf,6,2009,Pakistan,Sri Lanka
Shahid Afridi,2,2009,Pakistan,Sri Lanka
Misbah-ul-Haq,73,2009,Pakistan,Sri Lanka
Umar Akmal,6,2009,Pakistan,Sri Lanka
Kamran Akmal,0,2009,Pakistan,Sri Lanka
Younis Khan,76,2009,Pakistan,Sri Lanka
Mohammad Yousuf,43,2009,Pakistan,Sri Lanka
Shahid Afridi,5,2009,Pakistan,Sri Lanka
Saeed Ajmal,2,2010,Pakistan,Australia
Umar Akmal,23,2010,Pakistan,Australia
Kamran Akmal,34,2010,Pakistan,Australia
Younis Khan,46,2010,Pakistan,Australia
Mohammad Yousuf,2,2010,Pakistan,Australia
Shoaib Malik,28,2010,Pakistan,Australia
Shahid Afridi,48,2010,Pakistan,Australia
Saeed Ajmal,3,2010,Pakistan,Australia
Shahid Afridi,9,2010,Pakistan,Australia
Umar Akmal,0,2010,Pakistan,Australia
Kamran Akmal,16,2010,Pakistan,Australia
Younis Khan,0,2010,Pakistan,Australia
Mohammad Yousuf,58,2010,Pakistan,Australia
Shoaib Malik,2,2010,Pakistan,Australia
Saeed Ajmal,8,2010,Pakistan,Australia
Umar Akmal,59,2010,Pakistan,Australia
Kamran Akmal,1,2010,Pakistan,Australia
Younis Khan,12,2010,Pakistan,Australia
Mohammad Yousuf,11,2010,Pakistan,Australia
Shahid Afridi,40,2010,Pakistan,Australia
Saeed Ajmal,7,2010,Pakistan,Australia
Umar Akmal,38,2010,Pakistan,Australia
Kamran Akmal,17,2010,Pakistan,Australia
Younis Khan,6,2010,Pakistan,Australia
Mohammad Yousuf,10,2010,Pakistan,Australia
Shahid Afridi,29,2010,Pakistan,Australia
Umar Akmal,67,2010,Pakistan,Australia
Younis Khan,3,2010,Pakistan,Australia
Shoaib Malik,36,2010,Pakistan,Australia
Shahid Afridi,1,2010,Pakistan,Australia
Umar Akmal,41,2009,Pakistan,West Indies
Misbah-ul-Haq,6,2009,Pakistan,West Indies
Kamran Akmal,5,2009,Pakistan,West Indies
Shahid Afridi,17,2009,Pakistan,West Indies
Mohammad Yousuf,23,2009,Pakistan,West Indies
Shoaib Malik,23,2009,Pakistan,West Indies
Shahid Afridi,4,2009,Pakistan,India
Umar Akmal,0,2009,Pakistan,India
Kamran Akmal,19,2009,Pakistan,India
Younis Khan,20,2009,Pakistan,India
Mohammad Yousuf,87,2009,Pakistan,India
Shoaib Malik,128,2009,Pakistan,India
Misbah-ul-Haq,41,2009,Pakistan,Australia
Umar Akmal,2,2009,Pakistan,Australia
Kamran Akmal,44,2009,Pakistan,Australia
Younis Khan,18,2009,Pakistan,Australia
Mohammad Yousuf,45,2009,Pakistan,Australia
Shoaib Malik,27,2009,Pakistan,Australia
Shahid Afridi,15,2009,Pakistan,Australia
Saeed Ajmal,14,2009,Pakistan,New Zealand
Shahid Afridi,4,2009,Pakistan,New Zealand
Umar Akmal,55,2009,Pakistan,New Zealand
Kamran Akmal,24,2009,Pakistan,New Zealand
Younis Khan,15,2009,Pakistan,New Zealand
Mohammad Yousuf,45,2009,Pakistan,New Zealand
Shoaib Malik,2,2009,Pakistan,New Zealand
Umar Akmal,43,2010,Pakistan,England
Mohammad Hafeez,30,2010,Pakistan,England
Kamran Akmal,53,2010,Pakistan,England
Mohammad Yousuf,8,2010,Pakistan,England
Saeed Ajmal,9,2010,Pakistan,England
Shahid Afridi,19,2010,Pakistan,England
Saeed Ajmal,4,2010,Pakistan,England
Mohammad Hafeez,43,2010,Pakistan,England
Umar Akmal,28,2010,Pakistan,England
Kamran Akmal,74,2010,Pakistan,England
Mohammad Yousuf,46,2010,Pakistan,England
Shahid Afridi,9,2010,Pakistan,England
Saeed Ajmal,2,2010,Pakistan,England
Mohammad Yousuf,16,2010,Pakistan,England
Umar Akmal,14,2010,Pakistan,England
Mohammad Hafeez,1,2010,Pakistan,England
Kamran Akmal,5,2010,Pakistan,England
Shahid Afridi,34,2010,Pakistan,England
Mohammad Hafeez,64,2010,Pakistan,England
Shahid Afridi,37,2010,Pakistan,England
Umar Akmal,21,2010,Pakistan,England
Kamran Akmal,28,2010,Pakistan,England
Mohammad Yousuf,3,2010,Pakistan,England
Saeed Ajmal,2,2010,Pakistan,England
Mohammad Hafeez,29,2010,Pakistan,England
Umar Akmal,19,2010,Pakistan,England
Kamran Akmal,41,2010,Pakistan,England
Mohammad Yousuf,20,2010,Pakistan,England
Shahid Afridi,0,2010,Pakistan,England
Saeed Ajmal,0,2009,Pakistan,New Zealand
Younis Khan,0,2009,Pakistan,New Zealand
Mohammad Yousuf,30,2009,Pakistan,New Zealand
Umar Akmal,9,2009,Pakistan,New Zealand
Kamran Akmal,67,2009,Pakistan,New Zealand
Shahid Afridi,70,2009,Pakistan,New Zealand
Shoaib Malik,26,2009,Pakistan,New Zealand
Saeed Ajmal,3,2009,Pakistan,New Zealand
Kamran Akmal,4,2009,Pakistan,New Zealand
Mohammad Yousuf,18,2009,Pakistan,New Zealand
Younis Khan,19,2009,Pakistan,New Zealand
Shahid Afridi,0,2009,Pakistan,New Zealand
Umar Akmal,12,2009,Pakistan,New Zealand
Younis Khan,3,2009,Pakistan,New Zealand
Saeed Ajmal,33,2009,Pakistan,New Zealand
Kamran Akmal,4,2009,Pakistan,New Zealand
Shoaib Malik,11,2009,Pakistan,New Zealand
Shahid Afridi,5,2009,Pakistan,New Zealand
Ahmed Shehzad,1,2011,Pakistan,Kenya
Mohammad Hafeez,9,2011,Pakistan,Kenya
Misbah-ul-Haq,65,2011,Pakistan,Kenya
Umar Akmal,71,2011,Pakistan,Kenya
Kamran Akmal,55,2011,Pakistan,Kenya
Younis Khan,50,2011,Pakistan,Kenya
Shahid Afridi,7,2011,Pakistan,Kenya
Ahmed Shehzad,13,2011,Pakistan,Sri Lanka
Mohammad Hafeez,32,2011,Pakistan,Sri Lanka
Umar Akmal,10,2011,Pakistan,Sri Lanka
Kamran Akmal,39,2011,Pakistan,Sri Lanka
Younis Khan,72,2011,Pakistan,Sri Lanka
Misbah-ul-Haq,83,2011,Pakistan,Sri Lanka
Shahid Afridi,16,2011,Pakistan,Sri Lanka
Ahmed Shehzad,12,2011,Pakistan,Canada
Shahid Afridi,20,2011,Pakistan,Canada
Saeed Ajmal,0,2011,Pakistan,Canada
Younis Khan,6,2011,Pakistan,Canada
Umar Akmal,48,2011,Pakistan,Canada
Mohammad Hafeez,11,2011,Pakistan,Canada
Misbah-ul-Haq,37,2011,Pakistan,Canada
Kamran Akmal,16,2011,Pakistan,Canada
Umar Akmal,38,2011,Pakistan,New Zealand
Ahmed Shehzad,10,2011,Pakistan,New Zealand
Mohammad Hafeez,5,2011,Pakistan,New Zealand
Kamran Akmal,8,2011,Pakistan,New Zealand
Younis Khan,0,2011,Pakistan,New Zealand
Misbah-ul-Haq,7,2011,Pakistan,New Zealand
Shahid Afridi,17,2011,Pakistan,New Zealand
Ahmed Shehzad,8,2011,Pakistan,Zimbabwe
Mohammad Hafeez,49,2011,Pakistan,Zimbabwe
Younis Khan,13,2011,Pakistan,Zimbabwe
Shahid Afridi,3,2011,Pakistan,Zimbabwe
Mohammad Hafeez,5,2011,Pakistan,Australia
Kamran Akmal,23,2011,Pakistan,Australia
Umar Akmal,44,2011,Pakistan,Australia
Misbah-ul-Haq,0,2011,Pakistan,Australia
Younis Khan,31,2011,Pakistan,Australia
Shahid Afridi,2,2011,Pakistan,Australia
Kamran Akmal,47,2011,Pakistan,West Indies
Mohammad Hafeez,61,2011,Pakistan,West Indies
Younis Khan,13,2011,Pakistan,India
Umar Akmal,29,2011,Pakistan,India
Mohammad Hafeez,43,2011,Pakistan,India
Misbah-ul-Haq,56,2011,Pakistan,India
Kamran Akmal,19,2011,Pakistan,India
Saeed Ajmal,1,2011,Pakistan,India
Shahid Afridi,19,2011,Pakistan,India
Umar Akmal,30,2010,Pakistan,Sri Lanka
Kamran Akmal,14,2010,Pakistan,Sri Lanka
Shoaib Malik,8,2010,Pakistan,Sri Lanka
Shahid Afridi,109,2010,Pakistan,Sri Lanka
Saeed Ajmal,0,2010,Pakistan,India
Shahid Afridi,32,2010,Pakistan,India
Umar Akmal,21,2010,Pakistan,India
Kamran Akmal,51,2010,Pakistan,India
Shoaib Malik,39,2010,Pakistan,India
Umar Akmal,50,2010,Pakistan,Bangladesh
Kamran Akmal,23,2010,Pakistan,Bangladesh
Shahid Afridi,124,2010,Pakistan,Bangladesh
Mohammad Hafeez,68,2010,Pakistan,South Africa
Misbah-ul-Haq,14,2010,Pakistan,South Africa
Saeed Ajmal,3,2010,Pakistan,South Africa
Younis Khan,54,2010,Pakistan,South Africa
Shahid Afridi,1,2010,Pakistan,South Africa
Mohammad Hafeez,30,2010,Pakistan,South Africa
Saeed Ajmal,1,2010,Pakistan,South Africa
Younis Khan,18,2010,Pakistan,South Africa
Misbah-ul-Haq,17,2010,Pakistan,South Africa
Shahid Afridi,49,2010,Pakistan,South Africa
Younis Khan,0,2010,Pakistan,South Africa
Mohammad Hafeez,4,2010,Pakistan,South Africa
Saeed Ajmal,2,2010,Pakistan,South Africa
Shahid Afridi,7,2010,Pakistan,South Africa
Mohammad Hafeez,42,2010,Pakistan,South Africa
Younis Khan,73,2010,Pakistan,South Africa
Shahid Afridi,29,2010,Pakistan,South Africa
Umar Akmal,60,2010,Pakistan,South Africa
Mohammad Hafeez,59,2010,Pakistan,South Africa
Younis Khan,3,2010,Pakistan,South Africa
Mohammad Yousuf,3,2010,Pakistan,South Africa
Shahid Afridi,24,2010,Pakistan,South Africa
Mohammad Hafeez,0,2011,Pakistan,New Zealand
Misbah-ul-Haq,50,2011,Pakistan,New Zealand
Umar Akmal,0,2011,Pakistan,New Zealand
Kamran Akmal,8,2011,Pakistan,New Zealand
Younis Khan,24,2011,Pakistan,New Zealand
Shahid Afridi,15,2011,Pakistan,New Zealand
Ahmed Shehzad,0,2011,Pakistan,New Zealand
Mohammad Hafeez,115,2011,Pakistan,New Zealand
Misbah-ul-Haq,35,2011,Pakistan,New Zealand
Umar Akmal,44,2011,Pakistan,New Zealand
Kamran Akmal,6,2011,Pakistan,New Zealand
Younis Khan,12,2011,Pakistan,New Zealand
Shahid Afridi,65,2011,Pakistan,New Zealand
Umar Akmal,10,2011,Pakistan,New Zealand
Ahmed Shehzad,42,2011,Pakistan,New Zealand
Mohammad Hafeez,12,2011,Pakistan,New Zealand
Kamran Akmal,20,2011,Pakistan,New Zealand
Misbah-ul-Haq,93,2011,Pakistan,New Zealand
Younis Khan,42,2011,Pakistan,New Zealand
Shahid Afridi,4,2011,Pakistan,New Zealand
Ahmed Shehzad,115,2011,Pakistan,New Zealand
Mohammad Hafeez,14,2011,Pakistan,New Zealand
Misbah-ul-Haq,25,2011,Pakistan,New Zealand
Umar Akmal,32,2011,Pakistan,New Zealand
Kamran Akmal,17,2011,Pakistan,New Zealand
Younis Khan,21,2011,Pakistan,New Zealand
Shahid Afridi,24,2011,Pakistan,New Zealand
Umar Akmal,8,2011,Pakistan,New Zealand
Ahmed Shehzad,6,2011,Pakistan,New Zealand
Mohammad Hafeez,21,2011,Pakistan,New Zealand
Kamran Akmal,89,2011,Pakistan,New Zealand
Younis Khan,16,2011,Pakistan,New Zealand
Shahid Afridi,44,2011,Pakistan,New Zealand
Ahmed Shehzad,22,2011,Pakistan,West Indies
Mohammad Hafeez,54,2011,Pakistan,West Indies
Misbah-ul-Haq,73,2011,Pakistan,West Indies
Umar Akmal,17,2011,Pakistan,West Indies
Ahmed Shehzad,102,2011,Pakistan,West Indies
Mohammad Hafeez,32,2011,Pakistan,West Indies
Misbah-ul-Haq,43,2011,Pakistan,West Indies
Umar Akmal,30,2011,Pakistan,West Indies
Ahmed Shehzad,0,2011,Pakistan,West Indies
Mohammad Hafeez,5,2011,Pakistan,West Indies
Misbah-ul-Haq,62,2011,Pakistan,West Indies
Shahid Afridi,11,2011,Pakistan,West Indies
Ahmed Shehzad,6,2011,Pakistan,West Indies
Mohammad Hafeez,121,2011,Pakistan,West Indies
Saeed Ajmal,5,2011,Pakistan,West Indies
Misbah-ul-Haq,5,2011,Pakistan,West Indies
Shahid Afridi,8,2011,Pakistan,West Indies
Saeed Ajmal,5,2011,Pakistan,West Indies
Ahmed Shehzad,9,2011,Pakistan,West Indies
Mohammad Hafeez,55,2011,Pakistan,West Indies
Misbah-ul-Haq,1,2011,Pakistan,West Indies
Umar Akmal,24,2011,Pakistan,West Indies
Shahid Afridi,9,2011,Pakistan,West Indies
Saeed Ajmal,1,2011,Pakistan,Zimbabwe
Mohammad Hafeez,26,2011,Pakistan,Zimbabwe
Misbah-ul-Haq,54,2011,Pakistan,Zimbabwe
Umar Akmal,36,2011,Pakistan,Zimbabwe
Younis Khan,78,2011,Pakistan,Zimbabwe
Shoaib Malik,2,2011,Pakistan,Zimbabwe
Mohammad Hafeez,139,2011,Pakistan,Zimbabwe
Mohammad Hafeez,23,2011,Pakistan,Zimbabwe
Misbah-ul-Haq,29,2011,Pakistan,Zimbabwe
Younis Khan,81,2011,Pakistan,Zimbabwe
Shoaib Malik,14,2011,Pakistan,Zimbabwe
Mohammad Hafeez,5,2011,Pakistan,Sri Lanka
Younis Khan,56,2011,Pakistan,Sri Lanka
Umar Akmal,91,2011,Pakistan,Sri Lanka
Mohammad Hafeez,4,2011,Pakistan,Sri Lanka
Misbah-ul-Haq,21,2011,Pakistan,Sri Lanka
Shahid Afridi,29,2011,Pakistan,Sri Lanka
Younis Khan,0,2011,Pakistan,Sri Lanka
Saeed Ajmal,8,2011,Pakistan,Sri Lanka
Mohammad Hafeez,83,2011,Pakistan,Sri Lanka
Shahid Afridi,15,2011,Pakistan,Sri Lanka
Umar Akmal,7,2011,Pakistan,Sri Lanka
Younis Khan,42,2011,Pakistan,Sri Lanka
Misbah-ul-Haq,7,2011,Pakistan,Sri Lanka
Saeed Ajmal,20,2011,Pakistan,Sri Lanka
Younis Khan,18,2011,Pakistan,Sri Lanka
Umar Akmal,2,2011,Pakistan,Sri Lanka
Mohammad Hafeez,27,2011,Pakistan,Sri Lanka
Misbah-ul-Haq,16,2011,Pakistan,Sri Lanka
Shoaib Malik,2,2011,Pakistan,Sri Lanka
Shahid Afridi,75,2011,Pakistan,Sri Lanka
Mohammad Hafeez,14,2011,Pakistan,Sri Lanka
Umar Akmal,61,2011,Pakistan,Sri Lanka
Younis Khan,34,2011,Pakistan,Sri Lanka
Shoaib Malik,0,2011,Pakistan,Sri Lanka
Misbah-ul-Haq,66,2011,Pakistan,Sri Lanka
Shahid Afridi,4,2011,Pakistan,Sri Lanka
Umar Akmal,22,2012,Pakistan,England
Mohammad Hafeez,5,2012,Pakistan,England
Misbah-ul-Haq,14,2012,Pakistan,England
Saeed Ajmal,5,2012,Pakistan,England
Younis Khan,15,2012,Pakistan,England
Shahid Afridi,28,2012,Pakistan,England
Shoaib Malik,7,2012,Pakistan,England
Mohammad Hafeez,26,2012,Pakistan,England
Misbah-ul-Haq,47,2012,Pakistan,England
Umar Akmal,21,2012,Pakistan,England
Younis Khan,5,2012,Pakistan,England
Saeed Ajmal,7,2012,Pakistan,England
Shahid Afridi,18,2012,Pakistan,England
Saeed Ajmal,4,2012,Pakistan,England
Mohammad Hafeez,29,2012,Pakistan,England
Misbah-ul-Haq,1,2012,Pakistan,England
Umar Akmal,50,2012,Pakistan,England
Shahid Afridi,51,2012,Pakistan,England
Saeed Ajmal,1,2012,Pakistan,England
Mohammad Hafeez,1,2012,Pakistan,England
Misbah-ul-Haq,46,2012,Pakistan,England
Umar Akmal,12,2012,Pakistan,England
Shoaib Malik,23,2012,Pakistan,England
Shahid Afridi,9,2012,Pakistan,England
Saeed Ajmal,8,2012,Pakistan,Bangladesh
Mohammad Hafeez,89,2012,Pakistan,Bangladesh
Shahid Afridi,0,2012,Pakistan,Bangladesh
Umar Akmal,21,2012,Pakistan,Bangladesh
Younis Khan,12,2012,Pakistan,Bangladesh
Misbah-ul-Haq,8,2012,Pakistan,Bangladesh
Umar Akmal,77,2012,Pakistan,Sri Lanka
Mohammad Hafeez,11,2012,Pakistan,Sri Lanka
Misbah-ul-Haq,72,2012,Pakistan,Sri Lanka
Younis Khan,2,2012,Pakistan,Sri Lanka
Misbah-ul-Haq,4,2012,Pakistan,India
Umar Akmal,28,2012,Pakistan,India
Mohammad Hafeez,105,2012,Pakistan,India
Younis Khan,52,2012,Pakistan,India
Shahid Afridi,9,2012,Pakistan,India
Mohammad Hafeez,40,2012,Pakistan,Bangladesh
Saeed Ajmal,4,2012,Pakistan,Bangladesh
Shahid Afridi,32,2012,Pakistan,Bangladesh
Umar Akmal,30,2012,Pakistan,Bangladesh
Younis Khan,1,2012,Pakistan,Bangladesh
Misbah-ul-Haq,13,2012,Pakistan,Bangladesh
Younis Khan,2,2011,Pakistan,Bangladesh
Umar Akmal,7,2011,Pakistan,Bangladesh
Mohammad Hafeez,22,2011,Pakistan,Bangladesh
Misbah-ul-Haq,16,2011,Pakistan,Bangladesh
Shahid Afridi,24,2011,Pakistan,Bangladesh
Mohammad Hafeez,32,2011,Pakistan,Bangladesh
Shahid Afridi,42,2011,Pakistan,Bangladesh
Umar Akmal,59,2011,Pakistan,Bangladesh
Younis Khan,37,2011,Pakistan,Bangladesh
Shoaib Malik,17,2011,Pakistan,Bangladesh
Misbah-ul-Haq,37,2011,Pakistan,Bangladesh
Saeed Ajmal,3,2011,Pakistan,Bangladesh
Younis Khan,26,2011,Pakistan,Bangladesh
Misbah-ul-Haq,47,2011,Pakistan,Bangladesh
Umar Akmal,57,2011,Pakistan,Bangladesh
Mohammad Hafeez,0,2011,Pakistan,Bangladesh
Shoaib Malik,0,2011,Pakistan,Bangladesh
Shahid Afridi,9,2011,Pakistan,Bangladesh
Mohammad Hafeez,8,2012,Pakistan,Afghanistan
Younis Khan,70,2012,Pakistan,Afghanistan
Misbah-ul-Haq,40,2012,Pakistan,Afghanistan
Umar Akmal,36,2012,Pakistan,Sri Lanka
Mohammad Hafeez,37,2012,Pakistan,Sri Lanka
Misbah-ul-Haq,30,2012,Pakistan,Sri Lanka
Younis Khan,5,2012,Pakistan,Sri Lanka
Shahid Afridi,2,2012,Pakistan,Sri Lanka
Saeed Ajmal,4,2012,Pakistan,Sri Lanka
Misbah-ul-Haq,27,2012,Pakistan,Sri Lanka
Umar Akmal,3,2012,Pakistan,Sri Lanka
Younis Khan,4,2012,Pakistan,Sri Lanka
Mohammad Hafeez,14,2012,Pakistan,Sri Lanka
Shahid Afridi,17,2012,Pakistan,Sri Lanka
Umar Akmal,0,2012,Pakistan,Sri Lanka
Mohammad Hafeez,0,2012,Pakistan,Sri Lanka
Misbah-ul-Haq,57,2012,Pakistan,Sri Lanka
Younis Khan,1,2012,Pakistan,Sri Lanka
Saeed Ajmal,12,2012,Pakistan,Sri Lanka
Shahid Afridi,0,2012,Pakistan,Sri Lanka
Mohammad Hafeez,6,2012,Pakistan,Sri Lanka
Umar Akmal,55,2012,Pakistan,Sri Lanka
Misbah-ul-Haq,32,2012,Pakistan,Sri Lanka
Shahid Afridi,9,2012,Pakistan,Sri Lanka
Mohammad Hafeez,25,2013,Pakistan,South Africa
Misbah-ul-Haq,38,2013,Pakistan,South Africa
Shahid Afridi,34,2013,Pakistan,South Africa
Kamran Akmal,2,2013,Pakistan,South Africa
Younis Khan,30,2013,Pakistan,South Africa
Saeed Ajmal,0,2013,Pakistan,South Africa
Shoaib Malik,19,2013,Pakistan,South Africa
Mohammad Hafeez,31,2013,Pakistan,South Africa
Kamran Akmal,18,2013,Pakistan,South Africa
Younis Khan,32,2013,Pakistan,South Africa
Misbah-ul-Haq,57,2013,Pakistan,South Africa
Shoaib Malik,35,2013,Pakistan,South Africa
Mohammad Hafeez,57,2013,Pakistan,South Africa
Misbah-ul-Haq,28,2013,Pakistan,South Africa
Shahid Afridi,88,2013,Pakistan,South Africa
Kamran Akmal,30,2013,Pakistan,South Africa
Younis Khan,19,2013,Pakistan,South Africa
Saeed Ajmal,8,2013,Pakistan,South Africa
Shoaib Malik,4,2013,Pakistan,South Africa
Mohammad Hafeez,0,2013,Pakistan,South Africa
Saeed Ajmal,5,2013,Pakistan,South Africa
Kamran Akmal,11,2013,Pakistan,South Africa
Younis Khan,6,2013,Pakistan,South Africa
Shoaib Malik,19,2013,Pakistan,South Africa
Misbah-ul-Haq,80,2013,Pakistan,South Africa
Shahid Afridi,4,2013,Pakistan,South Africa
Mohammad Hafeez,5,2013,Pakistan,South Africa
Misbah-ul-Haq,24,2013,Pakistan,South Africa
Saeed Ajmal,1,2013,Pakistan,South Africa
Kamran Akmal,48,2013,Pakistan,South Africa
Younis Khan,29,2013,Pakistan,South Africa
Shoaib Malik,28,2013,Pakistan,South Africa
Shahid Afridi,0,2013,Pakistan,South Africa
Saeed Ajmal,8,2012,Pakistan,Australia
Mohammad Hafeez,4,2012,Pakistan,Australia
Misbah-ul-Haq,26,2012,Pakistan,Australia
Umar Akmal,52,2012,Pakistan,Australia
Kamran Akmal,4,2012,Pakistan,Australia
Shahid Afridi,0,2012,Pakistan,Australia
Mohammad Hafeez,23,2012,Pakistan,Australia
Misbah-ul-Haq,35,2012,Pakistan,Australia
Mohammad Hafeez,78,2012,Pakistan,Australia
Misbah-ul-Haq,25,2012,Pakistan,Australia
Umar Akmal,0,2012,Pakistan,Australia
Kamran Akmal,2,2012,Pakistan,Australia
Shahid Afridi,7,2012,Pakistan,Australia
Mohammad Hafeez,4,2013,Pakistan,West Indies
Misbah-ul-Haq,96,2013,Pakistan,West Indies
Saeed Ajmal,2,2013,Pakistan,West Indies
Kamran Akmal,2,2013,Pakistan,West Indies
Shoaib Malik,0,2013,Pakistan,West Indies
Kamran Akmal,0,2013,Pakistan,South Africa
Mohammad Hafeez,7,2013,Pakistan,South Africa
Saeed Ajmal,5,2013,Pakistan,South Africa
Shoaib Malik,8,2013,Pakistan,South Africa
Misbah-ul-Haq,55,2013,Pakistan,South Africa
Mohammad Hafeez,27,2013,Pakistan,India
Misbah-ul-Haq,22,2013,Pakistan,India
Saeed Ajmal,5,2013,Pakistan,India
Kamran Akmal,21,2013,Pakistan,India
Shoaib Malik,17,2013,Pakistan,India
Mohammad Hafeez,0,2012,Pakistan,India
Misbah-ul-Haq,16,2012,Pakistan,India
Younis Khan,58,2012,Pakistan,India
Shoaib Malik,34,2012,Pakistan,India
Mohammad Hafeez,76,2013,Pakistan,India
Misbah-ul-Haq,2,2013,Pakistan,India
Saeed Ajmal,7,2013,Pakistan,India
Kamran Akmal,0,2013,Pakistan,India
Younis Khan,10,2013,Pakistan,India
Shoaib Malik,24,2013,Pakistan,India
Saeed Ajmal,1,2013,Pakistan,India
Younis Khan,6,2013,Pakistan,India
Umar Akmal,25,2013,Pakistan,India
Mohammad Hafeez,21,2013,Pakistan,India
Misbah-ul-Haq,39,2013,Pakistan,India
Kamran Akmal,0,2013,Pakistan,India
Shoaib Malik,5,2013,Pakistan,India
Mohammad Hafeez,18,2013,Pakistan,Scotland
Misbah-ul-Haq,83,2013,Pakistan,Scotland
Saeed Ajmal,28,2013,Pakistan,Scotland
Kamran Akmal,12,2013,Pakistan,Scotland
Mohammad Hafeez,2,2013,Pakistan,Ireland
Misbah-ul-Haq,24,2013,Pakistan,Ireland
Shoaib Malik,43,2013,Pakistan,Ireland
Kamran Akmal,81,2013,Pakistan,Ireland
Ahmed Shehzad,5,2013,Pakistan,West Indies
Saeed Ajmal,15,2013,Pakistan,West Indies
Umar Akmal,19,2013,Pakistan,West Indies
Mohammad Hafeez,1,2013,Pakistan,West Indies
Misbah-ul-Haq,52,2013,Pakistan,West Indies
Shahid Afridi,76,2013,Pakistan,West Indies
Umar Akmal,50,2013,Pakistan,West Indies
Ahmed Shehzad,19,2013,Pakistan,West Indies
Mohammad Hafeez,20,2013,Pakistan,West Indies
Misbah-ul-Haq,17,2013,Pakistan,West Indies
Saeed Ajmal,1,2013,Pakistan,West Indies
Shahid Afridi,5,2013,Pakistan,West Indies
Umar Akmal,29,2013,Pakistan,West Indies
Ahmed Shehzad,14,2013,Pakistan,West Indies
Mohammad Hafeez,59,2013,Pakistan,West Indies
Misbah-ul-Haq,53,2013,Pakistan,West Indies
Shahid Afridi,7,2013,Pakistan,West Indies
Ahmed Shehzad,64,2013,Pakistan,West Indies
Mohammad Hafeez,11,2013,Pakistan,West Indies
Misbah-ul-Haq,63,2013,Pakistan,West Indies
Saeed Ajmal,1,2013,Pakistan,West Indies
Shahid Afridi,13,2013,Pakistan,West Indies
Umar Akmal,37,2013,Pakistan,West Indies
Ahmed Shehzad,58,2013,Pakistan,South Africa
Umar Akmal,18,2013,Pakistan,South Africa
Saeed Ajmal,1,2013,Pakistan,South Africa
Mohammad Hafeez,28,2013,Pakistan,South Africa
Misbah-ul-Haq,31,2013,Pakistan,South Africa
Shahid Afridi,9,2013,Pakistan,South Africa
Ahmed Shehzad,58,2013,Pakistan,South Africa
Saeed Ajmal,0,2013,Pakistan,South Africa
Umar Akmal,18,2013,Pakistan,South Africa
Mohammad Hafeez,26,2013,Pakistan,South Africa
Misbah-ul-Haq,25,2013,Pakistan,South Africa
Shahid Afridi,26,2013,Pakistan,South Africa
Ahmed Shehzad,32,2013,Pakistan,South Africa
Mohammad Hafeez,15,2013,Pakistan,South Africa
Misbah-ul-Haq,19,2013,Pakistan,South Africa
Umar Akmal,7,2013,Pakistan,South Africa
Saeed Ajmal,1,2013,Pakistan,South Africa
Shahid Afridi,6,2013,Pakistan,South Africa
Ahmed Shehzad,43,2013,Pakistan,South Africa
Mohammad Hafeez,33,2013,Pakistan,South Africa
Misbah-ul-Haq,65,2013,Pakistan,South Africa
Umar Akmal,22,2013,Pakistan,South Africa
Saeed Ajmal,0,2013,Pakistan,South Africa
Shahid Afridi,3,2013,Pakistan,South Africa
Ahmed Shehzad,2,2013,Pakistan,South Africa
Mohammad Hafeez,6,2013,Pakistan,South Africa
Umar Akmal,30,2013,Pakistan,South Africa
Misbah-ul-Haq,18,2013,Pakistan,South Africa
Saeed Ajmal,1,2013,Pakistan,South Africa
Shahid Afridi,9,2013,Pakistan,South Africa
Younis Khan,6,2015,Pakistan,India
Ahmed Shehzad,47,2015,Pakistan,India
Misbah-ul-Haq,76,2015,Pakistan,India
Umar Akmal,0,2015,Pakistan,India
Shahid Afridi,22,2015,Pakistan,India
Umar Akmal,59,2015,Pakistan,West Indies
Ahmed Shehzad,1,2015,Pakistan,West Indies
Misbah-ul-Haq,7,2015,Pakistan,West Indies
Younis Khan,0,2015,Pakistan,West Indies
Shahid Afridi,28,2015,Pakistan,West Indies
Ahmed Shehzad,0,2015,Pakistan,Zimbabwe
Misbah-ul-Haq,73,2015,Pakistan,Zimbabwe
Umar Akmal,33,2015,Pakistan,Zimbabwe
Shahid Afridi,0,2015,Pakistan,Zimbabwe
Ahmed Shehzad,93,2015,Pakistan,United Arab Emirates
Misbah-ul-Haq,65,2015,Pakistan,United Arab Emirates
Umar Akmal,19,2015,Pakistan,United Arab Emirates
Shahid Afridi,21,2015,Pakistan,United Arab Emirates
Younis Khan,37,2015,Pakistan,South Africa
Ahmed Shehzad,18,2015,Pakistan,South Africa
Umar Akmal,13,2015,Pakistan,South Africa
Misbah-ul-Haq,56,2015,Pakistan,South Africa
Shahid Afridi,22,2015,Pakistan,South Africa
Umar Akmal,20,2015,Pakistan,Ireland
Ahmed Shehzad,63,2015,Pakistan,Ireland
Misbah-ul-Haq,39,2015,Pakistan,Ireland
Ahmed Shehzad,5,2015,Pakistan,Australia
Umar Akmal,20,2015,Pakistan,Australia
Misbah-ul-Haq,34,2015,Pakistan,Australia
Shahid Afridi,23,2015,Pakistan,Australia
Ahmed Shehzad,11,2013,Pakistan,Sri Lanka
Mohammad Hafeez,122,2013,Pakistan,Sri Lanka
Umar Akmal,9,2013,Pakistan,Sri Lanka
Shahid Afridi,34,2013,Pakistan,Sri Lanka
Ahmed Shehzad,124,2013,Pakistan,Sri Lanka
Mohammad Hafeez,32,2013,Pakistan,Sri Lanka
Misbah-ul-Haq,59,2013,Pakistan,Sri Lanka
Shahid Afridi,30,2013,Pakistan,Sri Lanka
Ahmed Shehzad,81,2013,Pakistan,Sri Lanka
Mohammad Hafeez,140,2013,Pakistan,Sri Lanka
Umar Akmal,23,2013,Pakistan,Sri Lanka
Misbah-ul-Haq,40,2013,Pakistan,Sri Lanka
Shahid Afridi,2,2013,Pakistan,Sri Lanka
Ahmed Shehzad,44,2013,Pakistan,Sri Lanka
Mohammad Hafeez,113,2013,Pakistan,Sri Lanka
Saeed Ajmal,8,2013,Pakistan,Sri Lanka
Ahmed Shehzad,17,2013,Pakistan,Sri Lanka
Mohammad Hafeez,41,2013,Pakistan,Sri Lanka
Misbah-ul-Haq,51,2013,Pakistan,Sri Lanka
Umar Akmal,20,2013,Pakistan,Sri Lanka
Ahmed Shehzad,24,2013,Pakistan,Zimbabwe
Mohammad Hafeez,70,2013,Pakistan,Zimbabwe
Saeed Ajmal,3,2013,Pakistan,Zimbabwe
Misbah-ul-Haq,83,2013,Pakistan,Zimbabwe
Shahid Afridi,11,2013,Pakistan,Zimbabwe
Ahmed Shehzad,5,2013,Pakistan,Zimbabwe
Mohammad Hafeez,136,2013,Pakistan,Zimbabwe
Misbah-ul-Haq,3,2013,Pakistan,Zimbabwe
Shahid Afridi,39,2013,Pakistan,Zimbabwe
Ahmed Shehzad,54,2013,Pakistan,Zimbabwe
Mohammad Hafeez,26,2013,Pakistan,Zimbabwe
Misbah-ul-Haq,67,2013,Pakistan,Zimbabwe
Shahid Afridi,7,2013,Pakistan,Zimbabwe
Saeed Ajmal,3,2013,Pakistan,South Africa
Ahmed Shehzad,35,2013,Pakistan,South Africa
Mohammad Hafeez,5,2013,Pakistan,South Africa
Misbah-ul-Haq,13,2013,Pakistan,South Africa
Umar Akmal,0,2013,Pakistan,South Africa
Shahid Afridi,26,2013,Pakistan,South Africa
Saeed Ajmal,0,2013,Pakistan,South Africa
Ahmed Shehzad,102,2013,Pakistan,South Africa
Mohammad Hafeez,8,2013,Pakistan,South Africa
Misbah-ul-Haq,12,2013,Pakistan,South Africa
Umar Akmal,42,2013,Pakistan,South Africa
Shahid Afridi,11,2013,Pakistan,South Africa
Saeed Ajmal,0,2013,Pakistan,South Africa
Ahmed Shehzad,0,2013,Pakistan,South Africa
Misbah-ul-Haq,79,2013,Pakistan,South Africa
Umar Akmal,5,2013,Pakistan,South Africa
Umar Akmal,74,2014,Pakistan,Sri Lanka
Ahmed Shehzad,28,2014,Pakistan,Sri Lanka
Mohammad Hafeez,18,2014,Pakistan,Sri Lanka
Misbah-ul-Haq,73,2014,Pakistan,Sri Lanka
Saeed Ajmal,10,2014,Pakistan,Sri Lanka
Shahid Afridi,4,2014,Pakistan,Sri Lanka
Saeed Ajmal,1,2014,Pakistan,Afghanistan
Ahmed Shehzad,50,2014,Pakistan,Afghanistan
Mohammad Hafeez,10,2014,Pakistan,Afghanistan
Umar Akmal,102,2014,Pakistan,Afghanistan
Shahid Afridi,6,2014,Pakistan,Afghanistan
Umar Akmal,4,2014,Pakistan,India
Ahmed Shehzad,42,2014,Pakistan,India
Mohammad Hafeez,75,2014,Pakistan,India
Misbah-ul-Haq,1,2014,Pakistan,India
Shahid Afridi,34,2014,Pakistan,India
Saeed Ajmal,0,2014,Pakistan,India
Umar Akmal,14,2014,Pakistan,Bangladesh
Ahmed Shehzad,103,2014,Pakistan,Bangladesh
Mohammad Hafeez,52,2014,Pakistan,Bangladesh
Misbah-ul-Haq,4,2014,Pakistan,Bangladesh
Shahid Afridi,59,2014,Pakistan,Bangladesh
Ahmed Shehzad,5,2014,Pakistan,Sri Lanka
Mohammad Hafeez,3,2014,Pakistan,Sri Lanka
Misbah-ul-Haq,65,2014,Pakistan,Sri Lanka
Umar Akmal,59,2014,Pakistan,Sri Lanka
Ahmed Shehzad,4,2014,Pakistan,Australia
Misbah-ul-Haq,0,2014,Pakistan,Australia
Umar Akmal,46,2014,Pakistan,Australia
Shahid Afridi,5,2014,Pakistan,Australia
Ahmed Shehzad,61,2014,Pakistan,Australia
Umar Akmal,5,2014,Pakistan,Australia
Misbah-ul-Haq,15,2014,Pakistan,Australia
Shahid Afridi,2,2014,Pakistan,Australia
Ahmed Shehzad,26,2014,Pakistan,Australia
Shahid Afridi,6,2014,Pakistan,Australia
Ahmed Shehzad,28,2014,Pakistan,New Zealand
Mohammad Hafeez,6,2014,Pakistan,New Zealand
Misbah-ul-Haq,13,2014,Pakistan,New Zealand
Shahid Afridi,61,2014,Pakistan,New Zealand
Younis Khan,4,2014,Pakistan,New Zealand
Ahmed Shehzad,0,2014,Pakistan,New Zealand
Mohammad Hafeez,76,2014,Pakistan,New Zealand
Younis Khan,6,2014,Pakistan,New Zealand
Misbah-ul-Haq,47,2014,Pakistan,New Zealand
Shahid Afridi,27,2014,Pakistan,New Zealand
Ahmed Shehzad,113,2014,Pakistan,New Zealand
Mohammad Hafeez,33,2014,Pakistan,New Zealand
Shahid Afridi,55,2014,Pakistan,New Zealand
Umar Akmal,0,2014,Pakistan,New Zealand
Younis Khan,35,2014,Pakistan,New Zealand
Ahmed Shehzad,0,2014,Pakistan,New Zealand
Mohammad Hafeez,3,2014,Pakistan,New Zealand
Umar Akmal,29,2014,Pakistan,New Zealand
Younis Khan,103,2014,Pakistan,New Zealand
Shahid Afridi,49,2014,Pakistan,New Zealand
Ahmed Shehzad,54,2014,Pakistan,New Zealand
Shahid Afridi,13,2014,Pakistan,New Zealand
Umar Akmal,6,2014,Pakistan,New Zealand
Younis Khan,12,2014,Pakistan,New Zealand
Ahmed Shehzad,49,2014,Pakistan,Sri Lanka
Mohammad Hafeez,21,2014,Pakistan,Sri Lanka
Umar Akmal,15,2014,Pakistan,Sri Lanka
Misbah-ul-Haq,13,2014,Pakistan,Sri Lanka
Younis Khan,3,2014,Pakistan,Sri Lanka
Shahid Afridi,14,2014,Pakistan,Sri Lanka
Ahmed Shehzad,56,2014,Pakistan,Sri Lanka
Mohammad Hafeez,62,2014,Pakistan,Sri Lanka
Umar Akmal,1,2014,Pakistan,Sri Lanka
Misbah-ul-Haq,36,2014,Pakistan,Sri Lanka
Shahid Afridi,17,2014,Pakistan,Sri Lanka
Saeed Ajmal,6,2014,Pakistan,Sri Lanka
Ahmed Shehzad,10,2014,Pakistan,Sri Lanka
Mohammad Hafeez,1,2014,Pakistan,Sri Lanka
Misbah-ul-Haq,18,2014,Pakistan,Sri Lanka
Umar Akmal,7,2014,Pakistan,Sri Lanka
Shahid Afridi,2,2014,Pakistan,Sri Lanka
Ahmed Shehzad,15,2015,Pakistan,New Zealand
Mohammad Hafeez,0,2015,Pakistan,New Zealand
Shahid Afridi,67,2015,Pakistan,New Zealand
Umar Akmal,13,2015,Pakistan,New Zealand
Younis Khan,9,2015,Pakistan,New Zealand
Misbah-ul-Haq,58,2015,Pakistan,New Zealand
Ahmed Shehzad,55,2015,Pakistan,New Zealand
Mohammad Hafeez,86,2015,Pakistan,New Zealand
Misbah-ul-Haq,45,2015,Pakistan,New Zealand
Umar Akmal,4,2015,Pakistan,New Zealand
Younis Khan,11,2015,Pakistan,New Zealand
Shahid Afridi,11,2015,Pakistan,New Zealand
Mohammad Hafeez,4,2015,Pakistan,Bangladesh
Saeed Ajmal,0,2015,Pakistan,Bangladesh
Mohammad Hafeez,0,2015,Pakistan,Bangladesh
Mohammad Hafeez,4,2015,Pakistan,Bangladesh
Ahmed Shehzad,29,2015,Pakistan,Sri Lanka
Mohammad Hafeez,103,2015,Pakistan,Sri Lanka
Shoaib Malik,55,2015,Pakistan,Sri Lanka
Ahmed Shehzad,30,2015,Pakistan,Sri Lanka
Mohammad Hafeez,9,2015,Pakistan,Sri Lanka
Shoaib Malik,51,2015,Pakistan,Sri Lanka
Ahmed Shehzad,44,2015,Pakistan,Sri Lanka
Mohammad Hafeez,54,2015,Pakistan,Sri Lanka
Shoaib Malik,42,2015,Pakistan,Sri Lanka
Ahmed Shehzad,95,2015,Pakistan,Sri Lanka
Mohammad Hafeez,70,2015,Pakistan,Sri Lanka
Shoaib Malik,29,2015,Pakistan,Sri Lanka
Ahmed Shehzad,18,2015,Pakistan,Sri Lanka
Mohammad Hafeez,37,2015,Pakistan,Sri Lanka
Shoaib Malik,11,2015,Pakistan,Sri Lanka
Shoaib Malik,112,2015,Pakistan,Zimbabwe
Mohammad Hafeez,86,2015,Pakistan,Zimbabwe
Mohammad Hafeez,15,2015,Pakistan,Zimbabwe
Shoaib Malik,36,2015,Pakistan,Zimbabwe
Mohammad Hafeez,102,2015,Pakistan,England
Younis Khan,9,2015,Pakistan,England
Shoaib Malik,26,2015,Pakistan,England
Mohammad Hafeez,0,2015,Pakistan,England
Shoaib Malik,13,2015,Pakistan,England
Mohammad Hafeez,45,2015,Pakistan,England
Shoaib Malik,16,2015,Pakistan,England
Ahmed Shehzad,13,2015,Pakistan,England
Mohammad Hafeez,37,2015,Pakistan,England
Shoaib Malik,52,2015,Pakistan,England
Mohammad Hafeez,37,2016,Pakistan,Ireland
Shoaib Malik,57,2016,Pakistan,Ireland
Mohammad Hafeez,11,2016,Pakistan,England
Shoaib Malik,17,2016,Pakistan,England
Shoaib Malik,28,2016,Pakistan,England
Shoaib Malik,1,2016,Pakistan,England
Shoaib Malik,77,2016,Pakistan,England
Ahmed Shehzad,13,2016,Pakistan,New Zealand
Mohammad Hafeez,42,2016,Pakistan,New Zealand
Ahmed Shehzad,12,2016,Pakistan,New Zealand
Mohammad Hafeez,76,2016,Pakistan,New Zealand
Shoaib Malik,32,2016,Pakistan,New Zealand
Ahmed Shehzad,12,2015,Pakistan,Zimbabwe
Mohammad Hafeez,10,2015,Pakistan,Zimbabwe
Shoaib Malik,31,2015,Pakistan,Zimbabwe
Mohammad Hafeez,27,2015,Pakistan,Zimbabwe
Shoaib Malik,96,2015,Pakistan,Zimbabwe
Ahmed Shehzad,32,2015,Pakistan,Zimbabwe
Mohammad Hafeez,13,2015,Pakistan,Zimbabwe
Shoaib Malik,34,2015,Pakistan,Zimbabwe
