HH Gibbs,16,2006,South Africa,Australia
MV Boucher,63,2006,South Africa,Australia
JH Kallis,0,2006,South Africa,Australia
GC Smith,12,2006,South Africa,Australia
MV Boucher,5,2006,South Africa,Australia
HH Gibbs,39,2006,South Africa,Australia
GC Smith,9,2006,South Africa,Australia
MV Boucher,0,2006,South Africa,Australia
HH Gibbs,33,2006,South Africa,Australia
GC Smith,0,2006,South Africa,Australia
MV Boucher,76,2006,South Africa,Australia
GC Smith,6,2006,South Africa,Australia
HH Gibbs,46,2006,South Africa,Australia
MV Boucher,62,2006,South Africa,Sri Lanka
GC Smith,3,2006,South Africa,Sri Lanka
HH Gibbs,7,2006,South Africa,Sri Lanka
HH Gibbs,68,2006,South Africa,Sri Lanka
GC Smith,28,2006,South Africa,Sri Lanka
MV Boucher,30,2006,South Africa,Sri Lanka
GC Smith,41,2006,South Africa,Sri Lanka
HH Gibbs,4,2006,South Africa,Sri Lanka
HH Gibbs,0,2006,South Africa,Sri Lanka
MV Boucher,24,2006,South Africa,Sri Lanka
GC Smith,67,2006,South Africa,Sri Lanka
MV Boucher,4,2006,South Africa,Australia
HH Gibbs,0,2006,South Africa,Australia
AB de Villiers,43,2006,South Africa,Australia
GC Smith,119,2006,South Africa,Australia
MV Boucher,42,2006,South Africa,Australia
AB de Villiers,18,2006,South Africa,Australia
GC Smith,24,2006,South Africa,Australia
HH Gibbs,66,2006,South Africa,Australia
MV Boucher,5,2006,South Africa,Australia
HH Gibbs,16,2006,South Africa,Australia
AB de Villiers,68,2006,South Africa,Australia
GC Smith,10,2006,South Africa,Australia
MV Boucher,19,2006,South Africa,Australia
AB de Villiers,38,2006,South Africa,Australia
JH Kallis,21,2006,South Africa,Australia
GC Smith,1,2006,South Africa,Australia
HH Gibbs,1,2006,South Africa,Australia
MV Boucher,50,2006,South Africa,Australia
AB de Villiers,14,2006,South Africa,Australia
JH Kallis,20,2006,South Africa,Australia
GC Smith,90,2006,South Africa,Australia
HH Gibbs,175,2006,South Africa,Australia
MV Boucher,75,2007,South Africa,Netherlands
AB de Villiers,0,2007,South Africa,Netherlands
JH Kallis,128,2007,South Africa,Netherlands
HH Gibbs,72,2007,South Africa,Netherlands
GC Smith,67,2007,South Africa,Netherlands
AB de Villiers,62,2007,South Africa,Scotland
GC Smith,91,2007,South Africa,Scotland
MV Boucher,22,2007,South Africa,Australia
HH Gibbs,17,2007,South Africa,Australia
AB de Villiers,92,2007,South Africa,Australia
JH Kallis,48,2007,South Africa,Australia
GC Smith,74,2007,South Africa,Australia
AB de Villiers,0,2007,South Africa,Sri Lanka
JH Kallis,86,2007,South Africa,Sri Lanka
HH Gibbs,31,2007,South Africa,Sri Lanka
GC Smith,59,2007,South Africa,Sri Lanka
MV Boucher,0,2007,South Africa,Sri Lanka
JH Kallis,66,2007,South Africa,Ireland
AB de Villiers,0,2007,South Africa,Ireland
GC Smith,41,2007,South Africa,Ireland
HH Gibbs,6,2007,South Africa,Ireland
MV Boucher,12,2007,South Africa,Bangladesh
AB de Villiers,15,2007,South Africa,Bangladesh
JH Kallis,32,2007,South Africa,Bangladesh
GC Smith,12,2007,South Africa,Bangladesh
HH Gibbs,56,2007,South Africa,Bangladesh
MV Boucher,52,2007,South Africa,West Indies
JH Kallis,81,2007,South Africa,West Indies
GC Smith,7,2007,South Africa,West Indies
AB de Villiers,146,2007,South Africa,West Indies
HH Gibbs,61,2007,South Africa,West Indies
MV Boucher,16,2007,South Africa,New Zealand
HH Gibbs,60,2007,South Africa,New Zealand
AB de Villiers,0,2007,South Africa,New Zealand
JH Kallis,22,2007,South Africa,New Zealand
GC Smith,1,2007,South Africa,New Zealand
JH Kallis,17,2007,South Africa,England
AB de Villiers,42,2007,South Africa,England
GC Smith,89,2007,South Africa,England
MV Boucher,0,2007,South Africa,Australia
AB de Villiers,15,2007,South Africa,Australia
JH Kallis,5,2007,South Africa,Australia
GC Smith,2,2007,South Africa,Australia
HH Gibbs,39,2007,South Africa,Australia
MV Boucher,23,2006,South Africa,India
HH Gibbs,2,2006,South Africa,India
AB de Villiers,41,2006,South Africa,India
JH Kallis,119,2006,South Africa,India
GC Smith,1,2006,South Africa,India
MV Boucher,4,2006,South Africa,India
JH Kallis,0,2006,South Africa,India
GC Smith,0,2006,South Africa,India
AB de Villiers,29,2006,South Africa,India
HH Gibbs,35,2006,South Africa,India
MV Boucher,29,2006,South Africa,India
HH Gibbs,93,2006,South Africa,India
JH Kallis,49,2006,South Africa,India
GC Smith,0,2006,South Africa,India
AB de Villiers,13,2006,South Africa,India
AB de Villiers,92,2006,South Africa,India
GC Smith,79,2006,South Africa,India
JH Kallis,8,2006,South Africa,New Zealand
MV Boucher,8,2006,South Africa,New Zealand
HH Gibbs,0,2006,South Africa,New Zealand
GC Smith,42,2006,South Africa,New Zealand
MV Boucher,29,2006,South Africa,Sri Lanka
HH Gibbs,16,2006,South Africa,Sri Lanka
AB de Villiers,54,2006,South Africa,Sri Lanka
JH Kallis,43,2006,South Africa,Sri Lanka
GC Smith,10,2006,South Africa,Sri Lanka
MV Boucher,69,2006,South Africa,Pakistan
AB de Villiers,10,2006,South Africa,Pakistan
GC Smith,0,2006,South Africa,Pakistan
JH Kallis,17,2006,South Africa,Pakistan
HH Gibbs,0,2006,South Africa,Pakistan
MV Boucher,16,2006,South Africa,West Indies
HH Gibbs,77,2006,South Africa,West Indies
AB de Villiers,46,2006,South Africa,West Indies
JH Kallis,16,2006,South Africa,West Indies
GC Smith,19,2006,South Africa,West Indies
MV Boucher,78,2007,South Africa,Pakistan
AB de Villiers,67,2007,South Africa,Pakistan
JH Kallis,88,2007,South Africa,Pakistan
GC Smith,72,2007,South Africa,Pakistan
MV Boucher,21,2007,South Africa,Pakistan
AB de Villiers,43,2007,South Africa,Pakistan
JH Kallis,34,2007,South Africa,Pakistan
HH Gibbs,14,2007,South Africa,Pakistan
GC Smith,15,2007,South Africa,Pakistan
AB de Villiers,50,2007,South Africa,Pakistan
GC Smith,56,2007,South Africa,Pakistan
AB de Villiers,71,2007,South Africa,Pakistan
GC Smith,0,2007,South Africa,Pakistan
JH Kallis,71,2007,South Africa,Pakistan
MV Boucher,8,2006,South Africa,Zimbabwe
JH Kallis,4,2006,South Africa,Zimbabwe
HH Gibbs,2,2006,South Africa,Zimbabwe
JP Duminy,60,2006,South Africa,Zimbabwe
MV Boucher,147,2006,South Africa,Zimbabwe
JH Kallis,50,2006,South Africa,Zimbabwe
JP Duminy,24,2006,South Africa,Zimbabwe
JH Kallis,26,2006,South Africa,Zimbabwe
JP Duminy,31,2006,South Africa,Zimbabwe
MV Boucher,25,2007,South Africa,Africa XI
AB de Villiers,4,2007,South Africa,Africa XI
MV Boucher,73,2007,South Africa,Africa XI
AB de Villiers,13,2007,South Africa,Africa XI
MV Boucher,7,2007,South Africa,Africa XI
AB de Villiers,70,2007,South Africa,Africa XI
MV Boucher,2,2007,South Africa,Ireland
AB de Villiers,40,2007,South Africa,Ireland
JH Kallis,46,2007,South Africa,Ireland
HH Gibbs,2,2007,South Africa,Ireland
AB de Villiers,24,2007,South Africa,India
JH Kallis,91,2007,South Africa,India
JP Duminy,11,2007,South Africa,India
HH Gibbs,5,2007,South Africa,India
MV Boucher,23,2007,South Africa,India
HH Gibbs,17,2007,South Africa,India
AB de Villiers,0,2007,South Africa,India
JP Duminy,40,2007,South Africa,India
JH Kallis,2,2007,South Africa,India
MV Boucher,55,2007,South Africa,India
AB de Villiers,15,2007,South Africa,India
JP Duminy,0,2007,South Africa,India
JH Kallis,0,2007,South Africa,India
HH Gibbs,56,2007,South Africa,India
MV Boucher,11,2007,South Africa,India
MV Boucher,16,2008,South Africa,England
AB de Villiers,24,2008,South Africa,England
JH Kallis,52,2008,South Africa,England
GC Smith,21,2008,South Africa,England
HH Gibbs,37,2008,South Africa,England
JP Duminy,18,2008,South Africa,England
MV Boucher,10,2008,South Africa,England
AB de Villiers,5,2008,South Africa,England
JP Duminy,8,2008,South Africa,England
GC Smith,9,2008,South Africa,England
HH Gibbs,10,2008,South Africa,England
JH Kallis,6,2008,South Africa,England
MV Boucher,19,2008,South Africa,England
AB de Villiers,12,2008,South Africa,England
JH Kallis,9,2008,South Africa,England
HM Amla,46,2008,South Africa,England
HH Gibbs,12,2008,South Africa,England
JP Duminy,18,2008,South Africa,England
MV Boucher,10,2008,South Africa,England
AB de Villiers,14,2008,South Africa,England
JP Duminy,20,2008,South Africa,England
HH Gibbs,74,2008,South Africa,England
JH Kallis,1,2008,South Africa,England
HM Amla,34,2008,South Africa,England
MV Boucher,35,2007,South Africa,New Zealand
AB de Villiers,87,2007,South Africa,New Zealand
JH Kallis,1,2007,South Africa,New Zealand
GC Smith,44,2007,South Africa,New Zealand
JP Duminy,46,2007,South Africa,New Zealand
MV Boucher,48,2007,South Africa,New Zealand
HH Gibbs,0,2007,South Africa,New Zealand
AB de Villiers,8,2007,South Africa,New Zealand
JP Duminy,23,2007,South Africa,New Zealand
GC Smith,0,2007,South Africa,New Zealand
JH Kallis,26,2007,South Africa,New Zealand
MV Boucher,26,2007,South Africa,New Zealand
HH Gibbs,119,2007,South Africa,New Zealand
AB de Villiers,2,2007,South Africa,New Zealand
GC Smith,51,2007,South Africa,New Zealand
JH Kallis,30,2007,South Africa,New Zealand
JP Duminy,1,2007,South Africa,New Zealand
MV Boucher,26,2008,South Africa,West Indies
AB de Villiers,2,2008,South Africa,West Indies
JH Kallis,24,2008,South Africa,West Indies
GC Smith,1,2008,South Africa,West Indies
JP Duminy,79,2008,South Africa,West Indies
MV Boucher,17,2008,South Africa,West Indies
HH Gibbs,5,2008,South Africa,West Indies
AB de Villiers,45,2008,South Africa,West Indies
JP Duminy,68,2008,South Africa,West Indies
GC Smith,86,2008,South Africa,West Indies
JH Kallis,7,2008,South Africa,West Indies
AB de Villiers,18,2008,South Africa,West Indies
JH Kallis,121,2008,South Africa,West Indies
GC Smith,56,2008,South Africa,West Indies
HH Gibbs,15,2008,South Africa,West Indies
JP Duminy,36,2008,South Africa,West Indies
MV Boucher,21,2008,South Africa,West Indies
HH Gibbs,39,2008,South Africa,West Indies
GC Smith,50,2008,South Africa,West Indies
JH Kallis,1,2008,South Africa,West Indies
AB de Villiers,77,2008,South Africa,West Indies
JP Duminy,44,2008,South Africa,West Indies
JH Kallis,74,2008,South Africa,West Indies
HH Gibbs,102,2008,South Africa,West Indies
GC Smith,5,2008,South Africa,West Indies
MV Boucher,14,2007,South Africa,Pakistan
AB de Villiers,103,2007,South Africa,Pakistan
JH Kallis,8,2007,South Africa,Pakistan
HH Gibbs,102,2007,South Africa,Pakistan
GC Smith,34,2007,South Africa,Pakistan
MV Boucher,14,2007,South Africa,Pakistan
AB de Villiers,35,2007,South Africa,Pakistan
JH Kallis,0,2007,South Africa,Pakistan
HH Gibbs,0,2007,South Africa,Pakistan
GC Smith,65,2007,South Africa,Pakistan
MV Boucher,17,2007,South Africa,Pakistan
AB de Villiers,17,2007,South Africa,Pakistan
JH Kallis,13,2007,South Africa,Pakistan
GC Smith,48,2007,South Africa,Pakistan
HH Gibbs,19,2007,South Africa,Pakistan
AB de Villiers,1,2007,South Africa,Pakistan
JH Kallis,6,2007,South Africa,Pakistan
GC Smith,81,2007,South Africa,Pakistan
HH Gibbs,39,2007,South Africa,Pakistan
MV Boucher,5,2007,South Africa,Pakistan
AB de Villiers,17,2007,South Africa,Pakistan
JH Kallis,86,2007,South Africa,Pakistan
HH Gibbs,54,2007,South Africa,Pakistan
JP Duminy,44,2007,South Africa,Pakistan
GC Smith,0,2007,South Africa,Pakistan
JP Duminy,3,2007,South Africa,Zimbabwe
GC Smith,50,2007,South Africa,Zimbabwe
AB de Villiers,63,2007,South Africa,Zimbabwe
AB de Villiers,0,2007,South Africa,Zimbabwe
JP Duminy,24,2007,South Africa,Zimbabwe
GC Smith,96,2007,South Africa,Zimbabwe
HH Gibbs,111,2007,South Africa,Zimbabwe
AB de Villiers,107,2007,South Africa,Zimbabwe
JP Duminy,6,2007,South Africa,Zimbabwe
GC Smith,24,2007,South Africa,Zimbabwe
GC Smith,103,2008,South Africa,Bangladesh
HH Gibbs,57,2008,South Africa,Bangladesh
HM Amla,9,2008,South Africa,Bangladesh
AB de Villiers,69,2008,South Africa,Bangladesh
JP Duminy,49,2008,South Africa,Bangladesh
GC Smith,28,2008,South Africa,Bangladesh
HH Gibbs,3,2008,South Africa,Bangladesh
HM Amla,16,2008,South Africa,Bangladesh
AB de Villiers,40,2008,South Africa,Bangladesh
JP Duminy,0,2008,South Africa,Bangladesh
GC Smith,68,2008,South Africa,Bangladesh
HH Gibbs,10,2008,South Africa,Bangladesh
MV Boucher,8,2008,South Africa,Bangladesh
AB de Villiers,35,2008,South Africa,Bangladesh
JP Duminy,36,2008,South Africa,Bangladesh
HM Amla,35,2008,South Africa,Bangladesh
JH Kallis,50,2008,South Africa,Bangladesh
MV Boucher,0,2009,South Africa,Australia
AB de Villiers,2,2009,South Africa,Australia
JP Duminy,15,2009,South Africa,Australia
HM Amla,7,2009,South Africa,Australia
GC Smith,52,2009,South Africa,Australia
HH Gibbs,33,2009,South Africa,Australia
AB de Villiers,36,2009,South Africa,Australia
JH Kallis,31,2009,South Africa,Australia
HH Gibbs,2,2009,South Africa,Australia
JP Duminy,11,2009,South Africa,Australia
GC Smith,40,2009,South Africa,Australia
MV Boucher,28,2009,South Africa,Australia
AB de Villiers,80,2009,South Africa,Australia
JP Duminy,32,2009,South Africa,Australia
GC Smith,8,2009,South Africa,Australia
HH Gibbs,26,2009,South Africa,Australia
JH Kallis,70,2009,South Africa,Australia
MV Boucher,29,2009,South Africa,Australia
AB de Villiers,84,2009,South Africa,Australia
JH Kallis,17,2009,South Africa,Australia
GC Smith,20,2009,South Africa,Australia
HH Gibbs,110,2009,South Africa,Australia
JP Duminy,40,2009,South Africa,Australia
MV Boucher,9,2009,South Africa,Australia
AB de Villiers,38,2009,South Africa,Australia
JH Kallis,64,2009,South Africa,Australia
GC Smith,20,2009,South Africa,Australia
HH Gibbs,82,2009,South Africa,Australia
JP Duminy,3,2009,South Africa,Australia
MV Boucher,0,2009,South Africa,Australia
JH Kallis,41,2009,South Africa,Australia
HH Gibbs,22,2009,South Africa,Australia
JP Duminy,71,2009,South Africa,Australia
HM Amla,1,2009,South Africa,Australia
MV Boucher,37,2009,South Africa,Australia
AB de Villiers,44,2009,South Africa,Australia
JH Kallis,72,2009,South Africa,Australia
HM Amla,8,2009,South Africa,Australia
HH Gibbs,19,2009,South Africa,Australia
JP Duminy,35,2009,South Africa,Australia
MV Boucher,31,2009,South Africa,Australia
JH Kallis,60,2009,South Africa,Australia
HM Amla,13,2009,South Africa,Australia
HH Gibbs,64,2009,South Africa,Australia
JP Duminy,9,2009,South Africa,Australia
AB de Villiers,5,2009,South Africa,Australia
AB de Villiers,82,2009,South Africa,Australia
JH Kallis,13,2009,South Africa,Australia
HH Gibbs,38,2009,South Africa,Australia
HM Amla,80,2009,South Africa,Australia
AB de Villiers,60,2009,South Africa,Australia
JP Duminy,60,2009,South Africa,Australia
HM Amla,97,2009,South Africa,Australia
HH Gibbs,7,2009,South Africa,Australia
MV Boucher,57,2008,South Africa,Kenya
AB de Villiers,11,2008,South Africa,Kenya
JP Duminy,90,2008,South Africa,Kenya
HM Amla,7,2008,South Africa,Kenya
HH Gibbs,44,2008,South Africa,Kenya
JH Kallis,71,2008,South Africa,Kenya
MV Boucher,30,2009,South Africa,England
AB de Villiers,2,2009,South Africa,England
JP Duminy,41,2009,South Africa,England
HM Amla,57,2009,South Africa,England
GC Smith,12,2009,South Africa,England
MV Boucher,22,2009,South Africa,England
AB de Villiers,121,2009,South Africa,England
JP Duminy,6,2009,South Africa,England
HM Amla,86,2009,South Africa,England
GC Smith,54,2009,South Africa,England
MV Boucher,13,2009,South Africa,England
AB de Villiers,22,2009,South Africa,England
JP Duminy,6,2009,South Africa,England
HM Amla,11,2009,South Africa,England
GC Smith,2,2009,South Africa,England
MV Boucher,26,2009,South Africa,Sri Lanka
AB de Villiers,24,2009,South Africa,Sri Lanka
JH Kallis,41,2009,South Africa,Sri Lanka
HM Amla,2,2009,South Africa,Sri Lanka
GC Smith,58,2009,South Africa,Sri Lanka
JP Duminy,0,2009,South Africa,Sri Lanka
AB de Villiers,70,2009,South Africa,New Zealand
HM Amla,38,2009,South Africa,New Zealand
JH Kallis,36,2009,South Africa,New Zealand
MV Boucher,28,2009,South Africa,New Zealand
GC Smith,7,2009,South Africa,New Zealand
JP Duminy,11,2009,South Africa,New Zealand
JH Kallis,12,2009,South Africa,England
JP Duminy,24,2009,South Africa,England
HH Gibbs,22,2009,South Africa,England
AB de Villiers,36,2009,South Africa,England
GC Smith,141,2009,South Africa,England
MV Boucher,8,2009,South Africa,England
MV Boucher,18,2009,South Africa,Zimbabwe
AB de Villiers,51,2009,South Africa,Zimbabwe
HM Amla,80,2009,South Africa,Zimbabwe
GC Smith,35,2009,South Africa,Zimbabwe
MV Boucher,31,2009,South Africa,Zimbabwe
AB de Villiers,5,2009,South Africa,Zimbabwe
JP Duminy,111,2009,South Africa,Zimbabwe
GC Smith,53,2009,South Africa,Zimbabwe
JH Kallis,81,2009,South Africa,Zimbabwe
JH Kallis,4,2011,South Africa,West Indies
AB de Villiers,107,2011,South Africa,West Indies
HM Amla,14,2011,South Africa,West Indies
GC Smith,45,2011,South Africa,West Indies
JP Duminy,42,2011,South Africa,West Indies
JH Kallis,2,2011,South Africa,Netherlands
AB de Villiers,134,2011,South Africa,Netherlands
JP Duminy,40,2011,South Africa,Netherlands
HM Amla,113,2011,South Africa,Netherlands
GC Smith,20,2011,South Africa,Netherlands
F du Plessis,18,2011,South Africa,Netherlands
AB de Villiers,25,2011,South Africa,England
JH Kallis,15,2011,South Africa,England
F du Plessis,17,2011,South Africa,England
JP Duminy,0,2011,South Africa,England
HM Amla,42,2011,South Africa,England
GC Smith,22,2011,South Africa,England
AB de Villiers,52,2011,South Africa,India
GC Smith,16,2011,South Africa,India
JH Kallis,69,2011,South Africa,India
JP Duminy,23,2011,South Africa,India
HM Amla,61,2011,South Africa,India
F du Plessis,25,2011,South Africa,India
F du Plessis,11,2011,South Africa,Ireland
JP Duminy,99,2011,South Africa,Ireland
GC Smith,7,2011,South Africa,Ireland
JH Kallis,19,2011,South Africa,Ireland
HM Amla,18,2011,South Africa,Ireland
F du Plessis,52,2011,South Africa,Bangladesh
JP Duminy,17,2011,South Africa,Bangladesh
HM Amla,51,2011,South Africa,Bangladesh
GC Smith,45,2011,South Africa,Bangladesh
JH Kallis,69,2011,South Africa,Bangladesh
AB de Villiers,35,2011,South Africa,New Zealand
JH Kallis,47,2011,South Africa,New Zealand
HM Amla,7,2011,South Africa,New Zealand
JP Duminy,3,2011,South Africa,New Zealand
F du Plessis,36,2011,South Africa,New Zealand
GC Smith,28,2011,South Africa,New Zealand
AB de Villiers,102,2010,South Africa,West Indies
JP Duminy,15,2010,South Africa,West Indies
HM Amla,102,2010,South Africa,West Indies
GC Smith,18,2010,South Africa,West Indies
DA Miller,23,2010,South Africa,West Indies
JH Kallis,1,2010,South Africa,West Indies
AB de Villiers,41,2010,South Africa,West Indies
JH Kallis,85,2010,South Africa,West Indies
HM Amla,92,2010,South Africa,West Indies
GC Smith,37,2010,South Africa,West Indies
DA Miller,26,2010,South Africa,West Indies
AB de Villiers,70,2010,South Africa,West Indies
JH Kallis,31,2010,South Africa,West Indies
HM Amla,34,2010,South Africa,West Indies
GC Smith,29,2010,South Africa,West Indies
DA Miller,5,2010,South Africa,West Indies
JH Kallis,51,2010,South Africa,West Indies
HM Amla,129,2010,South Africa,West Indies
AB de Villiers,57,2010,South Africa,West Indies
GC Smith,23,2010,South Africa,West Indies
JP Duminy,32,2010,South Africa,West Indies
MV Boucher,6,2010,South Africa,West Indies
JH Kallis,57,2010,South Africa,West Indies
HM Amla,45,2010,South Africa,West Indies
AB de Villiers,13,2010,South Africa,West Indies
GC Smith,12,2010,South Africa,West Indies
JP Duminy,51,2010,South Africa,West Indies
MV Boucher,5,2010,South Africa,India
AB de Villiers,25,2010,South Africa,India
JH Kallis,89,2010,South Africa,India
HH Gibbs,27,2010,South Africa,India
MV Boucher,14,2010,South Africa,India
AB de Villiers,114,2010,South Africa,India
JH Kallis,11,2010,South Africa,India
HM Amla,34,2010,South Africa,India
HH Gibbs,7,2010,South Africa,India
JP Duminy,0,2010,South Africa,India
AB de Villiers,102,2010,South Africa,India
JH Kallis,104,2010,South Africa,India
HM Amla,87,2010,South Africa,India
AB de Villiers,51,2010,South Africa,Pakistan
JH Kallis,66,2010,South Africa,Pakistan
HM Amla,35,2010,South Africa,Pakistan
GC Smith,18,2010,South Africa,Pakistan
JP Duminy,10,2010,South Africa,Pakistan
AB de Villiers,29,2010,South Africa,Pakistan
JP Duminy,54,2010,South Africa,Pakistan
DA Miller,6,2010,South Africa,Pakistan
HM Amla,65,2010,South Africa,Pakistan
AB de Villiers,19,2010,South Africa,Pakistan
JP Duminy,26,2010,South Africa,Pakistan
DA Miller,6,2010,South Africa,Pakistan
JH Kallis,0,2010,South Africa,Pakistan
HM Amla,119,2010,South Africa,Pakistan
AB de Villiers,49,2010,South Africa,Pakistan
JP Duminy,36,2010,South Africa,Pakistan
GC Smith,92,2010,South Africa,Pakistan
DA Miller,0,2010,South Africa,Pakistan
JH Kallis,15,2010,South Africa,Pakistan
HM Amla,10,2010,South Africa,Pakistan
AB de Villiers,61,2010,South Africa,Pakistan
JP Duminy,59,2010,South Africa,Pakistan
GC Smith,14,2010,South Africa,Pakistan
JH Kallis,83,2010,South Africa,Pakistan
HM Amla,62,2010,South Africa,Pakistan
AB de Villiers,21,2010,South Africa,Zimbabwe
JP Duminy,6,2010,South Africa,Zimbabwe
GC Smith,19,2010,South Africa,Zimbabwe
DA Miller,51,2010,South Africa,Zimbabwe
HM Amla,110,2010,South Africa,Zimbabwe
AB de Villiers,101,2010,South Africa,Zimbabwe
JP Duminy,15,2010,South Africa,Zimbabwe
HM Amla,110,2010,South Africa,Zimbabwe
GC Smith,40,2010,South Africa,Zimbabwe
AB de Villiers,109,2010,South Africa,Zimbabwe
JP Duminy,129,2010,South Africa,Zimbabwe
GC Smith,26,2010,South Africa,Zimbabwe
DA Miller,33,2010,South Africa,Zimbabwe
HM Amla,24,2010,South Africa,Zimbabwe
AB de Villiers,76,2011,South Africa,India
DA Miller,9,2011,South Africa,India
JP Duminy,73,2011,South Africa,India
HM Amla,50,2011,South Africa,India
GC Smith,11,2011,South Africa,India
AB de Villiers,8,2011,South Africa,India
DA Miller,27,2011,South Africa,India
JP Duminy,13,2011,South Africa,India
GC Smith,77,2011,South Africa,India
HM Amla,4,2011,South Africa,India
F du Plessis,60,2011,South Africa,India
AB de Villiers,16,2011,South Africa,India
JP Duminy,52,2011,South Africa,India
GC Smith,43,2011,South Africa,India
HM Amla,16,2011,South Africa,India
F du Plessis,1,2011,South Africa,India
AB de Villiers,3,2011,South Africa,India
JP Duminy,71,2011,South Africa,India
HM Amla,64,2011,South Africa,India
GC Smith,18,2011,South Africa,India
AB de Villiers,11,2011,South Africa,India
F du Plessis,8,2011,South Africa,India
JP Duminy,35,2011,South Africa,India
HM Amla,116,2011,South Africa,India
GC Smith,7,2011,South Africa,India
MV Boucher,1,2011,South Africa,Australia
JP Duminy,4,2011,South Africa,Australia
HM Amla,24,2011,South Africa,Australia
GC Smith,4,2011,South Africa,Australia
DA Miller,11,2011,South Africa,Australia
JH Kallis,15,2011,South Africa,Australia
F du Plessis,27,2011,South Africa,Australia
MV Boucher,13,2011,South Africa,Australia
F du Plessis,12,2011,South Africa,Australia
JP Duminy,56,2011,South Africa,Australia
HM Amla,0,2011,South Africa,Australia
GC Smith,57,2011,South Africa,Australia
DA Miller,59,2011,South Africa,Australia
JH Kallis,76,2011,South Africa,Australia
MV Boucher,8,2011,South Africa,Australia
F du Plessis,21,2011,South Africa,Australia
JP Duminy,35,2011,South Africa,Australia
HM Amla,52,2011,South Africa,Australia
GC Smith,19,2011,South Africa,Australia
DA Miller,11,2011,South Africa,Australia
JH Kallis,54,2011,South Africa,Australia
AB de Villiers,52,2012,South Africa,Sri Lanka
JP Duminy,1,2012,South Africa,Sri Lanka
HM Amla,112,2012,South Africa,Sri Lanka
GC Smith,6,2012,South Africa,Sri Lanka
JH Kallis,72,2012,South Africa,Sri Lanka
F du Plessis,10,2012,South Africa,Sri Lanka
AB de Villiers,17,2012,South Africa,Sri Lanka
JH Kallis,37,2012,South Africa,Sri Lanka
HM Amla,55,2012,South Africa,Sri Lanka
GC Smith,28,2012,South Africa,Sri Lanka
JP Duminy,66,2012,South Africa,Sri Lanka
F du Plessis,18,2012,South Africa,Sri Lanka
AB de Villiers,39,2012,South Africa,Sri Lanka
JP Duminy,25,2012,South Africa,Sri Lanka
GC Smith,2,2012,South Africa,Sri Lanka
F du Plessis,72,2012,South Africa,Sri Lanka
AB de Villiers,96,2012,South Africa,Sri Lanka
JP Duminy,36,2012,South Africa,Sri Lanka
GC Smith,68,2012,South Africa,Sri Lanka
F du Plessis,5,2012,South Africa,Sri Lanka
AB de Villiers,125,2012,South Africa,Sri Lanka
JP Duminy,5,2012,South Africa,Sri Lanka
GC Smith,125,2012,South Africa,Sri Lanka
F du Plessis,24,2012,South Africa,Sri Lanka
JH Kallis,13,2012,South Africa,New Zealand
JP Duminy,46,2012,South Africa,New Zealand
AB de Villiers,106,2012,South Africa,New Zealand
HM Amla,8,2012,South Africa,New Zealand
F du Plessis,66,2012,South Africa,New Zealand
GC Smith,9,2012,South Africa,New Zealand
JH Kallis,4,2012,South Africa,New Zealand
JP Duminy,43,2012,South Africa,New Zealand
AB de Villiers,31,2012,South Africa,New Zealand
HM Amla,92,2012,South Africa,New Zealand
F du Plessis,34,2012,South Africa,New Zealand
AB de Villiers,9,2012,South Africa,New Zealand
HM Amla,76,2012,South Africa,New Zealand
JP Duminy,25,2012,South Africa,New Zealand
F du Plessis,19,2012,South Africa,New Zealand
JP Duminy,14,2012,South Africa,England
HM Amla,150,2012,South Africa,England
GC Smith,52,2012,South Africa,England
AB de Villiers,28,2012,South Africa,England
F du Plessis,22,2012,South Africa,England
AB de Villiers,28,2012,South Africa,England
JP Duminy,33,2012,South Africa,England
HM Amla,43,2012,South Africa,England
GC Smith,18,2012,South Africa,England
F du Plessis,1,2012,South Africa,England
AB de Villiers,39,2012,South Africa,England
JP Duminy,18,2012,South Africa,England
HM Amla,45,2012,South Africa,England
GC Smith,29,2012,South Africa,England
F du Plessis,1,2012,South Africa,England
AB de Villiers,75,2012,South Africa,England
HM Amla,97,2012,South Africa,England
F du Plessis,3,2012,South Africa,England
GC Smith,1,2012,South Africa,England
AB de Villiers,0,2013,South Africa,England
JP Duminy,3,2013,South Africa,England
DA Miller,56,2013,South Africa,England
F du Plessis,26,2013,South Africa,England
HM Amla,1,2013,South Africa,England
AB de Villiers,7,2013,South Africa,New Zealand
GC Smith,7,2013,South Africa,New Zealand
Q de Kock,18,2013,South Africa,New Zealand
F du Plessis,57,2013,South Africa,New Zealand
HM Amla,13,2013,South Africa,New Zealand
GC Smith,66,2013,South Africa,New Zealand
DA Miller,14,2013,South Africa,New Zealand
F du Plessis,2,2013,South Africa,New Zealand
Q de Kock,25,2013,South Africa,New Zealand
GC Smith,116,2013,South Africa,New Zealand
DA Miller,15,2013,South Africa,New Zealand
F du Plessis,19,2013,South Africa,New Zealand
Q de Kock,31,2013,South Africa,New Zealand
AB de Villiers,65,2013,South Africa,Pakistan
GC Smith,30,2013,South Africa,Pakistan
F du Plessis,26,2013,South Africa,Pakistan
HM Amla,43,2013,South Africa,Pakistan
AB de Villiers,4,2013,South Africa,Pakistan
GC Smith,10,2013,South Africa,Pakistan
F du Plessis,17,2013,South Africa,Pakistan
HM Amla,17,2013,South Africa,Pakistan
AB de Villiers,128,2013,South Africa,Pakistan
GC Smith,3,2013,South Africa,Pakistan
F du Plessis,45,2013,South Africa,Pakistan
HM Amla,122,2013,South Africa,Pakistan
AB de Villiers,75,2013,South Africa,Pakistan
GC Smith,12,2013,South Africa,Pakistan
DA Miller,67,2013,South Africa,Pakistan
HM Amla,0,2013,South Africa,Pakistan
AB de Villiers,95,2013,South Africa,Pakistan
HM Amla,22,2013,South Africa,Pakistan
DA Miller,20,2013,South Africa,Pakistan
Q de Kock,3,2013,South Africa,Pakistan
F du Plessis,30,2013,South Africa,India
AB de Villiers,70,2013,South Africa,India
JP Duminy,14,2013,South Africa,India
HM Amla,22,2013,South Africa,India
AB de Villiers,31,2013,South Africa,Pakistan
JP Duminy,24,2013,South Africa,Pakistan
DA Miller,19,2013,South Africa,Pakistan
F du Plessis,28,2013,South Africa,Pakistan
HM Amla,81,2013,South Africa,Pakistan
AB de Villiers,23,2013,South Africa,Sri Lanka
JP Duminy,15,2013,South Africa,Sri Lanka
F du Plessis,4,2013,South Africa,Sri Lanka
DA Miller,14,2013,South Africa,Sri Lanka
AB de Villiers,12,2013,South Africa,Sri Lanka
JP Duminy,15,2013,South Africa,Sri Lanka
F du Plessis,8,2013,South Africa,Sri Lanka
DA Miller,22,2013,South Africa,Sri Lanka
AB de Villiers,47,2013,South Africa,Sri Lanka
JP Duminy,23,2013,South Africa,Sri Lanka
DA Miller,85,2013,South Africa,Sri Lanka
F du Plessis,16,2013,South Africa,Sri Lanka
Q de Kock,20,2013,South Africa,Sri Lanka
AB de Villiers,4,2013,South Africa,Sri Lanka
JP Duminy,97,2013,South Africa,Sri Lanka
HM Amla,77,2013,South Africa,Sri Lanka
DA Miller,1,2013,South Africa,Sri Lanka
F du Plessis,23,2013,South Africa,Sri Lanka
Q de Kock,8,2013,South Africa,Sri Lanka
DA Miller,0,2013,South Africa,Sri Lanka
AB de Villiers,51,2013,South Africa,Sri Lanka
JP Duminy,15,2013,South Africa,Sri Lanka
HM Amla,18,2013,South Africa,Sri Lanka
F du Plessis,6,2013,South Africa,Sri Lanka
Q de Kock,27,2013,South Africa,Sri Lanka
AB de Villiers,77,2013,South Africa,India
JP Duminy,59,2013,South Africa,India
HM Amla,65,2013,South Africa,India
JH Kallis,10,2013,South Africa,India
DA Miller,5,2013,South Africa,India
Q de Kock,135,2013,South Africa,India
AB de Villiers,3,2013,South Africa,India
JH Kallis,10,2013,South Africa,India
Q de Kock,106,2013,South Africa,India
DA Miller,0,2013,South Africa,India
HM Amla,100,2013,South Africa,India
JP Duminy,26,2013,South Africa,India
AB de Villiers,4,2013,South Africa,Pakistan
F du Plessis,12,2013,South Africa,Pakistan
DA Miller,37,2013,South Africa,Pakistan
JP Duminy,20,2013,South Africa,Pakistan
GC Smith,20,2013,South Africa,Pakistan
AB de Villiers,10,2013,South Africa,Pakistan
F du Plessis,12,2013,South Africa,Pakistan
DA Miller,11,2013,South Africa,Pakistan
JP Duminy,25,2013,South Africa,Pakistan
GC Smith,14,2013,South Africa,Pakistan
AB de Villiers,34,2013,South Africa,Pakistan
JP Duminy,64,2013,South Africa,Pakistan
HM Amla,10,2013,South Africa,Pakistan
DA Miller,34,2013,South Africa,Pakistan
F du Plessis,55,2013,South Africa,Pakistan
Q de Kock,40,2013,South Africa,Pakistan
Q de Kock,112,2013,South Africa,Pakistan
AB de Villiers,30,2013,South Africa,Pakistan
JP Duminy,25,2013,South Africa,Pakistan
DA Miller,5,2013,South Africa,Pakistan
F du Plessis,10,2013,South Africa,Pakistan
HM Amla,46,2013,South Africa,Pakistan
AB de Villiers,115,2013,South Africa,Pakistan
JP Duminy,2,2013,South Africa,Pakistan
HM Amla,3,2013,South Africa,Pakistan
DA Miller,15,2013,South Africa,Pakistan
F du Plessis,46,2013,South Africa,Pakistan
Q de Kock,34,2013,South Africa,Pakistan
AB de Villiers,25,2015,South Africa,Zimbabwe
JP Duminy,115,2015,South Africa,Zimbabwe
HM Amla,11,2015,South Africa,Zimbabwe
DA Miller,138,2015,South Africa,Zimbabwe
F du Plessis,24,2015,South Africa,Zimbabwe
Q de Kock,7,2015,South Africa,Zimbabwe
F du Plessis,55,2015,South Africa,India
AB de Villiers,30,2015,South Africa,India
HM Amla,22,2015,South Africa,India
DA Miller,22,2015,South Africa,India
JP Duminy,6,2015,South Africa,India
Q de Kock,7,2015,South Africa,India
AB de Villiers,162,2015,South Africa,West Indies
HM Amla,65,2015,South Africa,West Indies
DA Miller,20,2015,South Africa,West Indies
F du Plessis,62,2015,South Africa,West Indies
Q de Kock,12,2015,South Africa,West Indies
AB de Villiers,24,2015,South Africa,Ireland
HM Amla,159,2015,South Africa,Ireland
DA Miller,46,2015,South Africa,Ireland
F du Plessis,109,2015,South Africa,Ireland
Q de Kock,1,2015,South Africa,Ireland
AB de Villiers,77,2015,South Africa,Pakistan
Q de Kock,0,2015,South Africa,Pakistan
F du Plessis,27,2015,South Africa,Pakistan
JP Duminy,12,2015,South Africa,Pakistan
HM Amla,38,2015,South Africa,Pakistan
DA Miller,0,2015,South Africa,Pakistan
JP Duminy,23,2015,South Africa,United Arab Emirates
AB de Villiers,99,2015,South Africa,United Arab Emirates
DA Miller,49,2015,South Africa,United Arab Emirates
Q de Kock,26,2015,South Africa,United Arab Emirates
HM Amla,12,2015,South Africa,United Arab Emirates
HM Amla,16,2015,South Africa,Sri Lanka
F du Plessis,21,2015,South Africa,Sri Lanka
Q de Kock,78,2015,South Africa,Sri Lanka
AB de Villiers,65,2015,South Africa,New Zealand
JP Duminy,8,2015,South Africa,New Zealand
HM Amla,10,2015,South Africa,New Zealand
DA Miller,49,2015,South Africa,New Zealand
F du Plessis,82,2015,South Africa,New Zealand
Q de Kock,14,2015,South Africa,New Zealand
DA Miller,4,2013,South Africa,Pakistan
AB de Villiers,10,2013,South Africa,Pakistan
JH Kallis,50,2013,South Africa,Pakistan
GC Smith,12,2013,South Africa,Pakistan
Q de Kock,19,2013,South Africa,Pakistan
HM Amla,3,2013,South Africa,Pakistan
JP Duminy,49,2013,South Africa,Pakistan
DA Miller,2,2013,South Africa,Pakistan
AB de Villiers,74,2013,South Africa,Pakistan
JH Kallis,6,2013,South Africa,Pakistan
GC Smith,1,2013,South Africa,Pakistan
Q de Kock,47,2013,South Africa,Pakistan
HM Amla,98,2013,South Africa,Pakistan
JP Duminy,15,2013,South Africa,Pakistan
Q de Kock,15,2013,South Africa,Pakistan
AB de Villiers,48,2013,South Africa,Pakistan
DA Miller,24,2013,South Africa,Pakistan
HM Amla,41,2013,South Africa,Pakistan
JP Duminy,16,2013,South Africa,Pakistan
AB de Villiers,81,2015,South Africa,West Indies
JP Duminy,12,2015,South Africa,West Indies
DA Miller,70,2015,South Africa,West Indies
F du Plessis,0,2015,South Africa,West Indies
HM Amla,66,2015,South Africa,West Indies
AB de Villiers,149,2015,South Africa,West Indies
HM Amla,153,2015,South Africa,West Indies
HM Amla,61,2015,South Africa,West Indies
F du Plessis,51,2015,South Africa,West Indies
AB de Villiers,19,2015,South Africa,West Indies
JP Duminy,43,2015,South Africa,West Indies
DA Miller,130,2015,South Africa,West Indies
F du Plessis,4,2015,South Africa,West Indies
JP Duminy,18,2015,South Africa,West Indies
HM Amla,133,2015,South Africa,West Indies
DA Miller,23,2015,South Africa,West Indies
F du Plessis,16,2015,South Africa,West Indies
Q de Kock,4,2015,South Africa,West Indies
AB de Villiers,75,2014,South Africa,Sri Lanka
JP Duminy,16,2014,South Africa,Sri Lanka
HM Amla,109,2014,South Africa,Sri Lanka
DA Miller,36,2014,South Africa,Sri Lanka
JH Kallis,0,2014,South Africa,Sri Lanka
Q de Kock,27,2014,South Africa,Sri Lanka
AB de Villiers,29,2014,South Africa,Sri Lanka
JH Kallis,1,2014,South Africa,Sri Lanka
DA Miller,4,2014,South Africa,Sri Lanka
JP Duminy,1,2014,South Africa,Sri Lanka
HM Amla,101,2014,South Africa,Sri Lanka
Q de Kock,4,2014,South Africa,Sri Lanka
AB de Villiers,108,2014,South Africa,Sri Lanka
JP Duminy,29,2014,South Africa,Sri Lanka
HM Amla,48,2014,South Africa,Sri Lanka
DA Miller,4,2014,South Africa,Sri Lanka
JH Kallis,4,2014,South Africa,Sri Lanka
Q de Kock,128,2014,South Africa,Sri Lanka
AB de Villiers,21,2014,South Africa,Zimbabwe
JP Duminy,22,2014,South Africa,Zimbabwe
HM Amla,122,2014,South Africa,Zimbabwe
F du Plessis,59,2014,South Africa,Zimbabwe
Q de Kock,63,2014,South Africa,Zimbabwe
AB de Villiers,1,2014,South Africa,Zimbabwe
JP Duminy,36,2014,South Africa,Zimbabwe
Q de Kock,38,2014,South Africa,Zimbabwe
DA Miller,45,2014,South Africa,Zimbabwe
F du Plessis,55,2014,South Africa,Zimbabwe
HM Amla,15,2014,South Africa,Zimbabwe
JP Duminy,28,2014,South Africa,Zimbabwe
DA Miller,13,2014,South Africa,Zimbabwe
F du Plessis,40,2014,South Africa,Zimbabwe
Q de Kock,84,2014,South Africa,Zimbabwe
AB de Villiers,136,2014,South Africa,Australia
JP Duminy,33,2014,South Africa,Australia
HM Amla,24,2014,South Africa,Australia
F du Plessis,106,2014,South Africa,Australia
Q de Kock,19,2014,South Africa,Australia
Q de Kock,76,2014,South Africa,Zimbabwe
F du Plessis,15,2014,South Africa,Zimbabwe
JP Duminy,2,2014,South Africa,Zimbabwe
HM Amla,66,2014,South Africa,Zimbabwe
DA Miller,0,2014,South Africa,Zimbabwe
DA Miller,3,2014,South Africa,Australia
AB de Villiers,6,2014,South Africa,Australia
JP Duminy,16,2014,South Africa,Australia
HM Amla,17,2014,South Africa,Australia
F du Plessis,126,2014,South Africa,Australia
Q de Kock,1,2014,South Africa,Australia
AB de Villiers,16,2014,South Africa,Zimbabwe
JP Duminy,51,2014,South Africa,Zimbabwe
HM Amla,14,2014,South Africa,Zimbabwe
DA Miller,10,2014,South Africa,Zimbabwe
F du Plessis,121,2014,South Africa,Zimbabwe
Q de Kock,2,2014,South Africa,Zimbabwe
AB de Villiers,57,2014,South Africa,Australia
HM Amla,51,2014,South Africa,Australia
F du Plessis,96,2014,South Africa,Australia
Q de Kock,7,2014,South Africa,Australia
AB de Villiers,89,2014,South Africa,New Zealand
HM Amla,38,2014,South Africa,New Zealand
Q de Kock,9,2014,South Africa,New Zealand
JP Duminy,58,2014,South Africa,New Zealand
F du Plessis,8,2014,South Africa,New Zealand
Q de Kock,26,2014,South Africa,New Zealand
AB de Villiers,37,2014,South Africa,New Zealand
JP Duminy,19,2014,South Africa,New Zealand
DA Miller,7,2014,South Africa,New Zealand
F du Plessis,67,2014,South Africa,New Zealand
HM Amla,119,2014,South Africa,New Zealand
DA Miller,65,2014,South Africa,Australia
AB de Villiers,80,2014,South Africa,Australia
HM Amla,8,2014,South Africa,Australia
Q de Kock,2,2014,South Africa,Australia
F du Plessis,31,2014,South Africa,Australia
DA Miller,22,2014,South Africa,Australia
F du Plessis,19,2014,South Africa,Australia
HM Amla,10,2014,South Africa,Australia
Q de Kock,4,2014,South Africa,Australia
AB de Villiers,48,2014,South Africa,Australia
DA Miller,3,2014,South Africa,Australia
HM Amla,102,2014,South Africa,Australia
Q de Kock,47,2014,South Africa,Australia
F du Plessis,17,2014,South Africa,Australia
AB de Villiers,52,2014,South Africa,Australia
AB de Villiers,91,2014,South Africa,Australia
HM Amla,18,2014,South Africa,Australia
DA Miller,45,2014,South Africa,Australia
F du Plessis,28,2014,South Africa,Australia
Q de Kock,17,2014,South Africa,Australia
HM Amla,18,2014,South Africa,Australia
Q de Kock,107,2014,South Africa,Australia
DA Miller,5,2014,South Africa,Australia
F du Plessis,2,2014,South Africa,Australia
AB de Villiers,8,2016,South Africa,England
HM Amla,6,2016,South Africa,England
JP Duminy,13,2016,South Africa,England
F du Plessis,55,2016,South Africa,England
Q de Kock,138,2016,South Africa,England
JP Duminy,47,2016,South Africa,England
HM Amla,4,2016,South Africa,England
AB de Villiers,73,2016,South Africa,England
F du Plessis,46,2016,South Africa,England
Q de Kock,22,2016,South Africa,England
AB de Villiers,0,2016,South Africa,England
HM Amla,127,2016,South Africa,England
F du Plessis,33,2016,South Africa,England
Q de Kock,135,2016,South Africa,England
AB de Villiers,36,2016,South Africa,England
HM Amla,0,2016,South Africa,England
JP Duminy,31,2016,South Africa,England
F du Plessis,34,2016,South Africa,England
Q de Kock,27,2016,South Africa,England
AB de Villiers,101,2016,South Africa,England
HM Amla,59,2016,South Africa,England
F du Plessis,0,2016,South Africa,England
Q de Kock,4,2016,South Africa,England
Q de Kock,35,2015,South Africa,Bangladesh
HM Amla,14,2015,South Africa,Bangladesh
F du Plessis,63,2015,South Africa,Bangladesh
JP Duminy,13,2015,South Africa,Bangladesh
Q de Kock,2,2015,South Africa,Bangladesh
DA Miller,9,2015,South Africa,Bangladesh
F du Plessis,41,2015,South Africa,Bangladesh
HM Amla,22,2015,South Africa,Bangladesh
JP Duminy,51,2015,South Africa,Bangladesh
HM Amla,15,2015,South Africa,Bangladesh
Q de Kock,7,2015,South Africa,Bangladesh
DA Miller,44,2015,South Africa,Bangladesh
F du Plessis,6,2015,South Africa,Bangladesh
AB de Villiers,9,2015,South Africa,New Zealand
HM Amla,124,2015,South Africa,New Zealand
DA Miller,14,2015,South Africa,New Zealand
AB de Villiers,31,2015,South Africa,New Zealand
DA Miller,5,2015,South Africa,New Zealand
HM Amla,8,2015,South Africa,New Zealand
AB de Villiers,64,2015,South Africa,New Zealand
DA Miller,36,2015,South Africa,New Zealand
HM Amla,44,2015,South Africa,New Zealand
AB de Villiers,104,2015,South Africa,India
HM Amla,37,2015,South Africa,India
DA Miller,13,2015,South Africa,India
JP Duminy,15,2015,South Africa,India
F du Plessis,62,2015,South Africa,India
Q de Kock,29,2015,South Africa,India
AB de Villiers,19,2015,South Africa,India
F du Plessis,51,2015,South Africa,India
JP Duminy,36,2015,South Africa,India
HM Amla,17,2015,South Africa,India
DA Miller,0,2015,South Africa,India
Q de Kock,34,2015,South Africa,India
AB de Villiers,4,2015,South Africa,India
HM Amla,5,2015,South Africa,India
DA Miller,33,2015,South Africa,India
JP Duminy,14,2015,South Africa,India
F du Plessis,60,2015,South Africa,India
Q de Kock,103,2015,South Africa,India
AB de Villiers,112,2015,South Africa,India
HM Amla,7,2015,South Africa,India
DA Miller,6,2015,South Africa,India
F du Plessis,17,2015,South Africa,India
Q de Kock,43,2015,South Africa,India
AB de Villiers,119,2015,South Africa,India
HM Amla,23,2015,South Africa,India
DA Miller,22,2015,South Africa,India
F du Plessis,133,2015,South Africa,India
Q de Kock,109,2015,South Africa,India
JP Duminy,23,2016,South Africa,West Indies
AB de Villiers,31,2016,South Africa,West Indies
Q de Kock,30,2016,South Africa,West Indies
HM Amla,20,2016,South Africa,West Indies
JP Duminy,13,2016,South Africa,Australia
HM Amla,35,2016,South Africa,Australia
AB de Villiers,22,2016,South Africa,Australia
Q de Kock,18,2016,South Africa,Australia
AB de Villiers,39,2016,South Africa,Australia
JP Duminy,41,2016,South Africa,Australia
HM Amla,60,2016,South Africa,Australia
F du Plessis,63,2016,South Africa,Australia
Q de Kock,19,2016,South Africa,Australia
AB de Villiers,27,2016,South Africa,West Indies
JP Duminy,10,2016,South Africa,West Indies
HM Amla,110,2016,South Africa,West Indies
F du Plessis,73,2016,South Africa,West Indies
Q de Kock,71,2016,South Africa,West Indies
AB de Villiers,2,2016,South Africa,West Indies
F du Plessis,3,2016,South Africa,West Indies
HM Amla,16,2016,South Africa,West Indies
JP Duminy,5,2016,South Africa,West Indies
Q de Kock,6,2016,South Africa,West Indies
DA Miller,14,2016,South Africa,Ireland
F du Plessis,21,2016,South Africa,Ireland
Q de Kock,82,2016,South Africa,Ireland
JP Duminy,52,2016,South Africa,Ireland
JP Duminy,9,2016,South Africa,Australia
F du Plessis,26,2016,South Africa,Australia
Q de Kock,178,2016,South Africa,Australia
DA Miller,10,2016,South Africa,Australia
JP Duminy,82,2016,South Africa,Australia
DA Miller,26,2016,South Africa,Australia
F du Plessis,111,2016,South Africa,Australia
Q de Kock,22,2016,South Africa,Australia
JP Duminy,20,2016,South Africa,Australia
HM Amla,45,2016,South Africa,Australia
F du Plessis,33,2016,South Africa,Australia
Q de Kock,70,2016,South Africa,Australia
DA Miller,118,2016,South Africa,Australia
JP Duminy,25,2016,South Africa,Australia
HM Amla,4,2016,South Africa,Australia
F du Plessis,69,2016,South Africa,Australia
Q de Kock,18,2016,South Africa,Australia
JP Duminy,73,2016,South Africa,Australia
HM Amla,25,2016,South Africa,Australia
Q de Kock,12,2016,South Africa,Australia
DA Miller,39,2016,South Africa,Australia
F du Plessis,11,2016,South Africa,Australia
AB de Villiers,30,2017,South Africa,Sri Lanka
HM Amla,57,2017,South Africa,Sri Lanka
F du Plessis,55,2017,South Africa,Sri Lanka
Q de Kock,34,2017,South Africa,Sri Lanka
AB de Villiers,3,2017,South Africa,Sri Lanka
JP Duminy,11,2017,South Africa,Sri Lanka
HM Amla,15,2017,South Africa,Sri Lanka
DA Miller,117,2017,South Africa,Sri Lanka
F du Plessis,105,2017,South Africa,Sri Lanka
Q de Kock,17,2017,South Africa,Sri Lanka
AB de Villiers,60,2017,South Africa,Sri Lanka
JP Duminy,28,2017,South Africa,Sri Lanka
HM Amla,34,2017,South Africa,Sri Lanka
Q de Kock,8,2017,South Africa,Sri Lanka
F du Plessis,24,2017,South Africa,Sri Lanka
AB de Villiers,64,2017,South Africa,Sri Lanka
JP Duminy,20,2017,South Africa,Sri Lanka
HM Amla,1,2017,South Africa,Sri Lanka
F du Plessis,185,2017,South Africa,Sri Lanka
Q de Kock,55,2017,South Africa,Sri Lanka
AB de Villiers,14,2017,South Africa,Sri Lanka
JP Duminy,10,2017,South Africa,Sri Lanka
HM Amla,154,2017,South Africa,Sri Lanka
F du Plessis,41,2017,South Africa,Sri Lanka
Q de Kock,109,2017,South Africa,Sri Lanka
