D Ramdin,8,2016,West Indies,Pakistan
DM Bravo,12,2016,West Indies,Pakistan
KA Pollard,9,2016,West Indies,Pakistan
MN Samuels,46,2016,West Indies,Pakistan
D Ramdin,34,2016,West Indies,Pakistan
DM Bravo,61,2016,West Indies,Pakistan
KA Pollard,22,2016,West Indies,Pakistan
MN Samuels,57,2016,West Indies,Pakistan
D Ramdin,37,2016,West Indies,Pakistan
DM Bravo,17,2016,West Indies,Pakistan
KA Pollard,11,2016,West Indies,Pakistan
MN Samuels,13,2016,West Indies,Pakistan
SL Malinga,3,2006,West Indies,England
SL Malinga,2,2006,West Indies,England
D Ramdin,5,2006,West Indies,New Zealand
CH Gayle,6,2006,West Indies,New Zealand
S Chanderpaul,18,2006,West Indies,New Zealand
RR Sarwan,56,2006,West Indies,New Zealand
CH Gayle,0,2006,West Indies,New Zealand
RR Sarwan,14,2006,West Indies,New Zealand
S Chanderpaul,17,2006,West Indies,New Zealand
D Ramdin,11,2006,West Indies,New Zealand
D Ramdin,28,2006,West Indies,New Zealand
CH Gayle,38,2006,West Indies,New Zealand
RR Sarwan,65,2006,West Indies,New Zealand
S Chanderpaul,4,2006,West Indies,New Zealand
D Ramdin,10,2006,West Indies,New Zealand
CH Gayle,5,2006,West Indies,New Zealand
RR Sarwan,42,2006,West Indies,New Zealand
DJ Bravo,3,2006,West Indies,New Zealand
S Chanderpaul,30,2006,West Indies,New Zealand
D Ramdin,38,2006,West Indies,New Zealand
CH Gayle,2,2006,West Indies,New Zealand
DJ Bravo,38,2006,West Indies,New Zealand
S Chanderpaul,41,2006,West Indies,New Zealand
SL Malinga,15,2006,West Indies,Sri Lanka
S Chanderpaul,3,2006,West Indies,Zimbabwe
D Ramdin,37,2006,West Indies,Zimbabwe
RR Sarwan,14,2006,West Indies,Zimbabwe
DJ Bravo,9,2006,West Indies,Zimbabwe
CH Gayle,35,2006,West Indies,Zimbabwe
DJ Bravo,9,2006,West Indies,Zimbabwe
CH Gayle,49,2006,West Indies,Zimbabwe
D Ramdin,4,2006,West Indies,Zimbabwe
RR Sarwan,55,2006,West Indies,Zimbabwe
S Chanderpaul,46,2006,West Indies,Zimbabwe
CH Gayle,95,2006,West Indies,Zimbabwe
DJ Bravo,17,2006,West Indies,Zimbabwe
CH Gayle,11,2006,West Indies,Zimbabwe
MN Samuels,6,2006,West Indies,Zimbabwe
RR Sarwan,91,2006,West Indies,Zimbabwe
S Chanderpaul,45,2006,West Indies,Zimbabwe
DJ Bravo,0,2006,West Indies,India
CH Gayle,0,2006,West Indies,India
MN Samuels,19,2006,West Indies,India
RR Sarwan,98,2006,West Indies,India
S Chanderpaul,10,2006,West Indies,India
S Chanderpaul,58,2006,West Indies,India
CH Gayle,40,2006,West Indies,India
RR Sarwan,115,2006,West Indies,India
DJ Bravo,1,2006,West Indies,India
MN Samuels,11,2006,West Indies,India
DJ Bravo,61,2006,West Indies,India
CH Gayle,46,2006,West Indies,India
MN Samuels,9,2006,West Indies,India
RR Sarwan,6,2006,West Indies,India
D Ramdin,1,2006,West Indies,India
DJ Bravo,62,2006,West Indies,India
CH Gayle,51,2006,West Indies,India
RR Sarwan,52,2006,West Indies,India
D Ramdin,1,2007,West Indies,Pakistan
DJ Bravo,16,2007,West Indies,Pakistan
CH Gayle,2,2007,West Indies,Pakistan
MN Samuels,63,2007,West Indies,Pakistan
RR Sarwan,49,2007,West Indies,Pakistan
S Chanderpaul,19,2007,West Indies,Pakistan
CH Gayle,40,2007,West Indies,Zimbabwe
DJ Bravo,37,2007,West Indies,Zimbabwe
MN Samuels,28,2007,West Indies,Zimbabwe
RR Sarwan,12,2007,West Indies,Zimbabwe
S Chanderpaul,21,2007,West Indies,Zimbabwe
CH Gayle,18,2007,West Indies,Ireland
MN Samuels,27,2007,West Indies,Ireland
RR Sarwan,36,2007,West Indies,Ireland
S Chanderpaul,102,2007,West Indies,Ireland
D Ramdin,52,2007,West Indies,Australia
DJ Bravo,9,2007,West Indies,Australia
CH Gayle,2,2007,West Indies,Australia
MN Samuels,4,2007,West Indies,Australia
RR Sarwan,29,2007,West Indies,Australia
S Chanderpaul,5,2007,West Indies,Australia
SL Malinga,0,2007,West Indies,South Africa
D Ramdin,15,2007,West Indies,New Zealand
DJ Bravo,18,2007,West Indies,New Zealand
CH Gayle,44,2007,West Indies,New Zealand
MN Samuels,9,2007,West Indies,New Zealand
RR Sarwan,19,2007,West Indies,New Zealand
S Chanderpaul,4,2007,West Indies,New Zealand
D Ramdin,2,2007,West Indies,Sri Lanka
DJ Bravo,21,2007,West Indies,Sri Lanka
CH Gayle,10,2007,West Indies,Sri Lanka
MN Samuels,3,2007,West Indies,Sri Lanka
RR Sarwan,44,2007,West Indies,Sri Lanka
S Chanderpaul,76,2007,West Indies,Sri Lanka
SL Malinga,2,2007,West Indies,England
D Ramdin,4,2007,West Indies,South Africa
DJ Bravo,6,2007,West Indies,South Africa
KA Pollard,10,2007,West Indies,South Africa
RR Sarwan,92,2007,West Indies,South Africa
S Chanderpaul,4,2007,West Indies,South Africa
CH Gayle,32,2007,West Indies,South Africa
DJ Bravo,9,2007,West Indies,Bangladesh
CH Gayle,1,2007,West Indies,Bangladesh
MN Samuels,31,2007,West Indies,Bangladesh
RR Sarwan,91,2007,West Indies,Bangladesh
S Chanderpaul,50,2007,West Indies,Bangladesh
D Ramdin,10,2007,West Indies,England
DJ Bravo,13,2007,West Indies,England
CH Gayle,79,2007,West Indies,England
MN Samuels,51,2007,West Indies,England
RR Sarwan,3,2007,West Indies,England
S Chanderpaul,34,2007,West Indies,England
SL Malinga,10,2007,West Indies,Australia
SL Malinga,7,2006,West Indies,Bangladesh
CH Gayle,41,2006,West Indies,Zimbabwe
S Chanderpaul,14,2006,West Indies,Zimbabwe
SL Malinga,5,2006,West Indies,Sri Lanka
CH Gayle,104,2006,West Indies,Bangladesh
S Chanderpaul,52,2006,West Indies,Bangladesh
DJ Bravo,0,2006,West Indies,Sri Lanka
CH Gayle,0,2006,West Indies,Sri Lanka
MN Samuels,1,2006,West Indies,Sri Lanka
RR Sarwan,0,2006,West Indies,Sri Lanka
S Chanderpaul,8,2006,West Indies,Sri Lanka
SL Malinga,0,2006,West Indies,Pakistan
RR Sarwan,21,2006,West Indies,Australia
CH Gayle,24,2006,West Indies,Australia
MN Samuels,1,2006,West Indies,Australia
SL Malinga,2,2006,West Indies,South Africa
DJ Bravo,16,2006,West Indies,India
CH Gayle,34,2006,West Indies,India
RR Sarwan,53,2006,West Indies,India
S Chanderpaul,51,2006,West Indies,India
MN Samuels,5,2006,West Indies,India
DJ Bravo,112,2006,West Indies,England
CH Gayle,101,2006,West Indies,England
MN Samuels,3,2006,West Indies,England
RR Sarwan,29,2006,West Indies,England
S Chanderpaul,13,2006,West Indies,England
MN Samuels,5,2006,West Indies,South Africa
DJ Bravo,15,2006,West Indies,South Africa
RR Sarwan,27,2006,West Indies,South Africa
S Chanderpaul,57,2006,West Indies,South Africa
CH Gayle,133,2006,West Indies,South Africa
DJ Bravo,21,2006,West Indies,Australia
CH Gayle,37,2006,West Indies,Australia
MN Samuels,7,2006,West Indies,Australia
RR Sarwan,7,2006,West Indies,Australia
S Chanderpaul,27,2006,West Indies,Australia
RR Sarwan,37,2006,West Indies,India
S Chanderpaul,6,2006,West Indies,India
CH Gayle,45,2006,West Indies,India
DJ Bravo,37,2006,West Indies,Australia
CH Gayle,79,2006,West Indies,Australia
MN Samuels,0,2006,West Indies,Australia
RR Sarwan,25,2006,West Indies,Australia
S Chanderpaul,0,2006,West Indies,Australia
DJ Bravo,10,2006,West Indies,India
CH Gayle,1,2006,West Indies,India
MN Samuels,5,2006,West Indies,India
RR Sarwan,2,2006,West Indies,India
S Chanderpaul,21,2006,West Indies,India
DJ Bravo,8,2006,West Indies,Australia
CH Gayle,0,2006,West Indies,Australia
RR Sarwan,36,2006,West Indies,Australia
S Chanderpaul,12,2006,West Indies,Australia
D Ramdin,23,2006,West Indies,Pakistan
CH Gayle,0,2006,West Indies,Pakistan
MN Samuels,37,2006,West Indies,Pakistan
D Ramdin,10,2006,West Indies,Pakistan
CH Gayle,41,2006,West Indies,Pakistan
MN Samuels,13,2006,West Indies,Pakistan
CH Gayle,9,2006,West Indies,Pakistan
S Chanderpaul,60,2006,West Indies,Pakistan
MN Samuels,100,2006,West Indies,Pakistan
D Ramdin,3,2006,West Indies,Pakistan
CH Gayle,7,2006,West Indies,Pakistan
MN Samuels,22,2006,West Indies,Pakistan
S Chanderpaul,101,2006,West Indies,Pakistan
D Ramdin,0,2007,West Indies,England
DJ Bravo,29,2007,West Indies,England
CH Gayle,6,2007,West Indies,England
MN Samuels,0,2007,West Indies,England
S Chanderpaul,53,2007,West Indies,England
D Ramdin,2,2007,West Indies,England
CH Gayle,36,2007,West Indies,England
MN Samuels,77,2007,West Indies,England
S Chanderpaul,116,2007,West Indies,England
DJ Bravo,42,2007,West Indies,England
CH Gayle,82,2007,West Indies,England
MN Samuels,9,2007,West Indies,England
S Chanderpaul,33,2007,West Indies,England
D Ramdin,4,2007,West Indies,India
CH Gayle,0,2007,West Indies,India
DJ Bravo,4,2007,West Indies,India
MN Samuels,98,2007,West Indies,India
D Ramdin,40,2007,West Indies,India
CH Gayle,6,2007,West Indies,India
MN Samuels,55,2007,West Indies,India
S Chanderpaul,14,2007,West Indies,India
SL Malinga,0,2007,West Indies,Sri Lanka
SL Malinga,3,2007,West Indies,Sri Lanka
SL Malinga,0,2007,West Indies,Sri Lanka
SL Malinga,2,2008,West Indies,Australia
SL Malinga,5,2008,West Indies,Australia
SL Malinga,12,2008,West Indies,India
SL Malinga,0,2008,West Indies,Australia
D Ramdin,3,2008,West Indies,South Africa
DJ Bravo,2,2008,West Indies,South Africa
MN Samuels,11,2008,West Indies,South Africa
DJG Sammy,51,2008,West Indies,South Africa
S Chanderpaul,17,2008,West Indies,South Africa
D Ramdin,0,2008,West Indies,South Africa
DJG Sammy,21,2008,West Indies,South Africa
MN Samuels,2,2008,West Indies,South Africa
DJ Bravo,11,2008,West Indies,South Africa
S Chanderpaul,54,2008,West Indies,South Africa
D Ramdin,12,2008,West Indies,South Africa
DJ Bravo,7,2008,West Indies,South Africa
MN Samuels,98,2008,West Indies,South Africa
DJG Sammy,12,2008,West Indies,South Africa
DJ Bravo,18,2008,West Indies,South Africa
MN Samuels,4,2008,West Indies,South Africa
DJG Sammy,2,2008,West Indies,South Africa
S Chanderpaul,28,2008,West Indies,South Africa
D Ramdin,6,2008,West Indies,South Africa
DJ Bravo,40,2008,West Indies,South Africa
DJG Sammy,1,2008,West Indies,South Africa
S Chanderpaul,51,2008,West Indies,South Africa
D Ramdin,8,2007,West Indies,Zimbabwe
CH Gayle,2,2007,West Indies,Zimbabwe
DJ Bravo,0,2007,West Indies,Zimbabwe
S Chanderpaul,127,2007,West Indies,Zimbabwe
MN Samuels,25,2007,West Indies,Zimbabwe
D Ramdin,16,2007,West Indies,Zimbabwe
DJ Bravo,10,2007,West Indies,Zimbabwe
MN Samuels,43,2007,West Indies,Zimbabwe
S Chanderpaul,12,2007,West Indies,Zimbabwe
CH Gayle,58,2007,West Indies,Zimbabwe
D Ramdin,5,2007,West Indies,Zimbabwe
DJ Bravo,41,2007,West Indies,Zimbabwe
MN Samuels,62,2007,West Indies,Zimbabwe
DJ Bravo,36,2008,West Indies,Sri Lanka
CH Gayle,52,2008,West Indies,Sri Lanka
DJG Sammy,1,2008,West Indies,Sri Lanka
RR Sarwan,35,2008,West Indies,Sri Lanka
S Chanderpaul,62,2008,West Indies,Sri Lanka
MN Samuels,0,2008,West Indies,Sri Lanka
RR Sarwan,1,2008,West Indies,Sri Lanka
S Chanderpaul,52,2008,West Indies,Sri Lanka
DJ Bravo,2,2008,West Indies,Sri Lanka
CH Gayle,11,2008,West Indies,Sri Lanka
MN Samuels,54,2008,West Indies,Sri Lanka
DJ Bravo,33,2008,West Indies,Australia
DJG Sammy,33,2008,West Indies,Australia
RR Sarwan,2,2008,West Indies,Australia
CH Gayle,20,2008,West Indies,Australia
KA Pollard,11,2008,West Indies,Australia
D Ramdin,31,2008,West Indies,Australia
CH Gayle,10,2008,West Indies,Australia
DJ Bravo,3,2008,West Indies,Australia
DJG Sammy,9,2008,West Indies,Australia
KA Pollard,0,2008,West Indies,Australia
S Chanderpaul,45,2008,West Indies,Australia
DJ Bravo,7,2008,West Indies,Australia
CH Gayle,53,2008,West Indies,Australia
DJG Sammy,3,2008,West Indies,Australia
RR Sarwan,31,2008,West Indies,Australia
S Chanderpaul,32,2008,West Indies,Australia
D Ramdin,21,2008,West Indies,Australia
D Ramdin,5,2008,West Indies,Australia
CH Gayle,92,2008,West Indies,Australia
DJ Bravo,31,2008,West Indies,Australia
DJG Sammy,3,2008,West Indies,Australia
RR Sarwan,63,2008,West Indies,Australia
S Chanderpaul,53,2008,West Indies,Australia
D Ramdin,3,2008,West Indies,Australia
CH Gayle,5,2008,West Indies,Australia
DJ Bravo,13,2008,West Indies,Australia
RR Sarwan,7,2008,West Indies,Australia
S Chanderpaul,38,2008,West Indies,Australia
D Ramdin,11,2009,West Indies,England
CH Gayle,2,2009,West Indies,England
RR Sarwan,57,2009,West Indies,England
DJ Bravo,1,2009,West Indies,England
KA Pollard,42,2009,West Indies,England
S Chanderpaul,46,2009,West Indies,England
DJ Bravo,19,2009,West Indies,England
CH Gayle,20,2009,West Indies,England
DJG Sammy,11,2009,West Indies,England
KA Pollard,8,2009,West Indies,England
RR Sarwan,74,2009,West Indies,England
S Chanderpaul,112,2009,West Indies,England
D Ramdin,1,2009,West Indies,England
RR Sarwan,10,2009,West Indies,England
CH Gayle,80,2009,West Indies,England
S Chanderpaul,3,2009,West Indies,England
DJ Bravo,69,2009,West Indies,England
CH Gayle,46,2009,West Indies,England
DJG Sammy,6,2009,West Indies,England
KA Pollard,0,2009,West Indies,England
RR Sarwan,6,2009,West Indies,England
S Chanderpaul,27,2009,West Indies,England
D Ramdin,26,2009,West Indies,England
D Ramdin,12,2009,West Indies,England
CH Gayle,0,2009,West Indies,England
RR Sarwan,23,2009,West Indies,England
DJG Sammy,7,2009,West Indies,England
KA Pollard,30,2009,West Indies,England
DJ Bravo,33,2009,West Indies,England
S Chanderpaul,13,2009,West Indies,England
CH Gayle,18,2009,West Indies,New Zealand
KA Pollard,1,2009,West Indies,New Zealand
RR Sarwan,5,2009,West Indies,New Zealand
S Chanderpaul,45,2009,West Indies,New Zealand
D Ramdin,1,2009,West Indies,New Zealand
CH Gayle,113,2008,West Indies,Pakistan
RR Sarwan,55,2008,West Indies,Pakistan
S Chanderpaul,36,2008,West Indies,Pakistan
CH Gayle,0,2008,West Indies,Pakistan
RR Sarwan,45,2008,West Indies,Pakistan
S Chanderpaul,107,2008,West Indies,Pakistan
DJ Bravo,8,2009,West Indies,India
CH Gayle,37,2009,West Indies,India
RR Sarwan,45,2009,West Indies,India
DM Bravo,19,2009,West Indies,India
S Chanderpaul,63,2009,West Indies,India
D Ramdin,29,2009,West Indies,India
CH Gayle,64,2009,West Indies,India
RR Sarwan,15,2009,West Indies,India
S Chanderpaul,18,2009,West Indies,India
D Ramdin,14,2009,West Indies,India
DJ Bravo,14,2009,West Indies,India
CH Gayle,27,2009,West Indies,India
RR Sarwan,62,2009,West Indies,India
DM Bravo,21,2009,West Indies,India
S Chanderpaul,15,2009,West Indies,India
D Ramdin,8,2009,West Indies,England
DJ Bravo,50,2009,West Indies,England
CH Gayle,31,2009,West Indies,England
DJG Sammy,13,2009,West Indies,England
KA Pollard,8,2009,West Indies,England
RR Sarwan,0,2009,West Indies,England
S Chanderpaul,27,2009,West Indies,England
S Chanderpaul,68,2009,West Indies,England
D Ramdin,45,2009,West Indies,England
CH Gayle,11,2009,West Indies,England
RR Sarwan,9,2009,West Indies,England
DJ Bravo,26,2009,West Indies,England
KA Pollard,12,2009,West Indies,England
DJG Sammy,28,2009,West Indies,Bangladesh
DJG Sammy,24,2009,West Indies,Bangladesh
DJG Sammy,40,2009,West Indies,Bangladesh
SL Malinga,4,2009,West Indies,Sri Lanka
SL Malinga,0,2009,West Indies,Sri Lanka
SL Malinga,0,2009,West Indies,Sri Lanka
CH Gayle,7,2010,West Indies,Australia
KA Pollard,31,2010,West Indies,Australia
D Ramdin,17,2010,West Indies,Australia
D Ramdin,30,2010,West Indies,Australia
CH Gayle,0,2010,West Indies,Australia
KA Pollard,32,2010,West Indies,Australia
D Ramdin,15,2010,West Indies,Australia
CH Gayle,34,2010,West Indies,Australia
DJG Sammy,0,2010,West Indies,Australia
KA Pollard,62,2010,West Indies,Australia
CH Gayle,14,2010,West Indies,Australia
DJG Sammy,47,2010,West Indies,Australia
KA Pollard,45,2010,West Indies,Australia
D Ramdin,3,2010,West Indies,Australia
DJG Sammy,25,2009,West Indies,Pakistan
SL Malinga,0,2009,West Indies,England
DJG Sammy,20,2009,West Indies,Australia
SL Malinga,15,2009,West Indies,New Zealand
DJG Sammy,23,2009,West Indies,India
SL Malinga,13,2009,West Indies,India
DJ Bravo,40,2011,West Indies,South Africa
CH Gayle,2,2011,West Indies,South Africa
DM Bravo,73,2011,West Indies,South Africa
DJG Sammy,0,2011,West Indies,South Africa
KA Pollard,0,2011,West Indies,South Africa
RR Sarwan,2,2011,West Indies,South Africa
S Chanderpaul,31,2011,West Indies,South Africa
CH Gayle,80,2011,West Indies,Netherlands
DM Bravo,30,2011,West Indies,Netherlands
DJG Sammy,6,2011,West Indies,Netherlands
KA Pollard,60,2011,West Indies,Netherlands
RR Sarwan,49,2011,West Indies,Netherlands
S Chanderpaul,4,2011,West Indies,Netherlands
CH Gayle,37,2011,West Indies,Bangladesh
DM Bravo,9,2011,West Indies,Bangladesh
DM Bravo,0,2011,West Indies,Ireland
DJG Sammy,4,2011,West Indies,Ireland
KA Pollard,94,2011,West Indies,Ireland
RR Sarwan,10,2011,West Indies,Ireland
S Chanderpaul,35,2011,West Indies,Ireland
DJG Sammy,41,2011,West Indies,England
CH Gayle,43,2011,West Indies,England
DM Bravo,5,2011,West Indies,England
KA Pollard,24,2011,West Indies,England
RR Sarwan,31,2011,West Indies,England
SL Malinga,6,2011,West Indies,New Zealand
DM Bravo,22,2011,West Indies,India
KA Pollard,1,2011,West Indies,India
DJG Sammy,2,2011,West Indies,India
RR Sarwan,39,2011,West Indies,India
CH Gayle,8,2011,West Indies,Pakistan
DM Bravo,0,2011,West Indies,Pakistan
DJG Sammy,1,2011,West Indies,Pakistan
KA Pollard,1,2011,West Indies,Pakistan
RR Sarwan,24,2011,West Indies,Pakistan
S Chanderpaul,44,2011,West Indies,Pakistan
D Ramdin,8,2010,West Indies,Zimbabwe
CH Gayle,57,2010,West Indies,Zimbabwe
KA Pollard,5,2010,West Indies,Zimbabwe
S Chanderpaul,70,2010,West Indies,Zimbabwe
CH Gayle,88,2010,West Indies,Zimbabwe
DJG Sammy,9,2010,West Indies,Zimbabwe
KA Pollard,7,2010,West Indies,Zimbabwe
S Chanderpaul,10,2010,West Indies,Zimbabwe
D Ramdin,19,2010,West Indies,Zimbabwe
DJ Bravo,24,2010,West Indies,Zimbabwe
CH Gayle,33,2010,West Indies,Zimbabwe
KA Pollard,17,2010,West Indies,Zimbabwe
DJG Sammy,7,2010,West Indies,Zimbabwe
S Chanderpaul,58,2010,West Indies,Zimbabwe
D Ramdin,12,2010,West Indies,Zimbabwe
CH Gayle,32,2010,West Indies,Zimbabwe
DJ Bravo,6,2010,West Indies,Zimbabwe
DJG Sammy,1,2010,West Indies,Zimbabwe
KA Pollard,22,2010,West Indies,Zimbabwe
S Chanderpaul,2,2010,West Indies,Zimbabwe
DM Bravo,14,2010,West Indies,Zimbabwe
D Ramdin,21,2010,West Indies,Zimbabwe
CH Gayle,63,2010,West Indies,Zimbabwe
DJ Bravo,0,2010,West Indies,Zimbabwe
KA Pollard,36,2010,West Indies,Zimbabwe
D Ramdin,17,2010,West Indies,South Africa
DJG Sammy,2,2010,West Indies,South Africa
DJ Bravo,15,2010,West Indies,South Africa
RR Sarwan,38,2010,West Indies,South Africa
KA Pollard,44,2010,West Indies,South Africa
CH Gayle,45,2010,West Indies,South Africa
D Ramdin,2,2010,West Indies,South Africa
DJ Bravo,74,2010,West Indies,South Africa
DJG Sammy,58,2010,West Indies,South Africa
KA Pollard,29,2010,West Indies,South Africa
RR Sarwan,6,2010,West Indies,South Africa
CH Gayle,26,2010,West Indies,South Africa
D Ramdin,15,2010,West Indies,South Africa
KA Pollard,10,2010,West Indies,South Africa
DM Bravo,1,2010,West Indies,South Africa
DJG Sammy,14,2010,West Indies,South Africa
DJ Bravo,13,2010,West Indies,South Africa
CH Gayle,16,2010,West Indies,South Africa
S Chanderpaul,24,2010,West Indies,South Africa
DJ Bravo,46,2010,West Indies,South Africa
CH Gayle,29,2010,West Indies,South Africa
DM Bravo,45,2010,West Indies,South Africa
DJG Sammy,0,2010,West Indies,South Africa
KA Pollard,26,2010,West Indies,South Africa
S Chanderpaul,66,2010,West Indies,South Africa
DJ Bravo,26,2010,West Indies,South Africa
CH Gayle,12,2010,West Indies,South Africa
DM Bravo,17,2010,West Indies,South Africa
DJG Sammy,19,2010,West Indies,South Africa
KA Pollard,25,2010,West Indies,South Africa
S Chanderpaul,67,2010,West Indies,South Africa
SL Malinga,56,2010,West Indies,Australia
SL Malinga,2,2010,West Indies,Australia
SL Malinga,16,2010,West Indies,Sri Lanka
SL Malinga,7,2010,West Indies,Sri Lanka
SL Malinga,5,2010,West Indies,Sri Lanka
DJG Sammy,4,2011,West Indies,Sri Lanka
CH Gayle,28,2011,West Indies,Sri Lanka
DJ Bravo,39,2011,West Indies,Sri Lanka
DM Bravo,39,2011,West Indies,Sri Lanka
KA Pollard,4,2011,West Indies,Sri Lanka
RR Sarwan,21,2011,West Indies,Sri Lanka
DJ Bravo,32,2011,West Indies,Sri Lanka
DM Bravo,79,2011,West Indies,Sri Lanka
DJG Sammy,3,2011,West Indies,Sri Lanka
RR Sarwan,51,2011,West Indies,Sri Lanka
S Chanderpaul,3,2011,West Indies,Sri Lanka
CH Gayle,0,2011,West Indies,Sri Lanka
SL Malinga,26,2011,West Indies,England
SL Malinga,0,2011,West Indies,England
SL Malinga,6,2011,West Indies,England
DJ Bravo,14,2011,West Indies,Pakistan
DM Bravo,67,2011,West Indies,Pakistan
DJG Sammy,29,2011,West Indies,Pakistan
MN Samuels,2,2011,West Indies,Pakistan
DJ Bravo,18,2011,West Indies,Pakistan
DM Bravo,12,2011,West Indies,Pakistan
DJG Sammy,18,2011,West Indies,Pakistan
MN Samuels,29,2011,West Indies,Pakistan
DJ Bravo,11,2011,West Indies,Pakistan
DM Bravo,47,2011,West Indies,Pakistan
DJG Sammy,3,2011,West Indies,Pakistan
MN Samuels,18,2011,West Indies,Pakistan
DJ Bravo,11,2011,West Indies,Pakistan
DM Bravo,21,2011,West Indies,Pakistan
RR Sarwan,28,2011,West Indies,Pakistan
MN Samuels,8,2011,West Indies,Pakistan
DJ Bravo,22,2011,West Indies,India
DM Bravo,4,2011,West Indies,India
DJG Sammy,4,2011,West Indies,India
RR Sarwan,56,2011,West Indies,India
MN Samuels,55,2011,West Indies,India
DJ Bravo,8,2011,West Indies,India
DJG Sammy,22,2011,West Indies,India
MN Samuels,36,2011,West Indies,India
KA Pollard,0,2011,West Indies,India
RR Sarwan,56,2011,West Indies,India
MN Samuels,1,2011,West Indies,India
DJG Sammy,3,2011,West Indies,India
KA Pollard,6,2011,West Indies,India
RR Sarwan,28,2011,West Indies,India
DM Bravo,15,2011,West Indies,India
DJG Sammy,1,2011,West Indies,India
KA Pollard,70,2011,West Indies,India
RR Sarwan,1,2011,West Indies,India
MN Samuels,8,2011,West Indies,India
KA Pollard,24,2011,West Indies,India
DM Bravo,86,2011,West Indies,India
RR Sarwan,75,2011,West Indies,India
MN Samuels,28,2011,West Indies,India
SL Malinga,1,2012,West Indies,South Africa
SL Malinga,2,2012,West Indies,South Africa
SL Malinga,0,2011,West Indies,Sri Lanka
SL Malinga,1,2011,West Indies,Sri Lanka
SL Malinga,0,2011,West Indies,Sri Lanka
SL Malinga,1,2012,West Indies,India
SL Malinga,1,2012,West Indies,Australia
SL Malinga,2,2012,West Indies,Australia
SL Malinga,1,2012,West Indies,Australia
SL Malinga,6,2012,West Indies,Australia
SL Malinga,11,2011,West Indies,Pakistan
SL Malinga,2,2011,West Indies,Pakistan
SL Malinga,0,2011,West Indies,Pakistan
SL Malinga,4,2011,West Indies,Pakistan
SL Malinga,4,2011,West Indies,Pakistan
MN Samuels,71,2011,West Indies,Bangladesh
KA Pollard,41,2011,West Indies,Bangladesh
DM Bravo,20,2011,West Indies,Bangladesh
MN Samuels,88,2011,West Indies,Bangladesh
DM Bravo,1,2011,West Indies,Bangladesh
D Ramdin,4,2011,West Indies,Bangladesh
DM Bravo,0,2011,West Indies,Bangladesh
DJG Sammy,2,2011,West Indies,Bangladesh
KA Pollard,0,2011,West Indies,Bangladesh
MN Samuels,5,2011,West Indies,Bangladesh
D Ramdin,22,2012,West Indies,England
DJ Bravo,8,2012,West Indies,England
DJG Sammy,11,2012,West Indies,England
MN Samuels,30,2012,West Indies,England
KA Pollard,3,2012,West Indies,England
DM Bravo,8,2012,West Indies,England
D Ramdin,2,2012,West Indies,England
CH Gayle,53,2012,West Indies,England
DJ Bravo,77,2012,West Indies,England
MN Samuels,13,2012,West Indies,England
DJG Sammy,21,2012,West Indies,England
KA Pollard,41,2012,West Indies,England
SL Malinga,1,2012,West Indies,Pakistan
SL Malinga,10,2012,West Indies,Bangladesh
D Ramdin,14,2011,West Indies,India
DM Bravo,60,2011,West Indies,India
MN Samuels,10,2011,West Indies,India
DJG Sammy,0,2011,West Indies,India
KA Pollard,13,2011,West Indies,India
D Ramdin,2,2011,West Indies,India
MN Samuels,4,2011,West Indies,India
DJG Sammy,2,2011,West Indies,India
KA Pollard,35,2011,West Indies,India
DM Bravo,13,2011,West Indies,India
DM Bravo,26,2011,West Indies,India
D Ramdin,38,2011,West Indies,India
DJG Sammy,41,2011,West Indies,India
KA Pollard,29,2011,West Indies,India
MN Samuels,58,2011,West Indies,India
D Ramdin,96,2011,West Indies,India
DJG Sammy,2,2011,West Indies,India
MN Samuels,33,2011,West Indies,India
KA Pollard,3,2011,West Indies,India
D Ramdin,14,2011,West Indies,India
MN Samuels,6,2011,West Indies,India
KA Pollard,119,2011,West Indies,India
DJG Sammy,3,2011,West Indies,India
DJ Bravo,32,2012,West Indies,Australia
KA Pollard,4,2012,West Indies,Australia
MN Samuels,35,2012,West Indies,Australia
DM Bravo,4,2012,West Indies,Australia
DJG Sammy,35,2012,West Indies,Australia
DJ Bravo,30,2012,West Indies,Australia
KA Pollard,47,2012,West Indies,Australia
MN Samuels,20,2012,West Indies,Australia
DM Bravo,16,2012,West Indies,Australia
DJ Bravo,0,2012,West Indies,Australia
MN Samuels,11,2012,West Indies,Australia
DJG Sammy,31,2012,West Indies,Australia
KA Pollard,102,2012,West Indies,Australia
DM Bravo,25,2012,West Indies,Australia
DM Bravo,3,2012,West Indies,Australia
DJ Bravo,19,2012,West Indies,Australia
KA Pollard,33,2012,West Indies,Australia
MN Samuels,0,2012,West Indies,Australia
DJG Sammy,84,2012,West Indies,Australia
CH Gayle,63,2012,West Indies,New Zealand
DJ Bravo,3,2012,West Indies,New Zealand
MN Samuels,101,2012,West Indies,New Zealand
DJG Sammy,31,2012,West Indies,New Zealand
KA Pollard,8,2012,West Indies,New Zealand
CH Gayle,125,2012,West Indies,New Zealand
D Ramdin,14,2012,West Indies,New Zealand
DJ Bravo,2,2012,West Indies,New Zealand
KA Pollard,16,2012,West Indies,New Zealand
MN Samuels,11,2012,West Indies,New Zealand
DJG Sammy,7,2012,West Indies,New Zealand
CH Gayle,11,2012,West Indies,New Zealand
CH Gayle,16,2012,West Indies,New Zealand
KA Pollard,56,2012,West Indies,New Zealand
DJ Bravo,18,2012,West Indies,New Zealand
MN Samuels,46,2012,West Indies,New Zealand
DJG Sammy,26,2012,West Indies,New Zealand
CH Gayle,5,2012,West Indies,New Zealand
KA Pollard,7,2012,West Indies,New Zealand
DJ Bravo,53,2012,West Indies,New Zealand
MN Samuels,43,2012,West Indies,New Zealand
DJG Sammy,2,2012,West Indies,New Zealand
SL Malinga,0,2012,West Indies,Sri Lanka
SL Malinga,19,2012,West Indies,Sri Lanka
SL Malinga,15,2012,West Indies,Sri Lanka
SL Malinga,10,2012,West Indies,Sri Lanka
SL Malinga,7,2013,West Indies,India
SL Malinga,1,2013,West Indies,Australia
SL Malinga,2,2013,West Indies,Australia
DJ Bravo,0,2013,West Indies,Australia
CH Gayle,4,2013,West Indies,Australia
DM Bravo,11,2013,West Indies,Australia
DJG Sammy,16,2013,West Indies,Australia
KA Pollard,0,2013,West Indies,Australia
RR Sarwan,0,2013,West Indies,Australia
DJ Bravo,45,2013,West Indies,Australia
KA Pollard,1,2013,West Indies,Australia
DM Bravo,14,2013,West Indies,Australia
DJG Sammy,8,2013,West Indies,Australia
RR Sarwan,0,2013,West Indies,Australia
CH Gayle,4,2013,West Indies,Australia
DJ Bravo,51,2013,West Indies,Australia
KA Pollard,9,2013,West Indies,Australia
DM Bravo,86,2013,West Indies,Australia
DJG Sammy,8,2013,West Indies,Australia
RR Sarwan,12,2013,West Indies,Australia
CH Gayle,2,2013,West Indies,Australia
DJ Bravo,3,2013,West Indies,Australia
DM Bravo,4,2013,West Indies,Australia
DJG Sammy,25,2013,West Indies,Australia
KA Pollard,109,2013,West Indies,Australia
DJ Bravo,13,2013,West Indies,Australia
KA Pollard,45,2013,West Indies,Australia
DM Bravo,33,2013,West Indies,Australia
DJG Sammy,23,2013,West Indies,Australia
DM Bravo,0,2013,West Indies,Pakistan
D Ramdin,11,2013,West Indies,Pakistan
CH Gayle,39,2013,West Indies,Pakistan
DJ Bravo,19,2013,West Indies,Pakistan
RR Sarwan,1,2013,West Indies,Pakistan
MN Samuels,30,2013,West Indies,Pakistan
KA Pollard,30,2013,West Indies,Pakistan
SL Malinga,2,2013,West Indies,New Zealand
CH Gayle,21,2013,West Indies,India
DM Bravo,35,2013,West Indies,India
DJ Bravo,25,2013,West Indies,India
DJG Sammy,56,2013,West Indies,India
KA Pollard,22,2013,West Indies,India
RR Sarwan,1,2013,West Indies,India
MN Samuels,1,2013,West Indies,India
SL Malinga,2,2013,West Indies,Australia
CH Gayle,35,2012,West Indies,Bangladesh
DM Bravo,35,2012,West Indies,Bangladesh
DJG Sammy,10,2012,West Indies,Bangladesh
KA Pollard,15,2012,West Indies,Bangladesh
MN Samuels,0,2012,West Indies,Bangladesh
DJG Sammy,12,2012,West Indies,Bangladesh
CH Gayle,15,2012,West Indies,Bangladesh
DM Bravo,28,2012,West Indies,Bangladesh
KA Pollard,25,2012,West Indies,Bangladesh
MN Samuels,16,2012,West Indies,Bangladesh
DM Bravo,13,2012,West Indies,Bangladesh
DJG Sammy,1,2012,West Indies,Bangladesh
CH Gayle,4,2012,West Indies,Bangladesh
KA Pollard,1,2012,West Indies,Bangladesh
MN Samuels,126,2012,West Indies,Bangladesh
CH Gayle,16,2012,West Indies,Bangladesh
DM Bravo,34,2012,West Indies,Bangladesh
KA Pollard,2,2012,West Indies,Bangladesh
MN Samuels,27,2012,West Indies,Bangladesh
DJG Sammy,60,2012,West Indies,Bangladesh
CH Gayle,2,2012,West Indies,Bangladesh
MN Samuels,1,2012,West Indies,Bangladesh
DJG Sammy,2,2012,West Indies,Bangladesh
KA Pollard,85,2012,West Indies,Bangladesh
DM Bravo,51,2012,West Indies,Bangladesh
DM Bravo,100,2013,West Indies,Zimbabwe
DJ Bravo,9,2013,West Indies,Zimbabwe
RR Sarwan,7,2013,West Indies,Zimbabwe
DM Bravo,72,2013,West Indies,Zimbabwe
D Ramdin,24,2013,West Indies,Zimbabwe
DJ Bravo,25,2013,West Indies,Zimbabwe
RR Sarwan,19,2013,West Indies,Zimbabwe
DM Bravo,27,2013,West Indies,Sri Lanka
CH Gayle,109,2013,West Indies,Sri Lanka
DJ Bravo,8,2013,West Indies,Sri Lanka
KA Pollard,0,2013,West Indies,Sri Lanka
MN Samuels,15,2013,West Indies,Sri Lanka
SL Malinga,8,2013,West Indies,Sri Lanka
D Ramdin,4,2013,West Indies,India
CH Gayle,11,2013,West Indies,India
DJG Sammy,29,2013,West Indies,India
MN Samuels,1,2013,West Indies,India
KA Pollard,4,2013,West Indies,India
DM Bravo,55,2013,West Indies,India
D Ramdin,9,2013,West Indies,India
CH Gayle,10,2013,West Indies,India
DJ Bravo,14,2013,West Indies,India
DM Bravo,1,2013,West Indies,India
DJG Sammy,12,2013,West Indies,India
KA Pollard,0,2013,West Indies,India
MN Samuels,6,2013,West Indies,India
DM Bravo,70,2013,West Indies,Sri Lanka
CH Gayle,14,2013,West Indies,Sri Lanka
DJG Sammy,3,2013,West Indies,Sri Lanka
KA Pollard,0,2013,West Indies,Sri Lanka
MN Samuels,0,2013,West Indies,Sri Lanka
SL Malinga,7,2013,West Indies,India
SL Malinga,0,2013,West Indies,India
SL Malinga,5,2013,West Indies,Sri Lanka
SL Malinga,0,2013,West Indies,Sri Lanka
SL Malinga,0,2013,West Indies,Sri Lanka
DM Bravo,2,2014,West Indies,England
DJ Bravo,87,2014,West Indies,England
DJG Sammy,61,2014,West Indies,England
D Ramdin,5,2014,West Indies,England
DM Bravo,13,2014,West Indies,England
DJ Bravo,20,2014,West Indies,England
DJG Sammy,3,2014,West Indies,England
D Ramdin,128,2014,West Indies,England
DJG Sammy,24,2014,West Indies,England
DM Bravo,16,2014,West Indies,England
DJ Bravo,27,2014,West Indies,England
MN Samuels,23,2014,West Indies,England
DJ Bravo,0,2013,West Indies,Pakistan
CH Gayle,1,2013,West Indies,Pakistan
DM Bravo,5,2013,West Indies,Pakistan
KA Pollard,3,2013,West Indies,Pakistan
MN Samuels,25,2013,West Indies,Pakistan
DJG Sammy,21,2013,West Indies,Pakistan
CH Gayle,1,2013,West Indies,Pakistan
DM Bravo,54,2013,West Indies,Pakistan
DJ Bravo,43,2013,West Indies,Pakistan
DJG Sammy,3,2013,West Indies,Pakistan
KA Pollard,30,2013,West Indies,Pakistan
MN Samuels,21,2013,West Indies,Pakistan
CH Gayle,30,2013,West Indies,Pakistan
DJ Bravo,6,2013,West Indies,Pakistan
DM Bravo,9,2013,West Indies,Pakistan
DJG Sammy,7,2013,West Indies,Pakistan
MN Samuels,106,2013,West Indies,Pakistan
CH Gayle,21,2013,West Indies,Pakistan
DJ Bravo,48,2013,West Indies,Pakistan
DM Bravo,9,2013,West Indies,Pakistan
DJG Sammy,29,2013,West Indies,Pakistan
MN Samuels,45,2013,West Indies,Pakistan
SL Malinga,0,2015,West Indies,New Zealand
D Ramdin,1,2015,West Indies,Ireland
CH Gayle,36,2015,West Indies,Ireland
MN Samuels,21,2015,West Indies,Ireland
DJG Sammy,89,2015,West Indies,Ireland
D Ramdin,51,2015,West Indies,Pakistan
CH Gayle,4,2015,West Indies,Pakistan
DM Bravo,49,2015,West Indies,Pakistan
DJG Sammy,30,2015,West Indies,Pakistan
MN Samuels,38,2015,West Indies,Pakistan
CH Gayle,215,2015,West Indies,Zimbabwe
MN Samuels,133,2015,West Indies,Zimbabwe
CH Gayle,3,2015,West Indies,South Africa
MN Samuels,0,2015,West Indies,South Africa
DJG Sammy,5,2015,West Indies,South Africa
D Ramdin,22,2015,West Indies,South Africa
D Ramdin,0,2015,West Indies,India
CH Gayle,21,2015,West Indies,India
MN Samuels,2,2015,West Indies,India
DJG Sammy,26,2015,West Indies,India
SL Malinga,0,2015,West Indies,Australia
SL Malinga,1,2015,West Indies,Scotland
D Ramdin,33,2015,West Indies,United Arab Emirates
MN Samuels,9,2015,West Indies,United Arab Emirates
SL Malinga,3,2015,West Indies,South Africa
D Ramdin,0,2015,West Indies,New Zealand
MN Samuels,27,2015,West Indies,New Zealand
DJG Sammy,27,2015,West Indies,New Zealand
CH Gayle,61,2015,West Indies,New Zealand
SL Malinga,19,2013,West Indies,Pakistan
SL Malinga,0,2013,West Indies,Pakistan
SL Malinga,0,2013,West Indies,Pakistan
D Ramdin,2,2013,West Indies,New Zealand
DJ Bravo,12,2013,West Indies,New Zealand
DM Bravo,14,2013,West Indies,New Zealand
DJG Sammy,43,2013,West Indies,New Zealand
D Ramdin,1,2014,West Indies,New Zealand
DJ Bravo,56,2014,West Indies,New Zealand
D Ramdin,17,2014,West Indies,New Zealand
DJ Bravo,43,2014,West Indies,New Zealand
DJ Bravo,106,2014,West Indies,New Zealand
SL Malinga,10,2014,West Indies,England
SL Malinga,2,2014,West Indies,England
CH Gayle,0,2013,West Indies,India
MN Samuels,24,2013,West Indies,India
DJ Bravo,24,2013,West Indies,India
DJG Sammy,5,2013,West Indies,India
DM Bravo,59,2013,West Indies,India
DJ Bravo,18,2013,West Indies,India
DJG Sammy,63,2013,West Indies,India
MN Samuels,8,2013,West Indies,India
DM Bravo,50,2013,West Indies,India
DJ Bravo,4,2013,West Indies,India
MN Samuels,71,2013,West Indies,India
DJG Sammy,37,2013,West Indies,India
DM Bravo,51,2013,West Indies,India
SL Malinga,0,2014,West Indies,Bangladesh
D Ramdin,15,2014,West Indies,Ireland
DJG Sammy,1,2014,West Indies,Ireland
DM Bravo,1,2014,West Indies,Ireland
DJ Bravo,35,2014,West Indies,Ireland
MN Samuels,26,2014,West Indies,Ireland
CH Gayle,41,2015,West Indies,South Africa
DJG Sammy,4,2015,West Indies,South Africa
MN Samuels,12,2015,West Indies,South Africa
D Ramdin,31,2015,West Indies,South Africa
D Ramdin,57,2015,West Indies,South Africa
CH Gayle,19,2015,West Indies,South Africa
MN Samuels,40,2015,West Indies,South Africa
DJG Sammy,25,2015,West Indies,South Africa
D Ramdin,2,2015,West Indies,South Africa
CH Gayle,1,2015,West Indies,South Africa
MN Samuels,26,2015,West Indies,South Africa
CH Gayle,10,2015,West Indies,South Africa
DJG Sammy,51,2015,West Indies,South Africa
MN Samuels,68,2015,West Indies,South Africa
D Ramdin,3,2015,West Indies,South Africa
CH Gayle,0,2015,West Indies,South Africa
DJG Sammy,27,2015,West Indies,South Africa
MN Samuels,50,2015,West Indies,South Africa
D Ramdin,40,2015,West Indies,South Africa
SL Malinga,6,2014,West Indies,Sri Lanka
SL Malinga,0,2014,West Indies,Sri Lanka
SL Malinga,0,2014,West Indies,Sri Lanka
D Ramdin,74,2014,West Indies,Bangladesh
DJ Bravo,5,2014,West Indies,Bangladesh
CH Gayle,3,2014,West Indies,Bangladesh
KA Pollard,89,2014,West Indies,Bangladesh
DM Bravo,7,2014,West Indies,Bangladesh
D Ramdin,34,2014,West Indies,Bangladesh
CH Gayle,58,2014,West Indies,Bangladesh
DM Bravo,53,2014,West Indies,Bangladesh
DJ Bravo,6,2014,West Indies,Bangladesh
KA Pollard,26,2014,West Indies,Bangladesh
D Ramdin,169,2014,West Indies,Bangladesh
DJ Bravo,3,2014,West Indies,Bangladesh
CH Gayle,6,2014,West Indies,Bangladesh
DM Bravo,124,2014,West Indies,Bangladesh
DJG Sammy,10,2014,West Indies,Bangladesh
KA Pollard,10,2014,West Indies,Bangladesh
SL Malinga,0,2014,West Indies,Sri Lanka
D Ramdin,61,2014,West Indies,India
DJ Bravo,17,2014,West Indies,India
DM Bravo,28,2014,West Indies,India
DJG Sammy,10,2014,West Indies,India
KA Pollard,2,2014,West Indies,India
MN Samuels,126,2014,West Indies,India
D Ramdin,3,2014,West Indies,India
DJ Bravo,10,2014,West Indies,India
DJG Sammy,1,2014,West Indies,India
DM Bravo,26,2014,West Indies,India
KA Pollard,40,2014,West Indies,India
MN Samuels,16,2014,West Indies,India
D Ramdin,9,2014,West Indies,India
DJ Bravo,0,2014,West Indies,India
MN Samuels,112,2014,West Indies,India
DJG Sammy,16,2014,West Indies,India
KA Pollard,6,2014,West Indies,India
DM Bravo,40,2014,West Indies,India
SL Malinga,4,2015,West Indies,Sri Lanka
SL Malinga,2,2015,West Indies,Sri Lanka
SL Malinga,6,2015,West Indies,Sri Lanka
SL Malinga,17,2015,West Indies,Sri Lanka
D Ramdin,9,2015,West Indies,Sri Lanka
SL Malinga,0,2015,West Indies,Sri Lanka
DM Bravo,38,2015,West Indies,Sri Lanka
MN Samuels,2,2015,West Indies,Sri Lanka
DM Bravo,21,2015,West Indies,Sri Lanka
MN Samuels,63,2015,West Indies,Sri Lanka
D Ramdin,4,2015,West Indies,Sri Lanka
DM Bravo,4,2015,West Indies,Sri Lanka
MN Samuels,110,2015,West Indies,Sri Lanka
KA Pollard,67,2016,West Indies,South Africa
DM Bravo,30,2016,West Indies,South Africa
MN Samuels,1,2016,West Indies,South Africa
D Ramdin,10,2016,West Indies,South Africa
D Ramdin,12,2016,West Indies,Australia
DM Bravo,19,2016,West Indies,Australia
KA Pollard,0,2016,West Indies,Australia
MN Samuels,10,2016,West Indies,Australia
D Ramdin,29,2016,West Indies,Australia
DM Bravo,39,2016,West Indies,Australia
MN Samuels,92,2016,West Indies,Australia
KA Pollard,16,2016,West Indies,Australia
D Ramdin,11,2016,West Indies,South Africa
KA Pollard,20,2016,West Indies,South Africa
MN Samuels,24,2016,West Indies,South Africa
DM Bravo,11,2016,West Indies,South Africa
D Ramdin,91,2016,West Indies,Australia
KA Pollard,20,2016,West Indies,Australia
DM Bravo,15,2016,West Indies,Australia
MN Samuels,125,2016,West Indies,Australia
D Ramdin,4,2016,West Indies,South Africa
DM Bravo,102,2016,West Indies,South Africa
KA Pollard,62,2016,West Indies,South Africa
MN Samuels,0,2016,West Indies,South Africa
DM Bravo,6,2016,West Indies,Australia
MN Samuels,6,2016,West Indies,Australia
KA Pollard,20,2016,West Indies,Australia
D Ramdin,40,2016,West Indies,Australia
