870,India,England,112,264,wickets,1,England,11/25/2008
604,South Africa,Zimbabwe,336,272,runs,64,South Africa,3/27/2011
566,Zimbabwe,England,2,216,wickets,10,England,9/6/2014
913,Bangladesh,Pakistan,211,134,runs,77,Bangladesh,8/3/2007
774,England,Pakistan,42,125,wickets,7,Pakistan,5/6/2014
718,West Indies,England,179,132,runs,47,West Indies,11/24/2011
491,Zimbabwe,West Indies,291,160,runs,131,Zimbabwe,8/12/2015
67,England,Pakistan,30,175,wickets,1,Pakistan,9/26/2006
924,West Indies,West Indies,32,235,wickets,4,West Indies,5/18/2008
265,England,India,95,95,wickets,1,India,11/27/2012
784,India,England,154,65,runs,89,India,2/15/2013
693,West Indies,Australia,349,152,runs,197,West Indies,5/14/2013
741,Sri Lanka,India,104,155,wickets,5,India,5/27/2008
702,England,Sri Lanka,109,173,wickets,7,Sri Lanka,9/21/2014
414,England,Australia,20,92,wickets,1,Australia,6/25/2011
743,England,South Africa,242,235,runs,7,England,5/17/2006
166,Zimbabwe,Bangladesh,57,346,wickets,3,Bangladesh,5/23/2011
262,England,Bangladesh,177,129,runs,48,England,9/21/2010
641,England,Pakistan,234,83,runs,151,England,1/18/2011
572,Australia,Australia,303,26,runs,277,Australia,3/1/2009
810,India,Bangladesh,123,139,wickets,6,Bangladesh,9/9/2006
993,Pakistan,South Africa,64,72,wickets,6,South Africa,9/20/2012
849,India,Pakistan,202,161,runs,41,India,3/10/2006
184,South Africa,England,274,285,wickets,7,England,2/4/2008
914,Australia,Bangladesh,283,50,runs,233,Australia,2/7/2010
242,South Africa,India,8,118,wickets,9,India,9/10/2012
624,West Indies,Bangladesh,65,178,wickets,10,Bangladesh,7/28/2007
547,Pakistan,India,91,233,wickets,6,India,8/26/2013
734,Pakistan,West Indies,318,292,runs,26,Pakistan,12/19/2009
422,Sri Lanka,Bangladesh,94,297,wickets,2,Bangladesh,12/21/2008
401,Sri Lanka,Pakistan,286,44,runs,242,Sri Lanka,2/14/2013
54,South Africa,South Africa,65,150,wickets,5,South Africa,5/14/2012
370,Pakistan,South Africa,153,4,runs,149,Pakistan,9/25/2006
229,England,Zimbabwe,208,105,runs,103,England,1/19/2006
552,South Africa,Bangladesh,233,7,runs,226,South Africa,9/13/2012
511,West Indies,West Indies,277,197,runs,80,West Indies,11/17/2006
125,West Indies,England,5,260,wickets,10,England,2/5/2012
475,England,Australia,192,341,wickets,1,Australia,5/12/2015
798,Pakistan,South Africa,90,83,runs,7,Pakistan,10/21/2009
615,England,Pakistan,334,158,runs,176,England,8/24/2014
127,Sri Lanka,South Africa,108,44,runs,64,Sri Lanka,5/28/2006
875,Sri Lanka,Pakistan,2,309,wickets,6,Pakistan,2/7/2009
202,Zimbabwe,England,8,144,wickets,4,England,5/7/2012
35,West Indies,Pakistan,186,261,wickets,6,Pakistan,3/22/2011
973,Sri Lanka,India,72,168,wickets,5,India,2/17/2010
469,West Indies,Zimbabwe,251,16,runs,235,West Indies,6/28/2008
563,Zimbabwe,West Indies,59,118,wickets,10,West Indies,1/10/2009
388,Zimbabwe,South Africa,286,53,runs,233,Zimbabwe,6/24/2008
663,England,West Indies,105,53,runs,52,England,5/19/2012
468,Pakistan,Pakistan,307,67,runs,240,Pakistan,12/11/2008
958,Pakistan,Australia,267,103,runs,164,Pakistan,1/13/2007
952,Zimbabwe,Sri Lanka,350,29,runs,321,Zimbabwe,8/20/2008
835,Australia,South Africa,263,109,runs,154,Australia,8/2/2014
518,Bangladesh,England,161,71,runs,90,Bangladesh,8/8/2007
421,West Indies,Sri Lanka,267,38,runs,229,West Indies,11/7/2010
178,Zimbabwe,Pakistan,278,105,runs,173,Zimbabwe,5/23/2015
285,India,Bangladesh,103,186,wickets,1,Bangladesh,12/4/2014
744,West Indies,India,180,344,wickets,6,India,2/15/2012
102,Sri Lanka,India,207,35,runs,172,Sri Lanka,9/8/2007
168,Australia,Bangladesh,344,204,runs,140,Australia,9/7/2006
165,India,Pakistan,180,51,runs,129,India,5/12/2015
296,Zimbabwe,Zimbabwe,196,72,runs,124,Zimbabwe,6/7/2007
404,England,Australia,72,61,runs,11,England,8/9/2007
634,Zimbabwe,Bangladesh,33,148,wickets,1,Bangladesh,11/16/2008
882,England,India,106,134,wickets,3,India,6/25/2015
808,Bangladesh,Australia,65,30,runs,35,Bangladesh,11/21/2013
359,Australia,India,175,109,runs,66,Australia,5/27/2010
756,Sri Lanka,Pakistan,315,49,runs,266,Sri Lanka,5/20/2012
237,West Indies,Sri Lanka,80,127,wickets,9,Sri Lanka,2/15/2013
567,Zimbabwe,Australia,288,339,wickets,4,Australia,10/23/2008
833,South Africa,Zimbabwe,105,327,wickets,7,Zimbabwe,11/19/2011
666,Bangladesh,India,330,232,runs,98,Bangladesh,2/23/2009
843,South Africa,Australia,25,156,wickets,10,Australia,3/25/2015
230,West Indies,Australia,190,328,wickets,4,Australia,11/7/2008
418,Sri Lanka,Australia,334,32,runs,302,Sri Lanka,5/5/2011
543,South Africa,Sri Lanka,187,128,runs,59,South Africa,7/11/2013
501,India,Zimbabwe,277,350,wickets,5,Zimbabwe,2/20/2014
135,South Africa,Bangladesh,323,292,runs,31,South Africa,7/17/2012
580,India,Sri Lanka,67,191,wickets,8,Sri Lanka,1/16/2012
575,Pakistan,Pakistan,84,54,runs,30,Pakistan,1/20/2014
904,England,Sri Lanka,110,170,wickets,7,Sri Lanka,4/11/2013
447,South Africa,Bangladesh,43,230,wickets,5,Bangladesh,9/11/2014
868,India,Sri Lanka,242,217,runs,25,India,5/24/2009
987,Sri Lanka,Sri Lanka,323,226,runs,97,Sri Lanka,9/15/2012
279,England,West Indies,251,190,runs,61,England,3/17/2007
204,India,England,58,268,wickets,1,England,2/14/2008
879,Sri Lanka,Pakistan,69,111,wickets,1,Pakistan,5/27/2007
765,India,South Africa,16,237,wickets,9,South Africa,11/6/2012
531,West Indies,Bangladesh,203,67,runs,136,West Indies,6/15/2007
403,Sri Lanka,England,75,78,wickets,10,England,10/22/2011
129,South Africa,Bangladesh,301,233,runs,68,South Africa,3/9/2010
863,South Africa,Bangladesh,49,151,wickets,4,Bangladesh,11/2/2012
598,Pakistan,Sri Lanka,218,213,runs,5,Pakistan,11/7/2014
767,South Africa,England,273,44,runs,229,South Africa,5/17/2013
656,Bangladesh,Sri Lanka,229,153,runs,76,Bangladesh,11/4/2008
208,Pakistan,South Africa,309,235,runs,74,Pakistan,9/11/2007
500,South Africa,Sri Lanka,217,323,wickets,2,Sri Lanka,2/20/2006
691,Sri Lanka,Sri Lanka,251,83,runs,168,Sri Lanka,9/7/2011
980,South Africa,Australia,172,268,wickets,9,Australia,8/3/2014
910,England,England,150,119,runs,31,England,3/3/2014
727,Bangladesh,Bangladesh,201,108,runs,93,Bangladesh,9/13/2009
455,South Africa,West Indies,227,198,runs,29,South Africa,6/5/2006
559,West Indies,Zimbabwe,147,111,runs,36,West Indies,1/21/2006
238,South Africa,West Indies,349,86,runs,263,South Africa,7/23/2008
159,Bangladesh,South Africa,117,152,wickets,1,South Africa,1/18/2011
92,Pakistan,India,236,262,wickets,7,India,2/9/2012
629,Sri Lanka,Pakistan,247,133,runs,114,Sri Lanka,9/11/2009
608,South Africa,Bangladesh,176,348,wickets,9,Bangladesh,2/4/2009
749,Australia,Pakistan,168,222,wickets,9,Pakistan,7/28/2006
304,Zimbabwe,India,272,335,wickets,6,India,12/9/2009
228,Australia,England,124,51,runs,73,Australia,5/23/2011
392,Zimbabwe,Zimbabwe,259,114,runs,145,Zimbabwe,3/2/2006
179,Sri Lanka,England,206,93,runs,113,Sri Lanka,1/7/2010
933,Bangladesh,Pakistan,112,199,wickets,10,Pakistan,6/1/2015
895,South Africa,Bangladesh,311,135,runs,176,South Africa,2/11/2009
897,Pakistan,Sri Lanka,209,239,wickets,2,Sri Lanka,5/5/2015
124,India,South Africa,228,60,runs,168,India,3/8/2014
692,Pakistan,Bangladesh,178,132,runs,46,Pakistan,5/12/2012
861,Australia,Pakistan,8,87,wickets,7,Pakistan,1/23/2008
355,Bangladesh,South Africa,310,267,runs,43,Bangladesh,4/25/2009
94,South Africa,England,248,237,runs,11,South Africa,2/11/2007
907,Zimbabwe,South Africa,279,42,runs,237,Zimbabwe,10/16/2012
14,Zimbabwe,Australia,250,109,runs,141,Zimbabwe,7/17/2015
982,India,Australia,331,334,wickets,6,Australia,11/7/2012
93,Sri Lanka,India,283,13,runs,270,Sri Lanka,5/4/2007
896,West Indies,West Indies,178,238,wickets,6,West Indies,1/12/2011
732,England,England,195,140,runs,55,England,1/27/2013
123,Pakistan,Zimbabwe,132,236,wickets,2,Zimbabwe,8/23/2006
310,Australia,South Africa,24,173,wickets,10,South Africa,11/9/2015
429,South Africa,India,188,138,runs,50,South Africa,7/27/2010
610,Australia,Pakistan,298,165,runs,133,Australia,1/11/2011
687,South Africa,West Indies,316,108,runs,208,South Africa,11/7/2012
606,England,Bangladesh,17,91,wickets,1,Bangladesh,1/11/2009
676,Pakistan,India,11,214,wickets,9,India,1/24/2013
932,Sri Lanka,Zimbabwe,156,164,wickets,3,Zimbabwe,1/13/2015
53,West Indies,Australia,340,4,runs,336,West Indies,1/3/2008
752,India,Zimbabwe,308,99,runs,209,India,9/14/2006
272,Bangladesh,South Africa,39,224,wickets,10,South Africa,12/2/2006
660,Pakistan,West Indies,216,304,wickets,5,West Indies,10/4/2012
951,Zimbabwe,West Indies,307,47,runs,260,Zimbabwe,8/16/2008
568,South Africa,England,261,163,runs,98,South Africa,1/17/2006
959,India,Bangladesh,53,55,wickets,4,Bangladesh,10/7/2010
189,West Indies,India,203,318,wickets,6,India,4/4/2012
142,South Africa,Bangladesh,243,115,runs,128,South Africa,1/13/2006
277,Zimbabwe,Pakistan,239,15,runs,224,Zimbabwe,4/25/2006
630,South Africa,West Indies,270,239,runs,31,South Africa,5/23/2006
555,Australia,Australia,273,109,runs,164,Australia,6/20/2010
860,Australia,Zimbabwe,77,229,wickets,5,Zimbabwe,5/15/2006
31,South Africa,West Indies,206,198,runs,8,South Africa,12/20/2008
680,India,England,266,61,runs,205,India,7/6/2013
307,South Africa,South Africa,268,70,runs,198,South Africa,5/8/2008
713,Australia,Australia,121,340,wickets,5,Australia,11/24/2011
557,England,South Africa,291,32,runs,259,England,6/17/2015
338,Bangladesh,England,189,230,wickets,1,England,5/21/2012
107,Pakistan,England,337,327,runs,10,Pakistan,7/11/2006
811,South Africa,Pakistan,232,55,runs,177,South Africa,4/8/2011
955,West Indies,Australia,157,289,wickets,5,Australia,6/2/2011
299,Zimbabwe,Zimbabwe,93,326,wickets,10,Zimbabwe,8/2/2012
152,England,England,187,53,runs,134,England,6/13/2010
90,Australia,Pakistan,3,210,wickets,10,Pakistan,2/12/2008
479,Australia,England,180,198,wickets,7,England,11/26/2007
836,South Africa,India,141,329,wickets,8,India,12/19/2014
498,India,India,228,161,runs,67,India,5/25/2010
408,Zimbabwe,India,32,101,wickets,5,India,8/9/2015
477,Bangladesh,Bangladesh,344,144,runs,200,Bangladesh,10/14/2007
789,England,England,38,44,wickets,4,England,11/16/2015
832,South Africa,Australia,165,221,wickets,5,Australia,4/6/2015
978,England,Sri Lanka,273,286,wickets,7,Sri Lanka,11/11/2015
877,Australia,Australia,23,240,wickets,6,Australia,9/22/2006
704,Sri Lanka,England,262,138,runs,124,Sri Lanka,12/2/2007
332,Zimbabwe,Australia,237,97,runs,140,Zimbabwe,1/14/2007
938,Pakistan,Bangladesh,95,8,runs,87,Pakistan,7/7/2008
315,Zimbabwe,India,183,193,wickets,7,India,6/13/2009
15,Australia,India,102,89,runs,13,Australia,4/16/2015
220,Zimbabwe,England,124,319,wickets,10,England,4/11/2014
130,West Indies,Bangladesh,300,320,wickets,6,Bangladesh,9/9/2009
426,Australia,India,18,237,wickets,8,India,12/8/2014
321,India,Sri Lanka,36,188,wickets,9,Sri Lanka,1/17/2007
13,Zimbabwe,India,206,268,wickets,2,India,7/9/2015
609,England,South Africa,53,234,wickets,1,South Africa,3/4/2014
151,India,Pakistan,200,231,wickets,9,Pakistan,7/27/2011
678,Zimbabwe,Australia,133,60,runs,73,Zimbabwe,2/12/2008
661,Bangladesh,West Indies,269,23,runs,246,Bangladesh,5/16/2007
250,South Africa,Pakistan,335,174,runs,161,South Africa,3/27/2008
342,Sri Lanka,West Indies,107,229,wickets,7,West Indies,7/1/2014
841,England,Bangladesh,124,266,wickets,8,Bangladesh,1/16/2007
874,Australia,England,50,342,wickets,2,England,2/7/2010
814,Zimbabwe,Pakistan,34,237,wickets,1,Pakistan,1/20/2009
711,India,Pakistan,265,279,wickets,1,Pakistan,1/8/2007
799,South Africa,Zimbabwe,124,262,wickets,8,Zimbabwe,10/24/2012
361,South Africa,Bangladesh,77,33,runs,44,South Africa,4/6/2015
245,West Indies,Bangladesh,266,235,runs,31,West Indies,2/28/2008
805,Bangladesh,Pakistan,17,111,wickets,4,Pakistan,4/9/2007
69,Sri Lanka,West Indies,234,149,runs,85,Sri Lanka,8/14/2010
946,Sri Lanka,Australia,30,137,wickets,5,Australia,6/13/2009
34,Bangladesh,Sri Lanka,3,123,wickets,3,Sri Lanka,1/24/2007
323,Australia,Bangladesh,66,224,wickets,9,Bangladesh,10/17/2014
480,Sri Lanka,India,275,85,runs,190,Sri Lanka,12/8/2006
358,Pakistan,Australia,197,287,wickets,6,Australia,10/11/2006
283,India,Australia,225,163,runs,62,India,5/28/2006
494,Zimbabwe,Australia,208,231,wickets,9,Australia,2/8/2015
330,Pakistan,England,1,252,wickets,4,England,10/12/2015
700,Sri Lanka,Pakistan,83,241,wickets,9,Pakistan,12/17/2012
348,Australia,India,243,226,runs,17,Australia,10/22/2012
18,South Africa,England,120,164,wickets,6,England,10/28/2009
77,England,Bangladesh,350,70,runs,280,England,12/19/2009
998,South Africa,West Indies,334,180,runs,154,South Africa,8/17/2008
975,Bangladesh,Zimbabwe,266,195,runs,71,Bangladesh,1/8/2006
855,West Indies,Australia,88,350,wickets,2,Australia,5/5/2006
260,Sri Lanka,Pakistan,47,86,wickets,3,Pakistan,8/14/2010
525,Pakistan,South Africa,28,217,wickets,5,South Africa,11/19/2007
806,Bangladesh,South Africa,68,289,wickets,10,South Africa,2/2/2014
549,England,Pakistan,172,55,runs,117,England,9/15/2007
594,Sri Lanka,South Africa,13,56,wickets,10,South Africa,10/10/2013
903,Australia,Pakistan,283,227,runs,56,Australia,11/19/2011
728,Pakistan,Zimbabwe,97,133,wickets,1,Zimbabwe,11/4/2010
988,Australia,India,231,313,wickets,9,India,3/4/2014
908,West Indies,Australia,165,246,wickets,3,Australia,9/25/2015
528,Australia,West Indies,280,228,runs,52,Australia,5/16/2015
432,West Indies,England,258,296,wickets,1,England,6/10/2011
339,Zimbabwe,Zimbabwe,283,140,runs,143,Zimbabwe,6/22/2007
533,England,Australia,251,88,runs,163,England,9/27/2008
828,Bangladesh,England,95,278,wickets,6,England,3/26/2011
644,Bangladesh,England,27,288,wickets,5,England,6/12/2006
320,Australia,England,19,132,wickets,2,England,7/1/2011
800,Zimbabwe,Australia,96,196,wickets,4,Australia,1/7/2007
143,South Africa,India,332,210,runs,122,South Africa,3/27/2013
390,England,Zimbabwe,140,335,wickets,9,Zimbabwe,12/25/2013
257,West Indies,Australia,56,160,wickets,8,Australia,10/2/2009
473,Zimbabwe,Australia,24,149,wickets,3,Australia,8/18/2013
441,Pakistan,Australia,304,38,runs,266,Pakistan,8/1/2011
368,Zimbabwe,England,300,260,runs,40,Zimbabwe,10/4/2015
859,India,Pakistan,187,158,runs,29,India,9/26/2011
726,Pakistan,Australia,289,45,runs,244,Pakistan,3/1/2012
182,South Africa,Zimbabwe,62,231,wickets,6,Zimbabwe,7/23/2007
17,Pakistan,England,131,194,wickets,3,England,11/27/2012
80,Bangladesh,Pakistan,236,236,wickets,3,Pakistan,10/13/2009
456,Sri Lanka,England,179,81,runs,98,Sri Lanka,11/19/2012
541,India,South Africa,270,172,runs,98,India,11/2/2009
943,Bangladesh,Pakistan,208,315,wickets,9,Pakistan,11/14/2014
367,India,Australia,168,87,runs,81,India,3/27/2007
247,Zimbabwe,Pakistan,136,11,runs,125,Zimbabwe,5/20/2013
834,Bangladesh,Sri Lanka,117,106,runs,11,Bangladesh,11/8/2015
852,Sri Lanka,England,346,162,runs,184,Sri Lanka,8/17/2006
591,South Africa,Bangladesh,132,114,runs,18,South Africa,4/8/2012
30,Pakistan,South Africa,108,182,wickets,9,South Africa,6/8/2008
668,South Africa,Sri Lanka,316,186,runs,130,South Africa,9/5/2012
976,India,Zimbabwe,21,150,wickets,10,Zimbabwe,6/17/2007
140,Pakistan,Sri Lanka,91,240,wickets,8,Sri Lanka,8/24/2012
519,Bangladesh,West Indies,211,267,wickets,9,West Indies,7/24/2015
854,England,Zimbabwe,300,127,runs,173,England,7/28/2015
652,Bangladesh,Australia,64,283,wickets,10,Australia,9/5/2010
379,Pakistan,Sri Lanka,46,65,wickets,7,Sri Lanka,1/23/2007
85,Sri Lanka,West Indies,73,66,runs,7,Sri Lanka,2/11/2010
848,Bangladesh,India,128,39,runs,89,Bangladesh,2/25/2012
232,Pakistan,India,181,240,wickets,1,India,8/13/2012
389,Zimbabwe,Zimbabwe,82,278,wickets,2,Zimbabwe,5/9/2014
999,England,Pakistan,305,340,wickets,9,Pakistan,5/15/2014
269,Pakistan,Zimbabwe,117,286,wickets,7,Zimbabwe,3/21/2010
730,Zimbabwe,Zimbabwe,341,198,runs,143,Zimbabwe,9/8/2008
703,Pakistan,West Indies,23,32,wickets,3,West Indies,2/1/2011
893,Bangladesh,Australia,29,222,wickets,5,Australia,8/20/2013
984,West Indies,South Africa,210,294,wickets,2,South Africa,8/2/2007
295,Sri Lanka,Zimbabwe,264,239,runs,25,Sri Lanka,9/15/2006
551,West Indies,Sri Lanka,152,200,wickets,1,Sri Lanka,5/7/2011
331,England,Sri Lanka,87,44,runs,43,England,5/4/2015
694,Pakistan,West Indies,319,7,runs,312,Pakistan,9/18/2008
104,Sri Lanka,Australia,106,236,wickets,3,Australia,6/3/2008
385,Australia,England,320,85,runs,235,Australia,4/14/2006
857,Zimbabwe,Pakistan,292,290,runs,2,Zimbabwe,3/27/2009
255,South Africa,Bangladesh,50,115,wickets,6,Bangladesh,7/8/2015
983,England,West Indies,199,76,runs,123,England,12/19/2007
437,India,South Africa,267,104,runs,163,India,8/4/2013
461,Sri Lanka,England,71,321,wickets,9,England,2/27/2014
600,West Indies,Australia,46,209,wickets,2,Australia,8/7/2007
717,West Indies,England,281,319,wickets,6,England,12/28/2008
86,Sri Lanka,South Africa,156,13,runs,143,Sri Lanka,4/8/2014
171,Bangladesh,India,349,215,runs,134,Bangladesh,6/13/2008
420,South Africa,West Indies,94,288,wickets,4,West Indies,7/17/2008
520,England,West Indies,41,286,wickets,7,West Indies,5/7/2007
526,West Indies,Sri Lanka,234,303,wickets,8,Sri Lanka,9/23/2011
720,West Indies,Zimbabwe,308,344,wickets,2,Zimbabwe,1/17/2014
535,South Africa,Zimbabwe,102,113,wickets,8,Zimbabwe,3/23/2014
742,South Africa,South Africa,191,198,wickets,1,South Africa,9/20/2006
328,India,Sri Lanka,57,261,wickets,8,Sri Lanka,3/17/2009
686,Sri Lanka,Pakistan,195,75,runs,120,Sri Lanka,8/7/2012
920,Zimbabwe,Australia,65,302,wickets,8,Australia,8/27/2011
738,Pakistan,Australia,246,232,runs,14,Pakistan,3/16/2012
118,Australia,Australia,88,221,wickets,9,Australia,2/11/2008
333,Sri Lanka,West Indies,126,3,runs,123,Sri Lanka,4/7/2011
223,Bangladesh,Australia,216,18,runs,198,Bangladesh,4/7/2015
148,England,Pakistan,350,146,runs,204,England,3/22/2011
353,South Africa,South Africa,235,268,wickets,10,South Africa,8/14/2015
448,India,England,290,221,runs,69,India,12/2/2007
524,Australia,Sri Lanka,230,36,runs,194,Australia,3/20/2008
573,South Africa,South Africa,324,209,runs,115,South Africa,12/11/2011
121,Pakistan,England,344,340,runs,4,Pakistan,7/26/2006
929,South Africa,Sri Lanka,212,65,runs,147,South Africa,10/17/2006
546,South Africa,South Africa,63,87,wickets,5,South Africa,10/18/2008
446,Zimbabwe,Australia,255,16,runs,239,Zimbabwe,9/1/2008
824,West Indies,England,311,145,runs,166,West Indies,4/15/2009
851,Bangladesh,England,112,215,wickets,3,England,4/5/2014
199,West Indies,South Africa,26,339,wickets,7,South Africa,3/13/2013
620,India,Zimbabwe,269,168,runs,101,India,4/5/2009
206,Zimbabwe,Bangladesh,2,299,wickets,1,Bangladesh,12/10/2013
373,England,England,184,262,wickets,8,England,7/8/2006
417,West Indies,Zimbabwe,302,248,runs,54,West Indies,12/23/2006
945,South Africa,West Indies,238,216,runs,22,South Africa,2/18/2009
65,Sri Lanka,Pakistan,280,188,runs,92,Sri Lanka,1/5/2009
309,Australia,South Africa,313,38,runs,275,Australia,12/19/2010
817,Sri Lanka,Sri Lanka,223,206,runs,17,Sri Lanka,4/10/2010
105,England,India,231,6,runs,225,England,2/23/2009
224,Sri Lanka,India,327,177,runs,150,Sri Lanka,6/19/2013
162,Pakistan,West Indies,83,324,wickets,8,West Indies,6/25/2010
398,West Indies,Australia,170,345,wickets,9,Australia,11/21/2013
944,Bangladesh,Australia,294,111,runs,183,Bangladesh,3/24/2011
411,Zimbabwe,Zimbabwe,303,228,runs,75,Zimbabwe,2/20/2008
517,West Indies,Bangladesh,316,3,runs,313,West Indies,5/8/2011
22,West Indies,Australia,116,133,wickets,6,Australia,12/28/2015
451,England,England,207,125,runs,82,England,10/22/2007
853,England,Australia,260,182,runs,78,England,3/19/2011
173,Zimbabwe,India,299,89,runs,210,Zimbabwe,11/15/2014
378,West Indies,Pakistan,266,338,wickets,6,Pakistan,3/12/2007
131,India,Australia,342,252,runs,90,India,1/12/2006
816,England,Bangladesh,148,24,runs,124,England,8/5/2015
964,India,South Africa,99,130,wickets,1,South Africa,5/16/2013
231,Sri Lanka,South Africa,146,220,wickets,1,South Africa,8/5/2011
745,Zimbabwe,West Indies,248,121,runs,127,Zimbabwe,2/18/2014
869,Zimbabwe,Pakistan,52,207,wickets,5,Pakistan,2/5/2011
287,Australia,England,77,76,runs,1,Australia,12/19/2007
155,Pakistan,India,338,138,runs,200,Pakistan,4/6/2012
597,India,West Indies,265,107,runs,158,India,3/21/2014
51,England,Sri Lanka,157,141,runs,16,England,1/2/2011
217,Bangladesh,West Indies,137,226,wickets,1,West Indies,10/27/2015
222,Australia,Australia,250,67,runs,183,Australia,6/25/2015
867,Bangladesh,Australia,178,21,runs,157,Bangladesh,12/1/2014
740,England,West Indies,73,184,wickets,1,West Indies,2/21/2013
150,West Indies,Zimbabwe,300,54,runs,246,West Indies,11/20/2012
466,Zimbabwe,Australia,2,280,wickets,9,Australia,4/7/2014
723,Bangladesh,Sri Lanka,62,22,runs,40,Bangladesh,8/12/2010
291,Bangladesh,South Africa,86,119,wickets,10,South Africa,12/13/2007
280,Pakistan,South Africa,141,349,wickets,2,South Africa,6/7/2008
72,India,West Indies,209,94,runs,115,India,1/15/2013
683,Bangladesh,Pakistan,196,21,runs,175,Bangladesh,2/17/2014
349,Australia,South Africa,163,37,runs,126,Australia,8/1/2013
197,Australia,Australia,117,158,wickets,10,Australia,6/19/2009
10,West Indies,West Indies,337,305,runs,32,West Indies,10/14/2007
482,South Africa,Zimbabwe,328,23,runs,305,South Africa,8/17/2014
648,Pakistan,Australia,97,88,runs,9,Pakistan,11/18/2012
110,England,England,103,247,wickets,2,England,1/11/2009
670,England,Australia,57,205,wickets,7,Australia,9/11/2015
775,Sri Lanka,South Africa,309,267,runs,42,Sri Lanka,10/19/2011
7,Australia,West Indies,37,231,wickets,1,West Indies,11/18/2006
459,India,Pakistan,258,346,wickets,1,Pakistan,5/21/2007
103,Zimbabwe,Pakistan,141,77,runs,64,Zimbabwe,4/22/2006
111,England,Bangladesh,188,211,wickets,1,Bangladesh,11/23/2015
431,West Indies,India,124,36,runs,88,West Indies,6/21/2009
847,England,Bangladesh,117,173,wickets,1,Bangladesh,8/27/2006
419,Australia,Australia,280,321,wickets,9,Australia,10/25/2015
507,Zimbabwe,South Africa,329,256,runs,73,Zimbabwe,6/25/2009
156,Bangladesh,India,114,343,wickets,4,India,9/17/2015
176,Pakistan,Bangladesh,121,52,runs,69,Pakistan,8/3/2015
452,Zimbabwe,Sri Lanka,283,55,runs,228,Zimbabwe,7/5/2010
434,Bangladesh,England,95,269,wickets,7,England,6/3/2008
164,South Africa,West Indies,124,31,runs,93,South Africa,9/14/2015
708,India,Zimbabwe,346,311,runs,35,India,4/2/2015
880,South Africa,Pakistan,110,77,runs,33,South Africa,6/5/2015
585,England,Bangladesh,317,339,wickets,9,Bangladesh,1/27/2008
793,Sri Lanka,Zimbabwe,304,10,runs,294,Sri Lanka,7/26/2015
149,South Africa,West Indies,99,231,wickets,8,West Indies,8/22/2010
371,Zimbabwe,Bangladesh,170,28,runs,142,Zimbabwe,7/22/2014
37,Pakistan,England,205,1,runs,204,Pakistan,6/27/2010
71,West Indies,India,283,288,wickets,5,India,8/5/2015
221,Australia,Australia,8,282,wickets,2,Australia,5/10/2015
785,India,Bangladesh,50,318,wickets,9,Bangladesh,6/5/2008
344,West Indies,England,347,4,runs,343,West Indies,9/23/2008
292,West Indies,Pakistan,250,96,runs,154,West Indies,5/1/2011
509,South Africa,England,81,183,wickets,5,England,7/14/2012
492,South Africa,Zimbabwe,281,7,runs,274,South Africa,4/12/2007
916,England,England,286,88,runs,198,England,10/23/2012
788,England,Zimbabwe,298,305,wickets,10,Zimbabwe,5/6/2012
565,Australia,Sri Lanka,265,310,wickets,3,Sri Lanka,6/19/2012
172,Australia,Bangladesh,187,102,runs,85,Australia,5/5/2014
705,Zimbabwe,Bangladesh,269,131,runs,138,Zimbabwe,4/9/2009
95,Sri Lanka,India,202,250,wickets,6,India,11/27/2014
84,Zimbabwe,Pakistan,93,293,wickets,3,Pakistan,1/11/2012
885,Pakistan,West Indies,176,322,wickets,2,West Indies,9/14/2008
763,England,West Indies,129,228,wickets,7,West Indies,2/5/2007
428,England,Bangladesh,39,234,wickets,8,Bangladesh,4/24/2008
281,Australia,Zimbabwe,101,309,wickets,3,Zimbabwe,5/15/2015
351,Bangladesh,Pakistan,270,197,runs,73,Bangladesh,8/6/2006
886,India,South Africa,227,27,runs,200,India,8/11/2006
965,West Indies,Bangladesh,12,144,wickets,3,Bangladesh,7/19/2008
248,Sri Lanka,England,177,305,wickets,2,England,12/15/2008
649,England,West Indies,190,48,runs,142,England,12/6/2014
970,England,England,97,71,runs,26,England,7/14/2008
61,England,Australia,287,304,wickets,5,Australia,3/23/2007
553,Sri Lanka,West Indies,107,299,wickets,8,West Indies,7/3/2010
635,Zimbabwe,Bangladesh,138,275,wickets,3,Bangladesh,8/6/2008
463,Bangladesh,Zimbabwe,297,348,wickets,7,Zimbabwe,12/26/2011
3,South Africa,Zimbabwe,112,285,wickets,3,Zimbabwe,3/11/2014
925,South Africa,Australia,41,338,wickets,7,Australia,9/7/2008
1,Australia,Pakistan,134,220,wickets,8,Pakistan,8/21/2009
613,Australia,Pakistan,278,226,runs,52,Australia,4/8/2015
445,Australia,India,193,199,wickets,2,India,12/7/2014
503,Australia,West Indies,63,54,runs,9,Australia,9/12/2009
157,Sri Lanka,West Indies,31,25,runs,6,Sri Lanka,3/10/2008
830,West Indies,Australia,322,314,runs,8,West Indies,6/10/2011
146,Australia,England,208,50,runs,158,Australia,8/13/2012
194,Australia,Sri Lanka,230,72,runs,158,Australia,5/5/2015
587,Australia,Sri Lanka,254,325,wickets,10,Sri Lanka,8/27/2010
990,West Indies,Sri Lanka,301,140,runs,161,West Indies,7/19/2014
256,West Indies,Pakistan,219,137,runs,82,West Indies,11/22/2009
502,South Africa,Sri Lanka,37,156,wickets,4,Sri Lanka,7/8/2008
735,Australia,Pakistan,271,112,runs,159,Australia,3/2/2009
57,Bangladesh,Zimbabwe,44,239,wickets,7,Zimbabwe,4/28/2015
381,England,Sri Lanka,253,119,runs,134,England,5/22/2014
876,Bangladesh,England,294,120,runs,174,Bangladesh,4/25/2015
158,India,Sri Lanka,127,237,wickets,10,Sri Lanka,12/1/2009
928,South Africa,Pakistan,326,262,runs,64,South Africa,12/8/2011
898,Pakistan,India,217,192,runs,25,Pakistan,12/14/2006
937,Zimbabwe,Zimbabwe,96,13,runs,83,Zimbabwe,2/26/2007
653,Zimbabwe,Australia,176,283,wickets,9,Australia,12/13/2013
96,West Indies,England,229,79,runs,150,West Indies,9/24/2013
484,Zimbabwe,England,350,92,runs,258,Zimbabwe,5/25/2015
443,Pakistan,West Indies,192,204,wickets,1,West Indies,9/4/2006
994,Australia,Sri Lanka,221,246,wickets,1,Sri Lanka,10/28/2009
989,Pakistan,Pakistan,325,346,wickets,10,Pakistan,3/27/2012
493,Pakistan,Pakistan,88,79,runs,9,Pakistan,10/1/2012
97,Zimbabwe,Sri Lanka,110,48,runs,62,Zimbabwe,9/14/2014
772,India,Australia,63,30,runs,33,India,7/15/2006
394,Pakistan,West Indies,71,129,wickets,1,West Indies,9/6/2010
188,Zimbabwe,India,295,209,runs,86,Zimbabwe,1/1/2010
301,England,Sri Lanka,44,187,wickets,10,Sri Lanka,12/28/2007
611,Australia,Zimbabwe,248,132,runs,116,Australia,3/28/2015
177,Pakistan,West Indies,74,66,runs,8,Pakistan,12/6/2007
393,England,Pakistan,328,34,runs,294,England,10/14/2009
362,India,West Indies,150,240,wickets,6,West Indies,3/1/2014
225,England,India,140,85,runs,55,England,7/16/2015
862,South Africa,Zimbabwe,45,109,wickets,3,Zimbabwe,2/4/2012
11,West Indies,Australia,266,138,runs,128,West Indies,3/15/2008
363,West Indies,Zimbabwe,226,257,wickets,6,Zimbabwe,3/6/2013
29,Australia,South Africa,229,340,wickets,8,South Africa,6/10/2012
87,Pakistan,Zimbabwe,46,150,wickets,10,Zimbabwe,11/19/2007
322,England,Pakistan,197,123,runs,74,England,10/18/2014
489,Sri Lanka,South Africa,127,167,wickets,1,South Africa,1/17/2010
183,South Africa,England,174,229,wickets,9,England,12/18/2014
534,Pakistan,Zimbabwe,12,86,wickets,8,Zimbabwe,7/21/2011
460,Sri Lanka,Bangladesh,108,45,runs,63,Sri Lanka,1/17/2009
83,West Indies,England,347,91,runs,256,West Indies,11/23/2011
174,Bangladesh,Pakistan,174,36,runs,138,Bangladesh,3/9/2012
141,West Indies,Australia,233,34,runs,199,West Indies,6/19/2009
495,England,Pakistan,89,128,wickets,6,Pakistan,5/3/2008
267,Zimbabwe,Sri Lanka,302,253,runs,49,Zimbabwe,3/18/2008
770,South Africa,Australia,200,158,runs,42,South Africa,3/17/2012
682,Australia,Bangladesh,237,2,runs,235,Australia,12/21/2007
6,Pakistan,West Indies,149,4,runs,145,Pakistan,7/17/2010
966,Zimbabwe,West Indies,41,37,runs,4,Zimbabwe,5/25/2010
838,Sri Lanka,Zimbabwe,165,315,wickets,7,Zimbabwe,2/24/2006
637,Australia,Australia,147,77,runs,70,Australia,2/3/2014
560,Sri Lanka,India,106,213,wickets,10,India,3/7/2011
396,Sri Lanka,India,49,72,wickets,4,India,6/17/2010
440,India,West Indies,53,348,wickets,1,West Indies,11/8/2015
709,England,West Indies,253,196,runs,57,England,7/16/2010
210,Sri Lanka,Zimbabwe,330,4,runs,326,Sri Lanka,6/22/2015
537,England,Sri Lanka,96,183,wickets,8,Sri Lanka,11/12/2014
340,Pakistan,Zimbabwe,175,29,runs,146,Pakistan,10/4/2009
46,England,Sri Lanka,50,260,wickets,4,Sri Lanka,9/18/2009
481,Australia,Sri Lanka,6,1,runs,5,Australia,4/6/2011
357,Zimbabwe,Australia,339,32,runs,307,Zimbabwe,11/17/2010
688,India,West Indies,148,93,runs,55,India,8/25/2007
354,Australia,Australia,21,303,wickets,4,Australia,10/25/2010
306,Australia,Zimbabwe,267,63,runs,204,Australia,9/18/2015
126,England,West Indies,231,347,wickets,4,West Indies,10/19/2006
736,West Indies,India,109,209,wickets,8,India,4/5/2007
881,Sri Lanka,England,141,190,wickets,1,England,12/9/2011
136,Pakistan,India,192,83,runs,109,Pakistan,6/24/2015
901,Bangladesh,Pakistan,95,330,wickets,3,Pakistan,1/9/2007
79,West Indies,Zimbabwe,249,87,runs,162,West Indies,4/16/2007
840,England,Zimbabwe,321,195,runs,126,England,2/14/2012
19,Bangladesh,Australia,320,130,runs,190,Bangladesh,1/10/2010
33,India,Zimbabwe,300,200,runs,100,India,3/16/2012
577,Sri Lanka,West Indies,111,130,wickets,2,West Indies,10/8/2009
715,West Indies,Bangladesh,22,274,wickets,3,Bangladesh,6/6/2013
25,Australia,Bangladesh,60,98,wickets,4,Bangladesh,1/15/2011
967,South Africa,Pakistan,61,325,wickets,2,Pakistan,6/21/2010
796,India,Bangladesh,305,120,runs,185,India,2/22/2012
825,England,India,335,293,runs,42,England,10/17/2008
27,Sri Lanka,Pakistan,265,93,runs,172,Sri Lanka,8/17/2011
961,Bangladesh,Zimbabwe,25,262,wickets,6,Zimbabwe,2/19/2015
106,Bangladesh,Pakistan,200,169,runs,31,Bangladesh,4/20/2008
737,South Africa,Bangladesh,85,249,wickets,1,Bangladesh,11/18/2006
26,Australia,Sri Lanka,23,298,wickets,7,Sri Lanka,4/25/2011
746,Australia,South Africa,331,325,runs,6,Australia,9/5/2012
844,Bangladesh,West Indies,346,207,runs,139,Bangladesh,3/23/2015
395,Pakistan,England,190,254,wickets,6,England,1/20/2009
23,West Indies,Zimbabwe,10,86,wickets,10,Zimbabwe,5/15/2012
382,India,Sri Lanka,151,343,wickets,10,Sri Lanka,9/2/2014
234,Pakistan,Bangladesh,19,168,wickets,8,Bangladesh,3/17/2008
911,England,Australia,93,330,wickets,6,Australia,5/12/2006
506,West Indies,Bangladesh,162,39,runs,123,West Indies,2/23/2007
550,West Indies,Australia,271,131,runs,140,West Indies,2/4/2015
866,Sri Lanka,India,136,321,wickets,4,India,11/3/2012
701,Pakistan,Bangladesh,48,225,wickets,7,Bangladesh,6/18/2007
134,Sri Lanka,Bangladesh,298,316,wickets,5,Bangladesh,12/27/2008
512,South Africa,South Africa,59,318,wickets,1,South Africa,2/9/2013
345,West Indies,Sri Lanka,332,245,runs,87,West Indies,9/5/2007
472,England,South Africa,103,345,wickets,9,South Africa,11/25/2013
169,South Africa,Zimbabwe,239,88,runs,151,South Africa,5/8/2007
561,Australia,Sri Lanka,232,84,runs,148,Australia,8/14/2007
927,Bangladesh,Bangladesh,100,277,wickets,10,Bangladesh,7/4/2006
12,India,England,342,332,runs,10,India,9/14/2015
640,England,Pakistan,310,47,runs,263,England,3/12/2007
356,Australia,England,322,283,runs,39,Australia,8/14/2013
201,India,England,311,119,runs,192,India,6/11/2013
968,India,South Africa,214,68,runs,146,India,9/21/2007
564,West Indies,England,21,263,wickets,1,England,6/28/2010
616,England,Pakistan,272,285,wickets,4,Pakistan,7/8/2012
921,Australia,India,302,132,runs,170,Australia,5/28/2015
504,Pakistan,Pakistan,21,314,wickets,10,Pakistan,8/17/2006
175,South Africa,West Indies,208,17,runs,191,South Africa,9/5/2007
962,West Indies,Australia,100,68,runs,32,West Indies,9/22/2011
360,Zimbabwe,India,24,20,runs,4,Zimbabwe,7/22/2011
50,Zimbabwe,Pakistan,332,214,runs,118,Zimbabwe,7/22/2006
227,Pakistan,Pakistan,143,235,wickets,8,Pakistan,10/3/2006
707,Bangladesh,Australia,233,328,wickets,2,Australia,9/7/2011
82,South Africa,Bangladesh,151,142,runs,9,South Africa,2/22/2015
21,Bangladesh,Australia,282,96,runs,186,Bangladesh,6/6/2012
926,Sri Lanka,England,20,38,wickets,6,England,5/11/2008
803,Bangladesh,Zimbabwe,297,273,runs,24,Bangladesh,12/3/2013
116,South Africa,Pakistan,267,283,wickets,1,Pakistan,9/27/2013
364,Zimbabwe,Australia,54,274,wickets,3,Australia,12/20/2015
664,West Indies,Australia,180,103,runs,77,West Indies,12/1/2014
416,India,South Africa,290,176,runs,114,India,11/17/2010
510,Sri Lanka,Australia,248,126,runs,122,Sri Lanka,6/20/2015
327,India,Sri Lanka,87,176,wickets,5,Sri Lanka,8/7/2011
329,England,South Africa,283,99,runs,184,England,9/8/2010
751,Zimbabwe,Zimbabwe,71,277,wickets,8,Zimbabwe,7/22/2007
603,West Indies,West Indies,311,279,runs,32,West Indies,3/14/2007
618,Sri Lanka,England,271,25,runs,246,Sri Lanka,2/19/2012
252,India,Australia,249,183,runs,66,India,6/10/2006
241,Australia,Pakistan,126,201,wickets,4,Pakistan,10/16/2006
207,South Africa,Zimbabwe,309,86,runs,223,South Africa,10/4/2013
902,West Indies,West Indies,200,10,runs,190,West Indies,2/7/2012
240,West Indies,Sri Lanka,273,229,runs,44,West Indies,2/24/2013
729,Zimbabwe,Australia,327,109,runs,218,Zimbabwe,4/23/2008
464,Australia,Zimbabwe,67,132,wickets,2,Zimbabwe,7/9/2006
894,Australia,Sri Lanka,305,167,runs,138,Australia,12/5/2009
409,India,West Indies,70,215,wickets,3,West Indies,12/10/2006
471,West Indies,Bangladesh,149,7,runs,142,West Indies,6/12/2011
639,Sri Lanka,South Africa,264,207,runs,57,Sri Lanka,7/4/2014
574,Zimbabwe,Sri Lanka,153,139,runs,14,Zimbabwe,2/11/2006
617,Pakistan,West Indies,282,35,runs,247,Pakistan,6/16/2009
293,India,Pakistan,219,334,wickets,5,Pakistan,6/18/2006
850,Sri Lanka,Pakistan,4,288,wickets,9,Pakistan,9/27/2015
791,England,Zimbabwe,235,270,wickets,10,Zimbabwe,9/26/2013
748,Pakistan,Bangladesh,15,110,wickets,8,Bangladesh,4/10/2010
119,Sri Lanka,West Indies,152,61,runs,91,Sri Lanka,6/15/2008
239,Australia,England,40,6,runs,34,Australia,2/14/2009
180,Bangladesh,West Indies,247,52,runs,195,Bangladesh,4/16/2008
303,Australia,West Indies,178,78,runs,100,Australia,4/8/2009
871,South Africa,South Africa,267,178,runs,89,South Africa,8/23/2006
646,Australia,England,5,228,wickets,5,England,4/17/2015
99,Bangladesh,West Indies,224,121,runs,103,Bangladesh,7/19/2012
523,England,Australia,107,267,wickets,5,Australia,8/23/2011
716,Pakistan,Zimbabwe,77,273,wickets,3,Zimbabwe,5/5/2013
258,Sri Lanka,India,279,245,runs,34,Sri Lanka,12/25/2011
642,Zimbabwe,Sri Lanka,164,45,runs,119,Zimbabwe,11/16/2006
513,India,India,103,132,wickets,1,India,11/11/2012
49,Zimbabwe,West Indies,259,22,runs,237,Zimbabwe,1/2/2009
89,Zimbabwe,Australia,163,294,wickets,7,Australia,2/25/2008
706,England,South Africa,328,239,runs,89,England,2/4/2007
270,South Africa,Sri Lanka,251,119,runs,132,South Africa,8/18/2015
45,West Indies,Australia,248,199,runs,49,West Indies,10/9/2006
325,Pakistan,India,37,65,wickets,3,India,11/13/2008
657,Pakistan,Australia,293,133,runs,160,Pakistan,10/17/2012
343,South Africa,West Indies,350,105,runs,245,South Africa,1/8/2007
883,Pakistan,South Africa,332,237,runs,95,Pakistan,11/26/2008
878,Bangladesh,Pakistan,204,316,wickets,8,Pakistan,5/7/2007
163,Pakistan,Zimbabwe,237,122,runs,115,Pakistan,1/5/2011
70,India,Zimbabwe,40,157,wickets,9,Zimbabwe,8/15/2012
235,South Africa,Australia,251,313,wickets,6,Australia,9/27/2012
873,Pakistan,South Africa,52,165,wickets,9,South Africa,8/23/2006
891,Sri Lanka,South Africa,60,277,wickets,5,South Africa,5/18/2013
650,Pakistan,Bangladesh,4,252,wickets,8,Bangladesh,4/13/2011
284,India,Pakistan,338,80,runs,258,India,2/8/2015
536,Pakistan,Zimbabwe,85,284,wickets,8,Zimbabwe,3/8/2008
947,Australia,Zimbabwe,277,3,runs,274,Australia,7/10/2008
372,England,Zimbabwe,136,319,wickets,4,Zimbabwe,1/11/2012
892,Zimbabwe,Zimbabwe,176,77,runs,99,Zimbabwe,3/19/2014
154,India,Australia,236,119,runs,117,India,4/22/2010
347,Zimbabwe,England,72,10,runs,62,Zimbabwe,3/22/2006
289,England,Sri Lanka,244,187,runs,57,England,8/20/2007
858,Sri Lanka,Pakistan,19,46,wickets,5,Pakistan,10/6/2008
576,Zimbabwe,Bangladesh,241,286,wickets,4,Bangladesh,10/22/2009
386,South Africa,Sri Lanka,317,169,runs,148,South Africa,7/16/2011
684,Australia,England,214,137,runs,77,Australia,9/17/2012
529,England,Zimbabwe,319,122,runs,197,England,1/28/2009
823,South Africa,Zimbabwe,136,198,wickets,3,Zimbabwe,3/8/2011
797,Sri Lanka,England,219,256,wickets,6,England,11/17/2010
672,Pakistan,Bangladesh,22,266,wickets,7,Bangladesh,9/13/2013
499,Pakistan,Bangladesh,335,52,runs,283,Pakistan,11/9/2013
837,Bangladesh,Bangladesh,26,275,wickets,2,Bangladesh,6/4/2012
167,Bangladesh,Zimbabwe,95,64,runs,31,Bangladesh,8/2/2013
889,Zimbabwe,South Africa,32,184,wickets,8,South Africa,11/24/2012
350,South Africa,Bangladesh,174,277,wickets,3,Bangladesh,1/18/2012
113,Pakistan,Zimbabwe,235,313,wickets,4,Zimbabwe,8/25/2014
807,Bangladesh,England,249,185,runs,64,Bangladesh,10/19/2007
673,West Indies,Zimbabwe,323,137,runs,186,West Indies,9/11/2015
454,India,Pakistan,2,130,wickets,6,Pakistan,11/26/2007
470,England,Pakistan,12,294,wickets,5,Pakistan,1/15/2008
341,South Africa,Zimbabwe,31,306,wickets,10,Zimbabwe,2/7/2014
643,South Africa,South Africa,27,52,wickets,3,South Africa,6/15/2013
273,Sri Lanka,Bangladesh,37,30,runs,7,Sri Lanka,11/11/2009
375,Bangladesh,West Indies,74,266,wickets,1,West Indies,10/4/2013
60,Zimbabwe,Australia,71,327,wickets,6,Australia,5/15/2012
595,Zimbabwe,England,247,273,wickets,6,England,5/15/2011
433,Zimbabwe,England,276,78,runs,198,Zimbabwe,2/2/2008
264,England,Pakistan,221,117,runs,104,England,11/28/2008
317,Bangladesh,England,67,235,wickets,2,England,3/5/2007
778,England,Zimbabwe,322,69,runs,253,England,2/16/2011
112,South Africa,Australia,171,148,runs,23,South Africa,8/19/2011
733,Australia,India,272,228,runs,44,Australia,9/8/2015
667,Bangladesh,Sri Lanka,250,60,runs,190,Bangladesh,5/18/2012
794,India,Zimbabwe,24,16,runs,8,India,11/24/2015
249,West Indies,Pakistan,104,202,wickets,10,Pakistan,9/20/2006
324,Zimbabwe,India,65,259,wickets,4,India,10/7/2009
1000,West Indies,India,223,141,runs,82,West Indies,1/19/2009
809,South Africa,Pakistan,61,120,wickets,6,Pakistan,3/2/2011
413,South Africa,India,195,298,wickets,7,India,6/1/2012
977,England,West Indies,84,83,runs,1,England,3/18/2007
300,Zimbabwe,South Africa,285,252,runs,33,Zimbabwe,1/25/2007
275,Zimbabwe,West Indies,170,311,wickets,5,West Indies,3/3/2015
218,India,Australia,278,241,runs,37,India,9/22/2013
864,West Indies,Bangladesh,39,321,wickets,8,Bangladesh,9/11/2010
319,England,Sri Lanka,107,71,runs,36,England,8/11/2010
236,South Africa,Bangladesh,338,190,runs,148,South Africa,3/25/2012
530,Zimbabwe,Bangladesh,319,130,runs,189,Zimbabwe,3/13/2015
562,Zimbabwe,Sri Lanka,195,70,runs,125,Zimbabwe,9/17/2007
209,West Indies,Zimbabwe,280,164,runs,116,West Indies,2/19/2007
995,Australia,England,73,236,wickets,4,England,6/5/2010
44,England,West Indies,343,43,runs,300,England,8/17/2008
268,Australia,Zimbabwe,131,230,wickets,2,Zimbabwe,10/10/2011
75,South Africa,England,183,280,wickets,5,England,11/12/2010
117,Zimbabwe,West Indies,32,277,wickets,10,West Indies,5/12/2009
336,Australia,Zimbabwe,171,218,wickets,7,Zimbabwe,4/3/2007
497,South Africa,West Indies,128,288,wickets,1,West Indies,1/28/2013
78,Pakistan,Bangladesh,312,91,runs,221,Pakistan,10/7/2014
677,West Indies,Sri Lanka,131,174,wickets,8,Sri Lanka,11/16/2007
226,West Indies,West Indies,44,326,wickets,10,West Indies,8/14/2013
318,India,Zimbabwe,229,96,runs,133,India,1/12/2009
402,England,Bangladesh,265,345,wickets,6,Bangladesh,9/3/2008
81,India,India,80,94,wickets,8,India,9/3/2008
569,India,Zimbabwe,164,39,runs,125,India,4/7/2013
899,Zimbabwe,England,9,300,wickets,10,England,10/15/2010
290,Sri Lanka,South Africa,264,66,runs,198,Sri Lanka,4/19/2009
294,India,Zimbabwe,196,238,wickets,4,Zimbabwe,8/20/2010
36,Australia,Bangladesh,308,267,runs,41,Australia,1/8/2011
2,England,Sri Lanka,78,14,runs,64,England,10/14/2015
192,Bangladesh,India,184,202,wickets,1,India,3/16/2013
505,India,Pakistan,98,337,wickets,10,Pakistan,8/2/2015
302,South Africa,West Indies,55,44,runs,11,South Africa,3/14/2011
571,Australia,Bangladesh,186,234,wickets,8,Bangladesh,12/20/2015
76,India,Pakistan,160,11,runs,149,India,9/6/2014
771,Bangladesh,India,80,159,wickets,6,India,5/17/2011
527,England,South Africa,5,142,wickets,10,South Africa,7/14/2008
750,Sri Lanka,England,288,189,runs,99,Sri Lanka,5/13/2013
753,India,Zimbabwe,47,10,runs,37,India,8/9/2007
539,Bangladesh,Pakistan,319,212,runs,107,Bangladesh,11/14/2008
9,Australia,South Africa,328,79,runs,249,Australia,2/26/2012
578,Australia,Sri Lanka,35,151,wickets,5,Sri Lanka,12/22/2007
712,India,India,166,230,wickets,8,India,9/1/2015
655,India,England,301,47,runs,254,India,12/21/2010
846,England,West Indies,23,2,runs,21,England,12/9/2008
934,Bangladesh,South Africa,241,75,runs,166,Bangladesh,4/15/2015
274,South Africa,England,234,17,runs,217,South Africa,11/18/2007
918,South Africa,Australia,93,349,wickets,3,Australia,10/5/2011
638,Pakistan,Pakistan,50,239,wickets,7,Pakistan,6/12/2009
760,England,South Africa,344,244,runs,100,England,12/10/2014
804,Australia,England,253,208,runs,45,Australia,7/3/2011
145,West Indies,Pakistan,183,46,runs,137,West Indies,3/9/2015
219,West Indies,Pakistan,125,142,wickets,7,Pakistan,6/6/2013
710,Pakistan,South Africa,186,225,wickets,10,South Africa,9/2/2015
412,Zimbabwe,West Indies,48,43,runs,5,Zimbabwe,9/13/2007
465,Australia,Zimbabwe,78,297,wickets,5,Zimbabwe,4/28/2014
647,Pakistan,Bangladesh,304,21,runs,283,Pakistan,5/2/2008
654,South Africa,India,156,166,wickets,1,India,12/5/2009
931,Pakistan,India,5,198,wickets,3,India,1/28/2015
458,England,Australia,336,166,runs,170,England,1/26/2015
890,Sri Lanka,Pakistan,286,142,runs,144,Sri Lanka,2/6/2012
542,West Indies,Zimbabwe,176,266,wickets,3,Zimbabwe,6/25/2015
766,England,Bangladesh,199,124,runs,75,England,3/20/2007
427,England,India,14,335,wickets,5,India,2/7/2009
453,Sri Lanka,England,194,179,runs,15,Sri Lanka,1/27/2012
400,England,Sri Lanka,103,25,runs,78,England,1/17/2015
960,West Indies,South Africa,215,223,wickets,7,South Africa,7/13/2011
522,Australia,Bangladesh,189,247,wickets,6,Bangladesh,12/13/2012
139,Pakistan,Sri Lanka,159,19,runs,140,Pakistan,10/17/2015
627,Pakistan,Australia,296,280,runs,16,Pakistan,2/8/2006
950,Zimbabwe,Sri Lanka,174,8,runs,166,Zimbabwe,6/5/2006
645,England,Bangladesh,341,321,runs,20,England,8/13/2011
515,Pakistan,Zimbabwe,40,283,wickets,3,Zimbabwe,4/18/2014
63,West Indies,Australia,164,122,runs,42,West Indies,4/14/2006
665,Sri Lanka,Sri Lanka,134,205,wickets,10,Sri Lanka,8/28/2013
768,Sri Lanka,West Indies,52,33,runs,19,Sri Lanka,2/12/2011
64,Sri Lanka,Pakistan,129,126,runs,3,Sri Lanka,5/22/2007
442,Sri Lanka,Bangladesh,308,175,runs,133,Sri Lanka,2/23/2010
787,Pakistan,Sri Lanka,166,124,runs,42,Pakistan,4/22/2006
669,South Africa,Pakistan,287,147,runs,140,South Africa,4/15/2006
626,England,Bangladesh,128,85,runs,43,England,10/28/2015
997,England,Zimbabwe,189,47,runs,142,England,2/6/2014
671,Zimbabwe,England,37,333,wickets,2,England,4/20/2013
679,Zimbabwe,West Indies,336,11,runs,325,Zimbabwe,8/21/2012
334,Pakistan,India,237,269,wickets,9,India,9/12/2012
992,West Indies,Australia,189,113,runs,76,West Indies,10/17/2013
205,South Africa,Pakistan,106,28,runs,78,South Africa,4/5/2015
449,Pakistan,Australia,338,35,runs,303,Pakistan,4/22/2006
486,India,India,233,88,runs,145,India,4/25/2012
374,Sri Lanka,South Africa,175,253,wickets,7,South Africa,11/4/2009
856,West Indies,Sri Lanka,308,326,wickets,3,Sri Lanka,6/6/2015
981,West Indies,Sri Lanka,158,89,runs,69,West Indies,11/28/2008
747,Sri Lanka,Zimbabwe,329,343,wickets,1,Zimbabwe,7/13/2010
40,Zimbabwe,West Indies,55,59,wickets,8,West Indies,9/18/2014
722,South Africa,England,205,202,runs,3,South Africa,3/16/2014
697,Zimbabwe,Australia,340,278,runs,62,Zimbabwe,1/5/2013
936,Australia,India,250,230,runs,20,Australia,8/25/2011
584,India,Bangladesh,210,21,runs,189,India,4/3/2014
195,South Africa,Bangladesh,113,270,wickets,7,Bangladesh,3/20/2014
216,India,Sri Lanka,348,41,runs,307,India,1/18/2011
450,South Africa,Zimbabwe,304,170,runs,134,South Africa,2/27/2009
826,West Indies,Sri Lanka,313,82,runs,231,West Indies,3/3/2014
909,England,Zimbabwe,26,242,wickets,2,Zimbabwe,1/13/2008
496,Sri Lanka,Sri Lanka,252,77,runs,175,Sri Lanka,3/21/2008
923,South Africa,India,349,66,runs,283,South Africa,12/13/2006
476,Bangladesh,West Indies,193,57,runs,136,Bangladesh,6/28/2014
73,Australia,Pakistan,30,207,wickets,7,Pakistan,12/16/2015
478,Sri Lanka,Zimbabwe,346,308,runs,38,Sri Lanka,11/8/2014
845,Zimbabwe,India,109,276,wickets,8,India,7/19/2011
42,Pakistan,West Indies,291,14,runs,277,Pakistan,4/8/2014
191,England,Sri Lanka,52,123,wickets,7,Sri Lanka,7/10/2015
32,Pakistan,Australia,12,138,wickets,9,Australia,11/5/2012
731,Bangladesh,Australia,176,138,runs,38,Bangladesh,3/5/2014
170,Zimbabwe,Australia,111,134,wickets,7,Australia,6/25/2007
581,West Indies,Australia,100,8,runs,92,West Indies,8/2/2010
651,West Indies,Australia,279,312,wickets,1,Australia,3/4/2014
602,Australia,England,221,267,wickets,10,England,11/6/2014
755,Bangladesh,Australia,212,213,wickets,3,Australia,9/26/2009
953,Australia,South Africa,92,235,wickets,6,South Africa,8/16/2007
719,South Africa,Australia,175,329,wickets,6,Australia,7/20/2006
662,South Africa,Bangladesh,342,51,runs,291,South Africa,7/17/2007
935,England,West Indies,93,323,wickets,9,West Indies,5/12/2013
827,Pakistan,England,243,24,runs,219,Pakistan,9/8/2009
187,Pakistan,West Indies,54,148,wickets,7,West Indies,6/20/2008
316,Pakistan,Sri Lanka,42,195,wickets,2,Sri Lanka,11/22/2012
592,West Indies,Sri Lanka,87,292,wickets,6,Sri Lanka,8/11/2010
335,South Africa,Bangladesh,209,26,runs,183,South Africa,5/9/2013
41,India,West Indies,133,327,wickets,4,West Indies,7/27/2012
544,Australia,Zimbabwe,15,62,wickets,10,Zimbabwe,9/12/2007
407,India,Australia,195,306,wickets,4,Australia,1/20/2006
593,India,West Indies,309,328,wickets,5,West Indies,11/5/2007
24,India,South Africa,201,345,wickets,1,South Africa,2/2/2007
108,Sri Lanka,South Africa,21,119,wickets,1,South Africa,5/25/2011
251,India,Pakistan,66,331,wickets,10,Pakistan,9/15/2009
930,South Africa,Pakistan,78,299,wickets,4,Pakistan,1/12/2007
689,West Indies,Zimbabwe,347,258,runs,89,West Indies,6/14/2011
20,India,Australia,30,160,wickets,9,Australia,9/28/2012
138,England,Sri Lanka,90,242,wickets,8,Sri Lanka,10/1/2012
101,Pakistan,Bangladesh,91,198,wickets,8,Bangladesh,9/7/2006
161,Zimbabwe,Sri Lanka,223,10,runs,213,Zimbabwe,10/3/2014
971,Zimbabwe,Zimbabwe,248,298,wickets,6,Zimbabwe,3/9/2011
996,England,England,249,299,wickets,9,England,7/7/2006
812,Sri Lanka,West Indies,11,318,wickets,7,West Indies,9/9/2008
905,India,Pakistan,166,128,runs,38,India,1/18/2015
754,Pakistan,Zimbabwe,177,234,wickets,5,Zimbabwe,2/4/2015
98,Zimbabwe,Sri Lanka,158,79,runs,79,Zimbabwe,7/3/2008
888,Australia,South Africa,27,66,wickets,7,South Africa,6/14/2009
263,Zimbabwe,Pakistan,153,230,wickets,10,Pakistan,2/6/2015
681,Zimbabwe,Pakistan,96,42,runs,54,Zimbabwe,10/10/2010
906,Bangladesh,Bangladesh,52,342,wickets,2,Bangladesh,5/1/2007
698,Australia,West Indies,323,152,runs,171,Australia,6/21/2007
91,India,Pakistan,37,163,wickets,5,Pakistan,10/26/2009
254,Pakistan,South Africa,111,208,wickets,6,South Africa,1/3/2014
233,South Africa,India,207,4,runs,203,South Africa,6/10/2015
74,India,Australia,214,195,runs,19,India,12/7/2011
314,Pakistan,India,36,130,wickets,7,India,11/9/2008
540,Pakistan,Zimbabwe,8,228,wickets,9,Zimbabwe,2/4/2014
781,South Africa,England,70,41,runs,29,South Africa,7/17/2011
792,South Africa,Sri Lanka,27,92,wickets,2,Sri Lanka,6/27/2012
43,India,South Africa,86,316,wickets,1,South Africa,8/12/2013
405,Sri Lanka,India,151,339,wickets,3,India,1/14/2007
253,India,Pakistan,232,66,runs,166,India,4/5/2013
739,Australia,India,222,52,runs,170,Australia,11/10/2009
196,Zimbabwe,England,44,112,wickets,10,England,7/16/2012
570,Australia,Australia,147,292,wickets,7,Australia,3/12/2015
436,England,Sri Lanka,280,187,runs,93,England,10/23/2008
198,Pakistan,Australia,172,268,wickets,4,Australia,9/17/2013
122,West Indies,Bangladesh,149,325,wickets,9,Bangladesh,1/5/2010
68,England,Pakistan,51,257,wickets,9,Pakistan,7/7/2009
308,Sri Lanka,Pakistan,223,42,runs,181,Sri Lanka,6/3/2008
132,Zimbabwe,Australia,220,172,runs,48,Zimbabwe,1/1/2013
243,West Indies,Pakistan,102,311,wickets,6,Pakistan,3/7/2011
556,Bangladesh,Australia,38,99,wickets,5,Australia,5/27/2009
829,Bangladesh,India,167,320,wickets,6,India,9/1/2010
298,West Indies,Australia,54,287,wickets,5,Australia,5/25/2009
599,West Indies,West Indies,241,71,runs,170,West Indies,10/11/2010
588,Australia,Zimbabwe,160,322,wickets,5,Zimbabwe,10/6/2013
974,England,West Indies,336,301,runs,35,England,10/21/2013
939,Bangladesh,Bangladesh,315,320,wickets,7,Bangladesh,5/12/2010
842,Pakistan,Sri Lanka,85,260,wickets,2,Sri Lanka,9/7/2014
725,Pakistan,Australia,236,314,wickets,8,Australia,5/28/2011
16,Bangladesh,West Indies,272,296,wickets,9,West Indies,5/26/2013
761,England,Pakistan,333,329,runs,4,England,3/19/2006
346,India,Sri Lanka,69,228,wickets,1,Sri Lanka,11/2/2007
153,Pakistan,West Indies,237,272,wickets,3,West Indies,9/2/2012
963,Zimbabwe,Bangladesh,248,67,runs,181,Zimbabwe,1/8/2015
721,West Indies,West Indies,151,189,wickets,10,West Indies,12/19/2006
52,Bangladesh,India,206,115,runs,91,Bangladesh,10/19/2006
313,Sri Lanka,Australia,107,181,wickets,4,Australia,2/20/2013
986,Zimbabwe,Sri Lanka,174,161,runs,13,Zimbabwe,11/15/2006
622,Pakistan,Sri Lanka,343,204,runs,139,Pakistan,2/18/2009
387,Zimbabwe,South Africa,136,163,wickets,5,South Africa,3/20/2007
659,Australia,South Africa,258,317,wickets,2,South Africa,2/26/2014
88,England,Bangladesh,206,305,wickets,2,Bangladesh,1/27/2014
399,India,Pakistan,159,302,wickets,1,Pakistan,5/15/2014
444,Australia,Pakistan,108,289,wickets,1,Pakistan,10/23/2014
352,Australia,Sri Lanka,122,264,wickets,9,Sri Lanka,6/26/2010
795,India,Australia,233,29,runs,204,India,10/13/2013
865,England,Sri Lanka,172,269,wickets,6,Sri Lanka,11/14/2014
949,Sri Lanka,Pakistan,69,46,runs,23,Sri Lanka,7/1/2009
954,South Africa,Australia,259,147,runs,112,South Africa,4/8/2009
366,West Indies,West Indies,333,14,runs,319,West Indies,11/25/2007
200,Sri Lanka,Pakistan,77,178,wickets,9,Pakistan,8/19/2009
900,Pakistan,South Africa,105,225,wickets,9,South Africa,11/15/2009
423,Bangladesh,India,303,305,wickets,9,India,7/23/2007
160,England,Pakistan,123,81,runs,42,England,2/14/2006
782,England,Bangladesh,204,276,wickets,1,Bangladesh,7/23/2007
406,England,Zimbabwe,290,103,runs,187,England,3/8/2014
312,South Africa,West Indies,187,80,runs,107,South Africa,9/28/2011
538,Pakistan,Bangladesh,243,317,wickets,10,Bangladesh,3/9/2011
636,Bangladesh,India,177,62,runs,115,Bangladesh,12/22/2013
612,Sri Lanka,England,192,189,runs,3,Sri Lanka,9/23/2010
786,India,West Indies,89,295,wickets,9,West Indies,5/11/2010
957,Australia,Pakistan,107,300,wickets,6,Pakistan,6/9/2006
410,Bangladesh,Zimbabwe,241,83,runs,158,Bangladesh,10/21/2007
144,West Indies,Sri Lanka,69,160,wickets,1,Sri Lanka,5/8/2011
601,Zimbabwe,Pakistan,242,101,runs,141,Zimbabwe,2/18/2013
776,Pakistan,England,49,315,wickets,4,England,3/26/2015
972,India,South Africa,78,52,runs,26,India,5/9/2007
714,England,England,298,278,runs,20,England,8/12/2007
780,West Indies,England,268,177,runs,91,West Indies,12/25/2012
100,Australia,Sri Lanka,45,225,wickets,6,Sri Lanka,9/11/2015
490,West Indies,Bangladesh,241,123,runs,118,West Indies,12/1/2010
435,India,Pakistan,282,328,wickets,6,Pakistan,11/19/2008
5,Bangladesh,Bangladesh,333,317,runs,16,Bangladesh,6/16/2013
621,Zimbabwe,India,299,31,runs,268,Zimbabwe,11/4/2015
109,England,India,113,42,runs,71,England,10/6/2011
762,India,Australia,277,148,runs,129,India,9/3/2009
55,West Indies,Pakistan,143,210,wickets,10,Pakistan,3/27/2007
62,Sri Lanka,Zimbabwe,350,169,runs,181,Sri Lanka,11/21/2011
115,South Africa,Bangladesh,209,73,runs,136,South Africa,11/8/2012
391,Pakistan,Bangladesh,35,228,wickets,2,Bangladesh,10/10/2015
548,Zimbabwe,Zimbabwe,108,93,runs,15,Zimbabwe,11/15/2012
802,Bangladesh,West Indies,47,294,wickets,8,West Indies,12/21/2006
815,Pakistan,India,13,228,wickets,10,India,10/20/2015
979,West Indies,Pakistan,196,329,wickets,9,Pakistan,4/13/2007
8,Bangladesh,Sri Lanka,127,33,runs,94,Bangladesh,7/13/2013
605,Bangladesh,Sri Lanka,61,56,runs,5,Bangladesh,12/1/2009
872,India,South Africa,27,44,wickets,3,South Africa,8/8/2010
583,Bangladesh,Zimbabwe,82,313,wickets,2,Zimbabwe,4/6/2012
384,Sri Lanka,Pakistan,220,191,runs,29,Sri Lanka,1/9/2011
632,India,Sri Lanka,25,75,wickets,5,Sri Lanka,2/7/2015
377,India,Pakistan,250,119,runs,131,India,8/21/2006
487,Pakistan,India,266,264,runs,2,Pakistan,10/9/2015
297,Sri Lanka,Sri Lanka,36,146,wickets,3,Sri Lanka,3/26/2010
439,West Indies,Bangladesh,42,99,wickets,1,Bangladesh,5/7/2007
758,Australia,Pakistan,217,104,runs,113,Australia,11/25/2011
261,England,India,114,332,wickets,3,India,7/25/2009
625,India,Bangladesh,11,269,wickets,6,Bangladesh,10/1/2006
696,Pakistan,India,130,271,wickets,8,India,12/16/2015
675,South Africa,Zimbabwe,301,99,runs,202,South Africa,3/19/2012
276,Zimbabwe,England,9,262,wickets,1,England,1/8/2010
623,Bangladesh,Pakistan,220,25,runs,195,Bangladesh,8/11/2007
425,South Africa,India,266,239,runs,27,South Africa,7/27/2008
305,Sri Lanka,Bangladesh,230,279,wickets,6,Bangladesh,5/26/2013
397,Sri Lanka,Sri Lanka,228,224,runs,4,Sri Lanka,3/8/2010
790,West Indies,Zimbabwe,299,120,runs,179,West Indies,6/20/2006
365,England,Australia,329,162,runs,167,England,2/6/2012
912,Bangladesh,South Africa,175,42,runs,133,Bangladesh,12/11/2015
120,England,West Indies,300,65,runs,235,England,8/25/2015
516,India,Pakistan,336,248,runs,88,India,12/11/2012
783,Australia,India,236,176,runs,60,Australia,11/26/2011
438,Bangladesh,West Indies,254,200,runs,54,Bangladesh,9/10/2008
282,Bangladesh,Australia,243,30,runs,213,Bangladesh,7/18/2012
969,Pakistan,Sri Lanka,187,20,runs,167,Pakistan,4/27/2010
821,India,Sri Lanka,43,49,wickets,5,Sri Lanka,10/22/2009
757,Bangladesh,Sri Lanka,306,265,runs,41,Bangladesh,8/17/2015
380,Sri Lanka,England,296,222,runs,74,Sri Lanka,11/4/2006
922,South Africa,Bangladesh,50,17,runs,33,South Africa,10/22/2009
58,Bangladesh,Bangladesh,167,101,runs,66,Bangladesh,11/11/2011
190,Bangladesh,Sri Lanka,297,314,wickets,2,Sri Lanka,3/26/2013
474,Bangladesh,India,328,297,runs,31,Bangladesh,8/13/2014
759,Bangladesh,South Africa,298,1,runs,297,Bangladesh,11/6/2011
211,India,South Africa,8,217,wickets,9,South Africa,7/15/2009
582,Zimbabwe,England,293,34,runs,259,Zimbabwe,9/28/2006
819,Pakistan,Zimbabwe,104,231,wickets,6,Zimbabwe,8/4/2007
457,India,Bangladesh,81,336,wickets,8,Bangladesh,2/5/2014
579,Zimbabwe,Zimbabwe,290,10,runs,280,Zimbabwe,2/15/2010
813,West Indies,West Indies,161,260,wickets,3,West Indies,12/18/2010
415,England,West Indies,68,91,wickets,10,West Indies,7/8/2007
948,India,Zimbabwe,37,136,wickets,10,Zimbabwe,5/10/2010
311,Bangladesh,Zimbabwe,139,132,runs,7,Bangladesh,3/23/2007
326,West Indies,Australia,35,285,wickets,5,Australia,11/5/2015
985,Bangladesh,South Africa,300,140,runs,160,Bangladesh,7/15/2011
991,West Indies,England,45,107,wickets,3,England,4/5/2006
128,Zimbabwe,Sri Lanka,103,37,runs,66,Zimbabwe,2/26/2009
699,Sri Lanka,Bangladesh,318,131,runs,187,Sri Lanka,12/8/2015
266,Australia,Pakistan,331,186,runs,145,Australia,3/22/2012
337,England,South Africa,232,204,runs,28,England,9/4/2009
48,Sri Lanka,Bangladesh,57,163,wickets,7,Bangladesh,12/15/2010
633,Sri Lanka,Pakistan,2,34,wickets,6,Pakistan,7/21/2006
724,West Indies,Sri Lanka,79,345,wickets,5,Sri Lanka,9/2/2008
777,West Indies,West Indies,68,312,wickets,3,West Indies,8/9/2013
884,West Indies,England,200,327,wickets,3,England,6/3/2008
628,Sri Lanka,Zimbabwe,122,325,wickets,9,Zimbabwe,12/4/2013
614,India,West Indies,323,32,runs,291,India,2/23/2009
430,Bangladesh,India,172,176,wickets,9,India,11/10/2008
554,Pakistan,Australia,213,79,runs,134,Pakistan,3/12/2011
942,Zimbabwe,Australia,91,154,wickets,4,Australia,2/3/2008
532,West Indies,Zimbabwe,274,199,runs,75,West Indies,6/18/2008
424,Pakistan,Australia,300,243,runs,57,Pakistan,9/22/2011
631,England,South Africa,98,253,wickets,8,South Africa,10/10/2006
39,England,Pakistan,286,120,runs,166,England,9/4/2013
919,India,South Africa,35,141,wickets,6,South Africa,2/4/2014
193,Australia,India,194,133,runs,61,Australia,7/22/2010
186,Sri Lanka,Zimbabwe,342,232,runs,110,Sri Lanka,12/25/2010
521,India,Bangladesh,273,63,runs,210,India,7/17/2007
685,South Africa,South Africa,84,6,runs,78,South Africa,7/5/2008
764,India,Bangladesh,208,201,runs,7,India,6/17/2009
286,Zimbabwe,South Africa,36,5,runs,31,Zimbabwe,1/4/2014
133,Bangladesh,Australia,58,271,wickets,5,Australia,12/15/2014
203,Zimbabwe,Pakistan,263,204,runs,59,Zimbabwe,5/16/2013
383,South Africa,South Africa,219,265,wickets,8,South Africa,3/15/2009
596,Pakistan,South Africa,1,324,wickets,6,South Africa,3/1/2015
822,Sri Lanka,India,71,55,runs,16,Sri Lanka,3/13/2013
695,England,Sri Lanka,347,290,runs,57,England,12/9/2012
47,Bangladesh,West Indies,243,65,runs,178,Bangladesh,4/20/2015
917,Pakistan,Pakistan,244,176,runs,68,Pakistan,2/18/2007
28,England,Zimbabwe,8,140,wickets,9,Zimbabwe,10/15/2009
674,England,South Africa,300,198,runs,102,England,1/5/2009
462,Zimbabwe,England,98,133,wickets,3,England,7/26/2014
589,Zimbabwe,Pakistan,188,69,runs,119,Zimbabwe,9/2/2015
769,India,England,207,250,wickets,6,England,3/21/2010
590,Australia,Bangladesh,315,39,runs,276,Australia,1/19/2006
66,South Africa,South Africa,123,25,runs,98,South Africa,3/11/2012
818,Sri Lanka,England,347,130,runs,217,Sri Lanka,3/10/2007
558,Bangladesh,West Indies,310,23,runs,287,Bangladesh,7/2/2007
619,Australia,Pakistan,278,250,runs,28,Australia,6/7/2008
467,England,Sri Lanka,8,250,wickets,7,Sri Lanka,6/15/2011
244,Pakistan,Australia,231,167,runs,64,Pakistan,3/17/2010
820,India,Pakistan,236,94,runs,142,India,1/25/2013
278,Australia,Australia,218,248,wickets,1,Australia,2/8/2008
59,India,Zimbabwe,15,91,wickets,2,Zimbabwe,10/8/2010
658,India,South Africa,248,3,runs,245,India,8/16/2011
545,Sri Lanka,India,297,3,runs,294,Sri Lanka,2/25/2012
956,Sri Lanka,India,65,251,wickets,6,India,10/11/2013
607,England,Sri Lanka,198,31,runs,167,England,2/15/2010
137,Sri Lanka,India,262,148,runs,114,Sri Lanka,9/4/2013
773,Pakistan,Sri Lanka,258,125,runs,133,Pakistan,2/27/2007
369,England,England,284,91,runs,193,England,5/13/2010
147,Australia,India,345,130,runs,215,Australia,10/26/2008
485,India,Sri Lanka,107,245,wickets,9,Sri Lanka,1/9/2009
887,South Africa,Australia,148,278,wickets,10,Australia,12/16/2011
114,South Africa,South Africa,22,100,wickets,8,South Africa,11/28/2010
288,South Africa,Australia,293,190,runs,103,South Africa,4/7/2012
915,India,Pakistan,240,75,runs,165,India,2/27/2010
488,Australia,Australia,72,289,wickets,2,Australia,1/16/2007
376,Bangladesh,West Indies,37,340,wickets,4,West Indies,12/27/2015
185,Australia,West Indies,332,132,runs,200,Australia,9/10/2010
214,Sri Lanka,Bangladesh,292,315,wickets,8,Bangladesh,9/2/2008
38,Bangladesh,Bangladesh,284,146,runs,138,Bangladesh,8/3/2014
56,India,Sri Lanka,229,4,runs,225,India,8/27/2006
483,Bangladesh,Bangladesh,98,181,wickets,10,Bangladesh,7/14/2012
941,England,India,321,80,runs,241,England,5/5/2010
940,Sri Lanka,England,309,152,runs,157,Sri Lanka,1/1/2009
271,Australia,South Africa,320,346,wickets,2,South Africa,12/4/2014
4,Sri Lanka,India,219,311,wickets,10,India,2/4/2007
508,Pakistan,South Africa,107,270,wickets,8,South Africa,9/22/2007
213,West Indies,West Indies,251,233,runs,18,West Indies,1/4/2013
181,West Indies,Sri Lanka,284,48,runs,236,West Indies,3/28/2014
514,Sri Lanka,West Indies,338,32,runs,306,Sri Lanka,10/22/2012
839,West Indies,India,325,26,runs,299,West Indies,5/23/2014
831,Australia,Sri Lanka,303,286,runs,17,Australia,11/7/2007
215,South Africa,Sri Lanka,104,125,wickets,2,Sri Lanka,11/24/2014
246,Pakistan,England,292,112,runs,180,Pakistan,8/3/2011
779,India,Bangladesh,270,76,runs,194,India,10/3/2007
690,Zimbabwe,England,310,304,runs,6,Zimbabwe,3/28/2012
586,Bangladesh,Sri Lanka,247,65,runs,182,Bangladesh,5/5/2007
212,South Africa,England,54,310,wickets,8,England,3/19/2007
801,Bangladesh,Sri Lanka,223,127,runs,96,Bangladesh,8/2/2015
259,Bangladesh,South Africa,262,143,runs,119,Bangladesh,8/23/2011
